solid frame_voltmeter
  facet normal 0.000000e+00 0.000000e+00 1.000000e+00
    outer loop
      vertex 101.2000 83.2000 4.0000
      vertex 104.7000 83.2000 4.0000
      vertex 104.7000 86.7000 4.0000
    endloop
  endfacet
  facet normal 0.000000e+00 0.000000e+00 1.000000e+00
    outer loop
      vertex 101.2000 83.2000 4.0000
      vertex 104.7000 86.7000 4.0000
      vertex 101.2000 86.7000 4.0000
    endloop
  endfacet
  facet normal 0.000000e+00 0.000000e+00 1.000000e+00
    outer loop
      vertex 104.7000 83.2000 4.0000
      vertex 150.3000 83.2000 4.0000
      vertex 150.3000 86.7000 4.0000
    endloop
  endfacet
  facet normal 0.000000e+00 0.000000e+00 1.000000e+00
    outer loop
      vertex 104.7000 83.2000 4.0000
      vertex 150.3000 86.7000 4.0000
      vertex 104.7000 86.7000 4.0000
    endloop
  endfacet
  facet normal 0.000000e+00 0.000000e+00 1.000000e+00
    outer loop
      vertex 150.3000 83.2000 4.0000
      vertex 153.8000 83.2000 4.0000
      vertex 153.8000 86.7000 4.0000
    endloop
  endfacet
  facet normal 0.000000e+00 0.000000e+00 1.000000e+00
    outer loop
      vertex 150.3000 83.2000 4.0000
      vertex 153.8000 86.7000 4.0000
      vertex 150.3000 86.7000 4.0000
    endloop
  endfacet
  facet normal 0.000000e+00 0.000000e+00 1.000000e+00
    outer loop
      vertex 101.2000 113.3000 4.0000
      vertex 104.7000 113.3000 4.0000
      vertex 104.7000 116.8000 4.0000
    endloop
  endfacet
  facet normal 0.000000e+00 0.000000e+00 1.000000e+00
    outer loop
      vertex 101.2000 113.3000 4.0000
      vertex 104.7000 116.8000 4.0000
      vertex 101.2000 116.8000 4.0000
    endloop
  endfacet
  facet normal 0.000000e+00 0.000000e+00 1.000000e+00
    outer loop
      vertex 104.7000 113.3000 4.0000
      vertex 150.3000 113.3000 4.0000
      vertex 150.3000 116.8000 4.0000
    endloop
  endfacet
  facet normal 0.000000e+00 0.000000e+00 1.000000e+00
    outer loop
      vertex 104.7000 113.3000 4.0000
      vertex 150.3000 116.8000 4.0000
      vertex 104.7000 116.8000 4.0000
    endloop
  endfacet
  facet normal 0.000000e+00 0.000000e+00 1.000000e+00
    outer loop
      vertex 150.3000 113.3000 4.0000
      vertex 153.8000 113.3000 4.0000
      vertex 153.8000 116.8000 4.0000
    endloop
  endfacet
  facet normal 0.000000e+00 0.000000e+00 1.000000e+00
    outer loop
      vertex 150.3000 113.3000 4.0000
      vertex 153.8000 116.8000 4.0000
      vertex 150.3000 116.8000 4.0000
    endloop
  endfacet
  facet normal 0.000000e+00 0.000000e+00 1.000000e+00
    outer loop
      vertex 101.2000 86.7000 4.0000
      vertex 104.7000 86.7000 4.0000
      vertex 104.7000 113.3000 4.0000
    endloop
  endfacet
  facet normal 0.000000e+00 0.000000e+00 1.000000e+00
    outer loop
      vertex 101.2000 86.7000 4.0000
      vertex 104.7000 113.3000 4.0000
      vertex 101.2000 113.3000 4.0000
    endloop
  endfacet
  facet normal 0.000000e+00 0.000000e+00 1.000000e+00
    outer loop
      vertex 150.3000 86.7000 4.0000
      vertex 153.8000 86.7000 4.0000
      vertex 153.8000 113.3000 4.0000
    endloop
  endfacet
  facet normal 0.000000e+00 0.000000e+00 1.000000e+00
    outer loop
      vertex 150.3000 86.7000 4.0000
      vertex 153.8000 113.3000 4.0000
      vertex 150.3000 113.3000 4.0000
    endloop
  endfacet
  facet normal 0.000000e+00 0.000000e+00 -1.000000e+00
    outer loop
      vertex 101.2000 83.2000 0.0000
      vertex 101.2000 86.7000 0.0000
      vertex 104.7000 86.7000 0.0000
    endloop
  endfacet
  facet normal 0.000000e+00 0.000000e+00 -1.000000e+00
    outer loop
      vertex 101.2000 83.2000 0.0000
      vertex 104.7000 86.7000 0.0000
      vertex 104.7000 83.2000 0.0000
    endloop
  endfacet
  facet normal 0.000000e+00 0.000000e+00 -1.000000e+00
    outer loop
      vertex 104.7000 83.2000 0.0000
      vertex 104.7000 86.7000 0.0000
      vertex 150.3000 86.7000 0.0000
    endloop
  endfacet
  facet normal 0.000000e+00 0.000000e+00 -1.000000e+00
    outer loop
      vertex 104.7000 83.2000 0.0000
      vertex 150.3000 86.7000 0.0000
      vertex 150.3000 83.2000 0.0000
    endloop
  endfacet
  facet normal 0.000000e+00 0.000000e+00 -1.000000e+00
    outer loop
      vertex 150.3000 83.2000 0.0000
      vertex 150.3000 86.7000 0.0000
      vertex 153.8000 86.7000 0.0000
    endloop
  endfacet
  facet normal 0.000000e+00 0.000000e+00 -1.000000e+00
    outer loop
      vertex 150.3000 83.2000 0.0000
      vertex 153.8000 86.7000 0.0000
      vertex 153.8000 83.2000 0.0000
    endloop
  endfacet
  facet normal 0.000000e+00 0.000000e+00 -1.000000e+00
    outer loop
      vertex 101.2000 113.3000 0.0000
      vertex 101.2000 116.8000 0.0000
      vertex 104.7000 116.8000 0.0000
    endloop
  endfacet
  facet normal 0.000000e+00 0.000000e+00 -1.000000e+00
    outer loop
      vertex 101.2000 113.3000 0.0000
      vertex 104.7000 116.8000 0.0000
      vertex 104.7000 113.3000 0.0000
    endloop
  endfacet
  facet normal 0.000000e+00 0.000000e+00 -1.000000e+00
    outer loop
      vertex 104.7000 113.3000 0.0000
      vertex 104.7000 116.8000 0.0000
      vertex 150.3000 116.8000 0.0000
    endloop
  endfacet
  facet normal 0.000000e+00 0.000000e+00 -1.000000e+00
    outer loop
      vertex 104.7000 113.3000 0.0000
      vertex 150.3000 116.8000 0.0000
      vertex 150.3000 113.3000 0.0000
    endloop
  endfacet
  facet normal 0.000000e+00 0.000000e+00 -1.000000e+00
    outer loop
      vertex 150.3000 113.3000 0.0000
      vertex 150.3000 116.8000 0.0000
      vertex 153.8000 116.8000 0.0000
    endloop
  endfacet
  facet normal 0.000000e+00 0.000000e+00 -1.000000e+00
    outer loop
      vertex 150.3000 113.3000 0.0000
      vertex 153.8000 116.8000 0.0000
      vertex 153.8000 113.3000 0.0000
    endloop
  endfacet
  facet normal 0.000000e+00 0.000000e+00 -1.000000e+00
    outer loop
      vertex 101.2000 86.7000 0.0000
      vertex 101.2000 113.3000 0.0000
      vertex 104.7000 113.3000 0.0000
    endloop
  endfacet
  facet normal 0.000000e+00 0.000000e+00 -1.000000e+00
    outer loop
      vertex 101.2000 86.7000 0.0000
      vertex 104.7000 113.3000 0.0000
      vertex 104.7000 86.7000 0.0000
    endloop
  endfacet
  facet normal 0.000000e+00 0.000000e+00 -1.000000e+00
    outer loop
      vertex 150.3000 86.7000 0.0000
      vertex 150.3000 113.3000 0.0000
      vertex 153.8000 113.3000 0.0000
    endloop
  endfacet
  facet normal 0.000000e+00 0.000000e+00 -1.000000e+00
    outer loop
      vertex 150.3000 86.7000 0.0000
      vertex 153.8000 113.3000 0.0000
      vertex 153.8000 86.7000 0.0000
    endloop
  endfacet
  facet normal 0.000000e+00 -1.000000e+00 0.000000e+00
    outer loop
      vertex 101.2000 83.2000 0.0000
      vertex 104.7000 83.2000 0.0000
      vertex 104.7000 83.2000 4.0000
    endloop
  endfacet
  facet normal 0.000000e+00 -1.000000e+00 0.000000e+00
    outer loop
      vertex 101.2000 83.2000 0.0000
      vertex 104.7000 83.2000 4.0000
      vertex 101.2000 83.2000 4.0000
    endloop
  endfacet
  facet normal 0.000000e+00 1.000000e+00 0.000000e+00
    outer loop
      vertex 104.7000 116.8000 0.0000
      vertex 101.2000 116.8000 0.0000
      vertex 101.2000 116.8000 4.0000
    endloop
  endfacet
  facet normal 0.000000e+00 1.000000e+00 -0.000000e+00
    outer loop
      vertex 104.7000 116.8000 0.0000
      vertex 101.2000 116.8000 4.0000
      vertex 104.7000 116.8000 4.0000
    endloop
  endfacet
  facet normal 0.000000e+00 -1.000000e+00 0.000000e+00
    outer loop
      vertex 104.7000 83.2000 0.0000
      vertex 150.3000 83.2000 0.0000
      vertex 150.3000 83.2000 4.0000
    endloop
  endfacet
  facet normal 0.000000e+00 -1.000000e+00 0.000000e+00
    outer loop
      vertex 104.7000 83.2000 0.0000
      vertex 150.3000 83.2000 4.0000
      vertex 104.7000 83.2000 4.0000
    endloop
  endfacet
  facet normal 0.000000e+00 1.000000e+00 0.000000e+00
    outer loop
      vertex 150.3000 116.8000 0.0000
      vertex 104.7000 116.8000 0.0000
      vertex 104.7000 116.8000 4.0000
    endloop
  endfacet
  facet normal 0.000000e+00 1.000000e+00 -0.000000e+00
    outer loop
      vertex 150.3000 116.8000 0.0000
      vertex 104.7000 116.8000 4.0000
      vertex 150.3000 116.8000 4.0000
    endloop
  endfacet
  facet normal 0.000000e+00 -1.000000e+00 0.000000e+00
    outer loop
      vertex 150.3000 83.2000 0.0000
      vertex 153.8000 83.2000 0.0000
      vertex 153.8000 83.2000 4.0000
    endloop
  endfacet
  facet normal 0.000000e+00 -1.000000e+00 0.000000e+00
    outer loop
      vertex 150.3000 83.2000 0.0000
      vertex 153.8000 83.2000 4.0000
      vertex 150.3000 83.2000 4.0000
    endloop
  endfacet
  facet normal 0.000000e+00 1.000000e+00 0.000000e+00
    outer loop
      vertex 153.8000 116.8000 0.0000
      vertex 150.3000 116.8000 0.0000
      vertex 150.3000 116.8000 4.0000
    endloop
  endfacet
  facet normal 0.000000e+00 1.000000e+00 -0.000000e+00
    outer loop
      vertex 153.8000 116.8000 0.0000
      vertex 150.3000 116.8000 4.0000
      vertex 153.8000 116.8000 4.0000
    endloop
  endfacet
  facet normal -1.000000e+00 0.000000e+00 0.000000e+00
    outer loop
      vertex 101.2000 86.7000 0.0000
      vertex 101.2000 83.2000 0.0000
      vertex 101.2000 83.2000 4.0000
    endloop
  endfacet
  facet normal -1.000000e+00 0.000000e+00 0.000000e+00
    outer loop
      vertex 101.2000 86.7000 0.0000
      vertex 101.2000 83.2000 4.0000
      vertex 101.2000 86.7000 4.0000
    endloop
  endfacet
  facet normal 1.000000e+00 0.000000e+00 0.000000e+00
    outer loop
      vertex 153.8000 83.2000 0.0000
      vertex 153.8000 86.7000 0.0000
      vertex 153.8000 86.7000 4.0000
    endloop
  endfacet
  facet normal 1.000000e+00 0.000000e+00 0.000000e+00
    outer loop
      vertex 153.8000 83.2000 0.0000
      vertex 153.8000 86.7000 4.0000
      vertex 153.8000 83.2000 4.0000
    endloop
  endfacet
  facet normal -1.000000e+00 0.000000e+00 0.000000e+00
    outer loop
      vertex 101.2000 113.3000 0.0000
      vertex 101.2000 86.7000 0.0000
      vertex 101.2000 86.7000 4.0000
    endloop
  endfacet
  facet normal -1.000000e+00 0.000000e+00 0.000000e+00
    outer loop
      vertex 101.2000 113.3000 0.0000
      vertex 101.2000 86.7000 4.0000
      vertex 101.2000 113.3000 4.0000
    endloop
  endfacet
  facet normal 1.000000e+00 0.000000e+00 0.000000e+00
    outer loop
      vertex 153.8000 86.7000 0.0000
      vertex 153.8000 113.3000 0.0000
      vertex 153.8000 113.3000 4.0000
    endloop
  endfacet
  facet normal 1.000000e+00 0.000000e+00 0.000000e+00
    outer loop
      vertex 153.8000 86.7000 0.0000
      vertex 153.8000 113.3000 4.0000
      vertex 153.8000 86.7000 4.0000
    endloop
  endfacet
  facet normal -1.000000e+00 0.000000e+00 0.000000e+00
    outer loop
      vertex 101.2000 116.8000 0.0000
      vertex 101.2000 113.3000 0.0000
      vertex 101.2000 113.3000 4.0000
    endloop
  endfacet
  facet normal -1.000000e+00 0.000000e+00 0.000000e+00
    outer loop
      vertex 101.2000 116.8000 0.0000
      vertex 101.2000 113.3000 4.0000
      vertex 101.2000 116.8000 4.0000
    endloop
  endfacet
  facet normal 1.000000e+00 0.000000e+00 0.000000e+00
    outer loop
      vertex 153.8000 113.3000 0.0000
      vertex 153.8000 116.8000 0.0000
      vertex 153.8000 116.8000 4.0000
    endloop
  endfacet
  facet normal 1.000000e+00 0.000000e+00 0.000000e+00
    outer loop
      vertex 153.8000 113.3000 0.0000
      vertex 153.8000 116.8000 4.0000
      vertex 153.8000 113.3000 4.0000
    endloop
  endfacet
  facet normal 0.000000e+00 1.000000e+00 0.000000e+00
    outer loop
      vertex 150.3000 86.7000 0.0000
      vertex 104.7000 86.7000 0.0000
      vertex 104.7000 86.7000 4.0000
    endloop
  endfacet
  facet normal 0.000000e+00 1.000000e+00 -0.000000e+00
    outer loop
      vertex 150.3000 86.7000 0.0000
      vertex 104.7000 86.7000 4.0000
      vertex 150.3000 86.7000 4.0000
    endloop
  endfacet
  facet normal -1.000000e+00 0.000000e+00 0.000000e+00
    outer loop
      vertex 150.3000 113.3000 0.0000
      vertex 150.3000 86.7000 0.0000
      vertex 150.3000 86.7000 4.0000
    endloop
  endfacet
  facet normal -1.000000e+00 0.000000e+00 0.000000e+00
    outer loop
      vertex 150.3000 113.3000 0.0000
      vertex 150.3000 86.7000 4.0000
      vertex 150.3000 113.3000 4.0000
    endloop
  endfacet
  facet normal 0.000000e+00 -1.000000e+00 0.000000e+00
    outer loop
      vertex 104.7000 113.3000 0.0000
      vertex 150.3000 113.3000 0.0000
      vertex 150.3000 113.3000 4.0000
    endloop
  endfacet
  facet normal 0.000000e+00 -1.000000e+00 0.000000e+00
    outer loop
      vertex 104.7000 113.3000 0.0000
      vertex 150.3000 113.3000 4.0000
      vertex 104.7000 113.3000 4.0000
    endloop
  endfacet
  facet normal 1.000000e+00 0.000000e+00 0.000000e+00
    outer loop
      vertex 104.7000 86.7000 0.0000
      vertex 104.7000 113.3000 0.0000
      vertex 104.7000 113.3000 4.0000
    endloop
  endfacet
  facet normal 1.000000e+00 0.000000e+00 0.000000e+00
    outer loop
      vertex 104.7000 86.7000 0.0000
      vertex 104.7000 113.3000 4.0000
      vertex 104.7000 86.7000 4.0000
    endloop
  endfacet
endsolid frame_voltmeter
solid frame_usb
  facet normal 0.000000e+00 0.000000e+00 1.000000e+00
    outer loop
      vertex 101.2000 56.2000 4.0000
      vertex 104.7000 56.2000 4.0000
      vertex 104.7000 59.7000 4.0000
    endloop
  endfacet
  facet normal 0.000000e+00 0.000000e+00 1.000000e+00
    outer loop
      vertex 101.2000 56.2000 4.0000
      vertex 104.7000 59.7000 4.0000
      vertex 101.2000 59.7000 4.0000
    endloop
  endfacet
  facet normal 0.000000e+00 0.000000e+00 1.000000e+00
    outer loop
      vertex 104.7000 56.2000 4.0000
      vertex 137.3000 56.2000 4.0000
      vertex 137.3000 59.7000 4.0000
    endloop
  endfacet
  facet normal 0.000000e+00 0.000000e+00 1.000000e+00
    outer loop
      vertex 104.7000 56.2000 4.0000
      vertex 137.3000 59.7000 4.0000
      vertex 104.7000 59.7000 4.0000
    endloop
  endfacet
  facet normal 0.000000e+00 0.000000e+00 1.000000e+00
    outer loop
      vertex 137.3000 56.2000 4.0000
      vertex 140.8000 56.2000 4.0000
      vertex 140.8000 59.7000 4.0000
    endloop
  endfacet
  facet normal 0.000000e+00 0.000000e+00 1.000000e+00
    outer loop
      vertex 137.3000 56.2000 4.0000
      vertex 140.8000 59.7000 4.0000
      vertex 137.3000 59.7000 4.0000
    endloop
  endfacet
  facet normal 0.000000e+00 0.000000e+00 1.000000e+00
    outer loop
      vertex 101.2000 75.3000 4.0000
      vertex 104.7000 75.3000 4.0000
      vertex 104.7000 78.8000 4.0000
    endloop
  endfacet
  facet normal 0.000000e+00 0.000000e+00 1.000000e+00
    outer loop
      vertex 101.2000 75.3000 4.0000
      vertex 104.7000 78.8000 4.0000
      vertex 101.2000 78.8000 4.0000
    endloop
  endfacet
  facet normal 0.000000e+00 0.000000e+00 1.000000e+00
    outer loop
      vertex 104.7000 75.3000 4.0000
      vertex 137.3000 75.3000 4.0000
      vertex 137.3000 78.8000 4.0000
    endloop
  endfacet
  facet normal 0.000000e+00 0.000000e+00 1.000000e+00
    outer loop
      vertex 104.7000 75.3000 4.0000
      vertex 137.3000 78.8000 4.0000
      vertex 104.7000 78.8000 4.0000
    endloop
  endfacet
  facet normal 0.000000e+00 0.000000e+00 1.000000e+00
    outer loop
      vertex 137.3000 75.3000 4.0000
      vertex 140.8000 75.3000 4.0000
      vertex 140.8000 78.8000 4.0000
    endloop
  endfacet
  facet normal 0.000000e+00 0.000000e+00 1.000000e+00
    outer loop
      vertex 137.3000 75.3000 4.0000
      vertex 140.8000 78.8000 4.0000
      vertex 137.3000 78.8000 4.0000
    endloop
  endfacet
  facet normal 0.000000e+00 0.000000e+00 1.000000e+00
    outer loop
      vertex 101.2000 59.7000 4.0000
      vertex 104.7000 59.7000 4.0000
      vertex 104.7000 75.3000 4.0000
    endloop
  endfacet
  facet normal 0.000000e+00 0.000000e+00 1.000000e+00
    outer loop
      vertex 101.2000 59.7000 4.0000
      vertex 104.7000 75.3000 4.0000
      vertex 101.2000 75.3000 4.0000
    endloop
  endfacet
  facet normal 0.000000e+00 0.000000e+00 1.000000e+00
    outer loop
      vertex 137.3000 59.7000 4.0000
      vertex 140.8000 59.7000 4.0000
      vertex 140.8000 75.3000 4.0000
    endloop
  endfacet
  facet normal 0.000000e+00 0.000000e+00 1.000000e+00
    outer loop
      vertex 137.3000 59.7000 4.0000
      vertex 140.8000 75.3000 4.0000
      vertex 137.3000 75.3000 4.0000
    endloop
  endfacet
  facet normal 0.000000e+00 0.000000e+00 -1.000000e+00
    outer loop
      vertex 101.2000 56.2000 0.0000
      vertex 101.2000 59.7000 0.0000
      vertex 104.7000 59.7000 0.0000
    endloop
  endfacet
  facet normal 0.000000e+00 0.000000e+00 -1.000000e+00
    outer loop
      vertex 101.2000 56.2000 0.0000
      vertex 104.7000 59.7000 0.0000
      vertex 104.7000 56.2000 0.0000
    endloop
  endfacet
  facet normal 0.000000e+00 0.000000e+00 -1.000000e+00
    outer loop
      vertex 104.7000 56.2000 0.0000
      vertex 104.7000 59.7000 0.0000
      vertex 137.3000 59.7000 0.0000
    endloop
  endfacet
  facet normal 0.000000e+00 0.000000e+00 -1.000000e+00
    outer loop
      vertex 104.7000 56.2000 0.0000
      vertex 137.3000 59.7000 0.0000
      vertex 137.3000 56.2000 0.0000
    endloop
  endfacet
  facet normal 0.000000e+00 0.000000e+00 -1.000000e+00
    outer loop
      vertex 137.3000 56.2000 0.0000
      vertex 137.3000 59.7000 0.0000
      vertex 140.8000 59.7000 0.0000
    endloop
  endfacet
  facet normal 0.000000e+00 0.000000e+00 -1.000000e+00
    outer loop
      vertex 137.3000 56.2000 0.0000
      vertex 140.8000 59.7000 0.0000
      vertex 140.8000 56.2000 0.0000
    endloop
  endfacet
  facet normal 0.000000e+00 0.000000e+00 -1.000000e+00
    outer loop
      vertex 101.2000 75.3000 0.0000
      vertex 101.2000 78.8000 0.0000
      vertex 104.7000 78.8000 0.0000
    endloop
  endfacet
  facet normal 0.000000e+00 0.000000e+00 -1.000000e+00
    outer loop
      vertex 101.2000 75.3000 0.0000
      vertex 104.7000 78.8000 0.0000
      vertex 104.7000 75.3000 0.0000
    endloop
  endfacet
  facet normal 0.000000e+00 0.000000e+00 -1.000000e+00
    outer loop
      vertex 104.7000 75.3000 0.0000
      vertex 104.7000 78.8000 0.0000
      vertex 137.3000 78.8000 0.0000
    endloop
  endfacet
  facet normal 0.000000e+00 0.000000e+00 -1.000000e+00
    outer loop
      vertex 104.7000 75.3000 0.0000
      vertex 137.3000 78.8000 0.0000
      vertex 137.3000 75.3000 0.0000
    endloop
  endfacet
  facet normal 0.000000e+00 0.000000e+00 -1.000000e+00
    outer loop
      vertex 137.3000 75.3000 0.0000
      vertex 137.3000 78.8000 0.0000
      vertex 140.8000 78.8000 0.0000
    endloop
  endfacet
  facet normal 0.000000e+00 0.000000e+00 -1.000000e+00
    outer loop
      vertex 137.3000 75.3000 0.0000
      vertex 140.8000 78.8000 0.0000
      vertex 140.8000 75.3000 0.0000
    endloop
  endfacet
  facet normal 0.000000e+00 0.000000e+00 -1.000000e+00
    outer loop
      vertex 101.2000 59.7000 0.0000
      vertex 101.2000 75.3000 0.0000
      vertex 104.7000 75.3000 0.0000
    endloop
  endfacet
  facet normal 0.000000e+00 0.000000e+00 -1.000000e+00
    outer loop
      vertex 101.2000 59.7000 0.0000
      vertex 104.7000 75.3000 0.0000
      vertex 104.7000 59.7000 0.0000
    endloop
  endfacet
  facet normal 0.000000e+00 0.000000e+00 -1.000000e+00
    outer loop
      vertex 137.3000 59.7000 0.0000
      vertex 137.3000 75.3000 0.0000
      vertex 140.8000 75.3000 0.0000
    endloop
  endfacet
  facet normal 0.000000e+00 0.000000e+00 -1.000000e+00
    outer loop
      vertex 137.3000 59.7000 0.0000
      vertex 140.8000 75.3000 0.0000
      vertex 140.8000 59.7000 0.0000
    endloop
  endfacet
  facet normal 0.000000e+00 -1.000000e+00 0.000000e+00
    outer loop
      vertex 101.2000 56.2000 0.0000
      vertex 104.7000 56.2000 0.0000
      vertex 104.7000 56.2000 4.0000
    endloop
  endfacet
  facet normal 0.000000e+00 -1.000000e+00 0.000000e+00
    outer loop
      vertex 101.2000 56.2000 0.0000
      vertex 104.7000 56.2000 4.0000
      vertex 101.2000 56.2000 4.0000
    endloop
  endfacet
  facet normal 0.000000e+00 1.000000e+00 0.000000e+00
    outer loop
      vertex 104.7000 78.8000 0.0000
      vertex 101.2000 78.8000 0.0000
      vertex 101.2000 78.8000 4.0000
    endloop
  endfacet
  facet normal 0.000000e+00 1.000000e+00 -0.000000e+00
    outer loop
      vertex 104.7000 78.8000 0.0000
      vertex 101.2000 78.8000 4.0000
      vertex 104.7000 78.8000 4.0000
    endloop
  endfacet
  facet normal 0.000000e+00 -1.000000e+00 0.000000e+00
    outer loop
      vertex 104.7000 56.2000 0.0000
      vertex 137.3000 56.2000 0.0000
      vertex 137.3000 56.2000 4.0000
    endloop
  endfacet
  facet normal 0.000000e+00 -1.000000e+00 0.000000e+00
    outer loop
      vertex 104.7000 56.2000 0.0000
      vertex 137.3000 56.2000 4.0000
      vertex 104.7000 56.2000 4.0000
    endloop
  endfacet
  facet normal 0.000000e+00 1.000000e+00 0.000000e+00
    outer loop
      vertex 137.3000 78.8000 0.0000
      vertex 104.7000 78.8000 0.0000
      vertex 104.7000 78.8000 4.0000
    endloop
  endfacet
  facet normal 0.000000e+00 1.000000e+00 -0.000000e+00
    outer loop
      vertex 137.3000 78.8000 0.0000
      vertex 104.7000 78.8000 4.0000
      vertex 137.3000 78.8000 4.0000
    endloop
  endfacet
  facet normal 0.000000e+00 -1.000000e+00 0.000000e+00
    outer loop
      vertex 137.3000 56.2000 0.0000
      vertex 140.8000 56.2000 0.0000
      vertex 140.8000 56.2000 4.0000
    endloop
  endfacet
  facet normal 0.000000e+00 -1.000000e+00 0.000000e+00
    outer loop
      vertex 137.3000 56.2000 0.0000
      vertex 140.8000 56.2000 4.0000
      vertex 137.3000 56.2000 4.0000
    endloop
  endfacet
  facet normal 0.000000e+00 1.000000e+00 0.000000e+00
    outer loop
      vertex 140.8000 78.8000 0.0000
      vertex 137.3000 78.8000 0.0000
      vertex 137.3000 78.8000 4.0000
    endloop
  endfacet
  facet normal 0.000000e+00 1.000000e+00 -0.000000e+00
    outer loop
      vertex 140.8000 78.8000 0.0000
      vertex 137.3000 78.8000 4.0000
      vertex 140.8000 78.8000 4.0000
    endloop
  endfacet
  facet normal -1.000000e+00 0.000000e+00 0.000000e+00
    outer loop
      vertex 101.2000 59.7000 0.0000
      vertex 101.2000 56.2000 0.0000
      vertex 101.2000 56.2000 4.0000
    endloop
  endfacet
  facet normal -1.000000e+00 0.000000e+00 0.000000e+00
    outer loop
      vertex 101.2000 59.7000 0.0000
      vertex 101.2000 56.2000 4.0000
      vertex 101.2000 59.7000 4.0000
    endloop
  endfacet
  facet normal 1.000000e+00 0.000000e+00 0.000000e+00
    outer loop
      vertex 140.8000 56.2000 0.0000
      vertex 140.8000 59.7000 0.0000
      vertex 140.8000 59.7000 4.0000
    endloop
  endfacet
  facet normal 1.000000e+00 0.000000e+00 0.000000e+00
    outer loop
      vertex 140.8000 56.2000 0.0000
      vertex 140.8000 59.7000 4.0000
      vertex 140.8000 56.2000 4.0000
    endloop
  endfacet
  facet normal -1.000000e+00 0.000000e+00 0.000000e+00
    outer loop
      vertex 101.2000 75.3000 0.0000
      vertex 101.2000 59.7000 0.0000
      vertex 101.2000 59.7000 4.0000
    endloop
  endfacet
  facet normal -1.000000e+00 0.000000e+00 0.000000e+00
    outer loop
      vertex 101.2000 75.3000 0.0000
      vertex 101.2000 59.7000 4.0000
      vertex 101.2000 75.3000 4.0000
    endloop
  endfacet
  facet normal 1.000000e+00 0.000000e+00 0.000000e+00
    outer loop
      vertex 140.8000 59.7000 0.0000
      vertex 140.8000 75.3000 0.0000
      vertex 140.8000 75.3000 4.0000
    endloop
  endfacet
  facet normal 1.000000e+00 0.000000e+00 0.000000e+00
    outer loop
      vertex 140.8000 59.7000 0.0000
      vertex 140.8000 75.3000 4.0000
      vertex 140.8000 59.7000 4.0000
    endloop
  endfacet
  facet normal -1.000000e+00 0.000000e+00 0.000000e+00
    outer loop
      vertex 101.2000 78.8000 0.0000
      vertex 101.2000 75.3000 0.0000
      vertex 101.2000 75.3000 4.0000
    endloop
  endfacet
  facet normal -1.000000e+00 0.000000e+00 0.000000e+00
    outer loop
      vertex 101.2000 78.8000 0.0000
      vertex 101.2000 75.3000 4.0000
      vertex 101.2000 78.8000 4.0000
    endloop
  endfacet
  facet normal 1.000000e+00 0.000000e+00 0.000000e+00
    outer loop
      vertex 140.8000 75.3000 0.0000
      vertex 140.8000 78.8000 0.0000
      vertex 140.8000 78.8000 4.0000
    endloop
  endfacet
  facet normal 1.000000e+00 0.000000e+00 0.000000e+00
    outer loop
      vertex 140.8000 75.3000 0.0000
      vertex 140.8000 78.8000 4.0000
      vertex 140.8000 75.3000 4.0000
    endloop
  endfacet
  facet normal 0.000000e+00 1.000000e+00 0.000000e+00
    outer loop
      vertex 137.3000 59.7000 0.0000
      vertex 104.7000 59.7000 0.0000
      vertex 104.7000 59.7000 4.0000
    endloop
  endfacet
  facet normal 0.000000e+00 1.000000e+00 -0.000000e+00
    outer loop
      vertex 137.3000 59.7000 0.0000
      vertex 104.7000 59.7000 4.0000
      vertex 137.3000 59.7000 4.0000
    endloop
  endfacet
  facet normal -1.000000e+00 0.000000e+00 0.000000e+00
    outer loop
      vertex 137.3000 75.3000 0.0000
      vertex 137.3000 59.7000 0.0000
      vertex 137.3000 59.7000 4.0000
    endloop
  endfacet
  facet normal -1.000000e+00 0.000000e+00 0.000000e+00
    outer loop
      vertex 137.3000 75.3000 0.0000
      vertex 137.3000 59.7000 4.0000
      vertex 137.3000 75.3000 4.0000
    endloop
  endfacet
  facet normal 0.000000e+00 -1.000000e+00 0.000000e+00
    outer loop
      vertex 104.7000 75.3000 0.0000
      vertex 137.3000 75.3000 0.0000
      vertex 137.3000 75.3000 4.0000
    endloop
  endfacet
  facet normal 0.000000e+00 -1.000000e+00 0.000000e+00
    outer loop
      vertex 104.7000 75.3000 0.0000
      vertex 137.3000 75.3000 4.0000
      vertex 104.7000 75.3000 4.0000
    endloop
  endfacet
  facet normal 1.000000e+00 0.000000e+00 0.000000e+00
    outer loop
      vertex 104.7000 59.7000 0.0000
      vertex 104.7000 75.3000 0.0000
      vertex 104.7000 75.3000 4.0000
    endloop
  endfacet
  facet normal 1.000000e+00 0.000000e+00 0.000000e+00
    outer loop
      vertex 104.7000 59.7000 0.0000
      vertex 104.7000 75.3000 4.0000
      vertex 104.7000 59.7000 4.0000
    endloop
  endfacet
endsolid frame_usb
solid frame_xt60
  facet normal 0.000000e+00 0.000000e+00 1.000000e+00
    outer loop
      vertex 146.2000 56.2000 4.0000
      vertex 149.7000 56.2000 4.0000
      vertex 149.7000 59.7000 4.0000
    endloop
  endfacet
  facet normal 0.000000e+00 0.000000e+00 1.000000e+00
    outer loop
      vertex 146.2000 56.2000 4.0000
      vertex 149.7000 59.7000 4.0000
      vertex 146.2000 59.7000 4.0000
    endloop
  endfacet
  facet normal 0.000000e+00 0.000000e+00 1.000000e+00
    outer loop
      vertex 149.7000 56.2000 4.0000
      vertex 166.3000 56.2000 4.0000
      vertex 166.3000 59.7000 4.0000
    endloop
  endfacet
  facet normal 0.000000e+00 0.000000e+00 1.000000e+00
    outer loop
      vertex 149.7000 56.2000 4.0000
      vertex 166.3000 59.7000 4.0000
      vertex 149.7000 59.7000 4.0000
    endloop
  endfacet
  facet normal 0.000000e+00 0.000000e+00 1.000000e+00
    outer loop
      vertex 166.3000 56.2000 4.0000
      vertex 169.8000 56.2000 4.0000
      vertex 169.8000 59.7000 4.0000
    endloop
  endfacet
  facet normal 0.000000e+00 0.000000e+00 1.000000e+00
    outer loop
      vertex 166.3000 56.2000 4.0000
      vertex 169.8000 59.7000 4.0000
      vertex 166.3000 59.7000 4.0000
    endloop
  endfacet
  facet normal 0.000000e+00 0.000000e+00 1.000000e+00
    outer loop
      vertex 146.2000 70.3000 4.0000
      vertex 149.7000 70.3000 4.0000
      vertex 149.7000 73.8000 4.0000
    endloop
  endfacet
  facet normal 0.000000e+00 0.000000e+00 1.000000e+00
    outer loop
      vertex 146.2000 70.3000 4.0000
      vertex 149.7000 73.8000 4.0000
      vertex 146.2000 73.8000 4.0000
    endloop
  endfacet
  facet normal 0.000000e+00 0.000000e+00 1.000000e+00
    outer loop
      vertex 149.7000 70.3000 4.0000
      vertex 166.3000 70.3000 4.0000
      vertex 166.3000 73.8000 4.0000
    endloop
  endfacet
  facet normal 0.000000e+00 0.000000e+00 1.000000e+00
    outer loop
      vertex 149.7000 70.3000 4.0000
      vertex 166.3000 73.8000 4.0000
      vertex 149.7000 73.8000 4.0000
    endloop
  endfacet
  facet normal 0.000000e+00 0.000000e+00 1.000000e+00
    outer loop
      vertex 166.3000 70.3000 4.0000
      vertex 169.8000 70.3000 4.0000
      vertex 169.8000 73.8000 4.0000
    endloop
  endfacet
  facet normal 0.000000e+00 0.000000e+00 1.000000e+00
    outer loop
      vertex 166.3000 70.3000 4.0000
      vertex 169.8000 73.8000 4.0000
      vertex 166.3000 73.8000 4.0000
    endloop
  endfacet
  facet normal 0.000000e+00 0.000000e+00 1.000000e+00
    outer loop
      vertex 146.2000 59.7000 4.0000
      vertex 149.7000 59.7000 4.0000
      vertex 149.7000 70.3000 4.0000
    endloop
  endfacet
  facet normal 0.000000e+00 0.000000e+00 1.000000e+00
    outer loop
      vertex 146.2000 59.7000 4.0000
      vertex 149.7000 70.3000 4.0000
      vertex 146.2000 70.3000 4.0000
    endloop
  endfacet
  facet normal 0.000000e+00 0.000000e+00 1.000000e+00
    outer loop
      vertex 166.3000 59.7000 4.0000
      vertex 169.8000 59.7000 4.0000
      vertex 169.8000 70.3000 4.0000
    endloop
  endfacet
  facet normal 0.000000e+00 0.000000e+00 1.000000e+00
    outer loop
      vertex 166.3000 59.7000 4.0000
      vertex 169.8000 70.3000 4.0000
      vertex 166.3000 70.3000 4.0000
    endloop
  endfacet
  facet normal 0.000000e+00 0.000000e+00 -1.000000e+00
    outer loop
      vertex 146.2000 56.2000 0.0000
      vertex 146.2000 59.7000 0.0000
      vertex 149.7000 59.7000 0.0000
    endloop
  endfacet
  facet normal 0.000000e+00 0.000000e+00 -1.000000e+00
    outer loop
      vertex 146.2000 56.2000 0.0000
      vertex 149.7000 59.7000 0.0000
      vertex 149.7000 56.2000 0.0000
    endloop
  endfacet
  facet normal 0.000000e+00 0.000000e+00 -1.000000e+00
    outer loop
      vertex 149.7000 56.2000 0.0000
      vertex 149.7000 59.7000 0.0000
      vertex 166.3000 59.7000 0.0000
    endloop
  endfacet
  facet normal 0.000000e+00 0.000000e+00 -1.000000e+00
    outer loop
      vertex 149.7000 56.2000 0.0000
      vertex 166.3000 59.7000 0.0000
      vertex 166.3000 56.2000 0.0000
    endloop
  endfacet
  facet normal 0.000000e+00 0.000000e+00 -1.000000e+00
    outer loop
      vertex 166.3000 56.2000 0.0000
      vertex 166.3000 59.7000 0.0000
      vertex 169.8000 59.7000 0.0000
    endloop
  endfacet
  facet normal 0.000000e+00 0.000000e+00 -1.000000e+00
    outer loop
      vertex 166.3000 56.2000 0.0000
      vertex 169.8000 59.7000 0.0000
      vertex 169.8000 56.2000 0.0000
    endloop
  endfacet
  facet normal 0.000000e+00 0.000000e+00 -1.000000e+00
    outer loop
      vertex 146.2000 70.3000 0.0000
      vertex 146.2000 73.8000 0.0000
      vertex 149.7000 73.8000 0.0000
    endloop
  endfacet
  facet normal 0.000000e+00 0.000000e+00 -1.000000e+00
    outer loop
      vertex 146.2000 70.3000 0.0000
      vertex 149.7000 73.8000 0.0000
      vertex 149.7000 70.3000 0.0000
    endloop
  endfacet
  facet normal 0.000000e+00 0.000000e+00 -1.000000e+00
    outer loop
      vertex 149.7000 70.3000 0.0000
      vertex 149.7000 73.8000 0.0000
      vertex 166.3000 73.8000 0.0000
    endloop
  endfacet
  facet normal 0.000000e+00 0.000000e+00 -1.000000e+00
    outer loop
      vertex 149.7000 70.3000 0.0000
      vertex 166.3000 73.8000 0.0000
      vertex 166.3000 70.3000 0.0000
    endloop
  endfacet
  facet normal 0.000000e+00 0.000000e+00 -1.000000e+00
    outer loop
      vertex 166.3000 70.3000 0.0000
      vertex 166.3000 73.8000 0.0000
      vertex 169.8000 73.8000 0.0000
    endloop
  endfacet
  facet normal 0.000000e+00 0.000000e+00 -1.000000e+00
    outer loop
      vertex 166.3000 70.3000 0.0000
      vertex 169.8000 73.8000 0.0000
      vertex 169.8000 70.3000 0.0000
    endloop
  endfacet
  facet normal 0.000000e+00 0.000000e+00 -1.000000e+00
    outer loop
      vertex 146.2000 59.7000 0.0000
      vertex 146.2000 70.3000 0.0000
      vertex 149.7000 70.3000 0.0000
    endloop
  endfacet
  facet normal 0.000000e+00 0.000000e+00 -1.000000e+00
    outer loop
      vertex 146.2000 59.7000 0.0000
      vertex 149.7000 70.3000 0.0000
      vertex 149.7000 59.7000 0.0000
    endloop
  endfacet
  facet normal 0.000000e+00 0.000000e+00 -1.000000e+00
    outer loop
      vertex 166.3000 59.7000 0.0000
      vertex 166.3000 70.3000 0.0000
      vertex 169.8000 70.3000 0.0000
    endloop
  endfacet
  facet normal 0.000000e+00 0.000000e+00 -1.000000e+00
    outer loop
      vertex 166.3000 59.7000 0.0000
      vertex 169.8000 70.3000 0.0000
      vertex 169.8000 59.7000 0.0000
    endloop
  endfacet
  facet normal 0.000000e+00 -1.000000e+00 0.000000e+00
    outer loop
      vertex 146.2000 56.2000 0.0000
      vertex 149.7000 56.2000 0.0000
      vertex 149.7000 56.2000 4.0000
    endloop
  endfacet
  facet normal 0.000000e+00 -1.000000e+00 0.000000e+00
    outer loop
      vertex 146.2000 56.2000 0.0000
      vertex 149.7000 56.2000 4.0000
      vertex 146.2000 56.2000 4.0000
    endloop
  endfacet
  facet normal 0.000000e+00 1.000000e+00 0.000000e+00
    outer loop
      vertex 149.7000 73.8000 0.0000
      vertex 146.2000 73.8000 0.0000
      vertex 146.2000 73.8000 4.0000
    endloop
  endfacet
  facet normal 0.000000e+00 1.000000e+00 -0.000000e+00
    outer loop
      vertex 149.7000 73.8000 0.0000
      vertex 146.2000 73.8000 4.0000
      vertex 149.7000 73.8000 4.0000
    endloop
  endfacet
  facet normal 0.000000e+00 -1.000000e+00 0.000000e+00
    outer loop
      vertex 149.7000 56.2000 0.0000
      vertex 166.3000 56.2000 0.0000
      vertex 166.3000 56.2000 4.0000
    endloop
  endfacet
  facet normal 0.000000e+00 -1.000000e+00 0.000000e+00
    outer loop
      vertex 149.7000 56.2000 0.0000
      vertex 166.3000 56.2000 4.0000
      vertex 149.7000 56.2000 4.0000
    endloop
  endfacet
  facet normal 0.000000e+00 1.000000e+00 0.000000e+00
    outer loop
      vertex 166.3000 73.8000 0.0000
      vertex 149.7000 73.8000 0.0000
      vertex 149.7000 73.8000 4.0000
    endloop
  endfacet
  facet normal 0.000000e+00 1.000000e+00 -0.000000e+00
    outer loop
      vertex 166.3000 73.8000 0.0000
      vertex 149.7000 73.8000 4.0000
      vertex 166.3000 73.8000 4.0000
    endloop
  endfacet
  facet normal 0.000000e+00 -1.000000e+00 0.000000e+00
    outer loop
      vertex 166.3000 56.2000 0.0000
      vertex 169.8000 56.2000 0.0000
      vertex 169.8000 56.2000 4.0000
    endloop
  endfacet
  facet normal 0.000000e+00 -1.000000e+00 0.000000e+00
    outer loop
      vertex 166.3000 56.2000 0.0000
      vertex 169.8000 56.2000 4.0000
      vertex 166.3000 56.2000 4.0000
    endloop
  endfacet
  facet normal 0.000000e+00 1.000000e+00 0.000000e+00
    outer loop
      vertex 169.8000 73.8000 0.0000
      vertex 166.3000 73.8000 0.0000
      vertex 166.3000 73.8000 4.0000
    endloop
  endfacet
  facet normal 0.000000e+00 1.000000e+00 -0.000000e+00
    outer loop
      vertex 169.8000 73.8000 0.0000
      vertex 166.3000 73.8000 4.0000
      vertex 169.8000 73.8000 4.0000
    endloop
  endfacet
  facet normal -1.000000e+00 0.000000e+00 0.000000e+00
    outer loop
      vertex 146.2000 59.7000 0.0000
      vertex 146.2000 56.2000 0.0000
      vertex 146.2000 56.2000 4.0000
    endloop
  endfacet
  facet normal -1.000000e+00 0.000000e+00 0.000000e+00
    outer loop
      vertex 146.2000 59.7000 0.0000
      vertex 146.2000 56.2000 4.0000
      vertex 146.2000 59.7000 4.0000
    endloop
  endfacet
  facet normal 1.000000e+00 0.000000e+00 0.000000e+00
    outer loop
      vertex 169.8000 56.2000 0.0000
      vertex 169.8000 59.7000 0.0000
      vertex 169.8000 59.7000 4.0000
    endloop
  endfacet
  facet normal 1.000000e+00 0.000000e+00 0.000000e+00
    outer loop
      vertex 169.8000 56.2000 0.0000
      vertex 169.8000 59.7000 4.0000
      vertex 169.8000 56.2000 4.0000
    endloop
  endfacet
  facet normal -1.000000e+00 0.000000e+00 0.000000e+00
    outer loop
      vertex 146.2000 70.3000 0.0000
      vertex 146.2000 59.7000 0.0000
      vertex 146.2000 59.7000 4.0000
    endloop
  endfacet
  facet normal -1.000000e+00 0.000000e+00 0.000000e+00
    outer loop
      vertex 146.2000 70.3000 0.0000
      vertex 146.2000 59.7000 4.0000
      vertex 146.2000 70.3000 4.0000
    endloop
  endfacet
  facet normal 1.000000e+00 0.000000e+00 0.000000e+00
    outer loop
      vertex 169.8000 59.7000 0.0000
      vertex 169.8000 70.3000 0.0000
      vertex 169.8000 70.3000 4.0000
    endloop
  endfacet
  facet normal 1.000000e+00 0.000000e+00 0.000000e+00
    outer loop
      vertex 169.8000 59.7000 0.0000
      vertex 169.8000 70.3000 4.0000
      vertex 169.8000 59.7000 4.0000
    endloop
  endfacet
  facet normal -1.000000e+00 0.000000e+00 0.000000e+00
    outer loop
      vertex 146.2000 73.8000 0.0000
      vertex 146.2000 70.3000 0.0000
      vertex 146.2000 70.3000 4.0000
    endloop
  endfacet
  facet normal -1.000000e+00 0.000000e+00 0.000000e+00
    outer loop
      vertex 146.2000 73.8000 0.0000
      vertex 146.2000 70.3000 4.0000
      vertex 146.2000 73.8000 4.0000
    endloop
  endfacet
  facet normal 1.000000e+00 0.000000e+00 0.000000e+00
    outer loop
      vertex 169.8000 70.3000 0.0000
      vertex 169.8000 73.8000 0.0000
      vertex 169.8000 73.8000 4.0000
    endloop
  endfacet
  facet normal 1.000000e+00 0.000000e+00 0.000000e+00
    outer loop
      vertex 169.8000 70.3000 0.0000
      vertex 169.8000 73.8000 4.0000
      vertex 169.8000 70.3000 4.0000
    endloop
  endfacet
  facet normal 0.000000e+00 1.000000e+00 0.000000e+00
    outer loop
      vertex 166.3000 59.7000 0.0000
      vertex 149.7000 59.7000 0.0000
      vertex 149.7000 59.7000 4.0000
    endloop
  endfacet
  facet normal 0.000000e+00 1.000000e+00 -0.000000e+00
    outer loop
      vertex 166.3000 59.7000 0.0000
      vertex 149.7000 59.7000 4.0000
      vertex 166.3000 59.7000 4.0000
    endloop
  endfacet
  facet normal -1.000000e+00 0.000000e+00 0.000000e+00
    outer loop
      vertex 166.3000 70.3000 0.0000
      vertex 166.3000 59.7000 0.0000
      vertex 166.3000 59.7000 4.0000
    endloop
  endfacet
  facet normal -1.000000e+00 0.000000e+00 0.000000e+00
    outer loop
      vertex 166.3000 70.3000 0.0000
      vertex 166.3000 59.7000 4.0000
      vertex 166.3000 70.3000 4.0000
    endloop
  endfacet
  facet normal 0.000000e+00 -1.000000e+00 0.000000e+00
    outer loop
      vertex 149.7000 70.3000 0.0000
      vertex 166.3000 70.3000 0.0000
      vertex 166.3000 70.3000 4.0000
    endloop
  endfacet
  facet normal 0.000000e+00 -1.000000e+00 0.000000e+00
    outer loop
      vertex 149.7000 70.3000 0.0000
      vertex 166.3000 70.3000 4.0000
      vertex 149.7000 70.3000 4.0000
    endloop
  endfacet
  facet normal 1.000000e+00 0.000000e+00 0.000000e+00
    outer loop
      vertex 149.7000 59.7000 0.0000
      vertex 149.7000 70.3000 0.0000
      vertex 149.7000 70.3000 4.0000
    endloop
  endfacet
  facet normal 1.000000e+00 0.000000e+00 0.000000e+00
    outer loop
      vertex 149.7000 59.7000 0.0000
      vertex 149.7000 70.3000 4.0000
      vertex 149.7000 59.7000 4.0000
    endloop
  endfacet
endsolid frame_xt60
solid frame_start
  facet normal 9.987955e-01 4.906767e-02 0.000000e+00
    outer loop
      vertex 54.3000 100.0000 0.0000
      vertex 54.2311 101.4016 0.0000
      vertex 54.2311 101.4016 4.0000
    endloop
  endfacet
  facet normal 9.987955e-01 4.906767e-02 -0.000000e+00
    outer loop
      vertex 54.3000 100.0000 0.0000
      vertex 54.2311 101.4016 4.0000
      vertex 54.3000 100.0000 4.0000
    endloop
  endfacet
  facet normal -9.987955e-01 -4.906767e-02 0.000000e+00
    outer loop
      vertex 48.3000 100.0000 0.0000
      vertex 48.3000 100.0000 4.0000
      vertex 48.2600 100.8135 4.0000
    endloop
  endfacet
  facet normal -9.987955e-01 -4.906767e-02 0.000000e+00
    outer loop
      vertex 48.3000 100.0000 0.0000
      vertex 48.2600 100.8135 4.0000
      vertex 48.2600 100.8135 0.0000
    endloop
  endfacet
  facet normal 0.000000e+00 0.000000e+00 -1.000000e+00
    outer loop
      vertex 54.3000 100.0000 0.0000
      vertex 48.3000 100.0000 0.0000
      vertex 48.2600 100.8135 0.0000
    endloop
  endfacet
  facet normal 0.000000e+00 0.000000e+00 -1.000000e+00
    outer loop
      vertex 54.3000 100.0000 0.0000
      vertex 48.2600 100.8135 0.0000
      vertex 54.2311 101.4016 0.0000
    endloop
  endfacet
  facet normal 0.000000e+00 0.000000e+00 1.000000e+00
    outer loop
      vertex 54.3000 100.0000 4.0000
      vertex 54.2311 101.4016 4.0000
      vertex 48.2600 100.8135 4.0000
    endloop
  endfacet
  facet normal 0.000000e+00 0.000000e+00 1.000000e+00
    outer loop
      vertex 54.3000 100.0000 4.0000
      vertex 48.2600 100.8135 4.0000
      vertex 48.3000 100.0000 4.0000
    endloop
  endfacet
  facet normal 9.891765e-01 1.467305e-01 0.000000e+00
    outer loop
      vertex 54.2311 101.4016 0.0000
      vertex 54.0252 102.7898 0.0000
      vertex 54.0252 102.7898 4.0000
    endloop
  endfacet
  facet normal 9.891765e-01 1.467305e-01 -0.000000e+00
    outer loop
      vertex 54.2311 101.4016 0.0000
      vertex 54.0252 102.7898 4.0000
      vertex 54.2311 101.4016 4.0000
    endloop
  endfacet
  facet normal -9.891765e-01 -1.467305e-01 0.000000e+00
    outer loop
      vertex 48.2600 100.8135 0.0000
      vertex 48.2600 100.8135 4.0000
      vertex 48.1405 101.6192 4.0000
    endloop
  endfacet
  facet normal -9.891765e-01 -1.467305e-01 0.000000e+00
    outer loop
      vertex 48.2600 100.8135 0.0000
      vertex 48.1405 101.6192 4.0000
      vertex 48.1405 101.6192 0.0000
    endloop
  endfacet
  facet normal -0.000000e+00 0.000000e+00 -1.000000e+00
    outer loop
      vertex 54.2311 101.4016 0.0000
      vertex 48.2600 100.8135 0.0000
      vertex 48.1405 101.6192 0.0000
    endloop
  endfacet
  facet normal 0.000000e+00 0.000000e+00 -1.000000e+00
    outer loop
      vertex 54.2311 101.4016 0.0000
      vertex 48.1405 101.6192 0.0000
      vertex 54.0252 102.7898 0.0000
    endloop
  endfacet
  facet normal 0.000000e+00 0.000000e+00 1.000000e+00
    outer loop
      vertex 54.2311 101.4016 4.0000
      vertex 54.0252 102.7898 4.0000
      vertex 48.1405 101.6192 4.0000
    endloop
  endfacet
  facet normal 0.000000e+00 0.000000e+00 1.000000e+00
    outer loop
      vertex 54.2311 101.4016 4.0000
      vertex 48.1405 101.6192 4.0000
      vertex 48.2600 100.8135 4.0000
    endloop
  endfacet
  facet normal 9.700313e-01 2.429802e-01 0.000000e+00
    outer loop
      vertex 54.0252 102.7898 0.0000
      vertex 53.6842 104.1511 0.0000
      vertex 53.6842 104.1511 4.0000
    endloop
  endfacet
  facet normal 9.700313e-01 2.429802e-01 -0.000000e+00
    outer loop
      vertex 54.0252 102.7898 0.0000
      vertex 53.6842 104.1511 4.0000
      vertex 54.0252 102.7898 4.0000
    endloop
  endfacet
  facet normal -9.700313e-01 -2.429802e-01 0.000000e+00
    outer loop
      vertex 48.1405 101.6192 0.0000
      vertex 48.1405 101.6192 4.0000
      vertex 47.9426 102.4094 4.0000
    endloop
  endfacet
  facet normal -9.700313e-01 -2.429802e-01 0.000000e+00
    outer loop
      vertex 48.1405 101.6192 0.0000
      vertex 47.9426 102.4094 4.0000
      vertex 47.9426 102.4094 0.0000
    endloop
  endfacet
  facet normal 0.000000e+00 0.000000e+00 -1.000000e+00
    outer loop
      vertex 54.0252 102.7898 0.0000
      vertex 48.1405 101.6192 0.0000
      vertex 47.9426 102.4094 0.0000
    endloop
  endfacet
  facet normal -0.000000e+00 0.000000e+00 -1.000000e+00
    outer loop
      vertex 54.0252 102.7898 0.0000
      vertex 47.9426 102.4094 0.0000
      vertex 53.6842 104.1511 0.0000
    endloop
  endfacet
  facet normal 0.000000e+00 0.000000e+00 1.000000e+00
    outer loop
      vertex 54.0252 102.7898 4.0000
      vertex 53.6842 104.1511 4.0000
      vertex 47.9426 102.4094 4.0000
    endloop
  endfacet
  facet normal 0.000000e+00 0.000000e+00 1.000000e+00
    outer loop
      vertex 54.0252 102.7898 4.0000
      vertex 47.9426 102.4094 4.0000
      vertex 48.1405 101.6192 4.0000
    endloop
  endfacet
  facet normal 9.415441e-01 3.368899e-01 0.000000e+00
    outer loop
      vertex 53.6842 104.1511 0.0000
      vertex 53.2115 105.4724 0.0000
      vertex 53.2115 105.4724 4.0000
    endloop
  endfacet
  facet normal 9.415441e-01 3.368899e-01 -0.000000e+00
    outer loop
      vertex 53.6842 104.1511 0.0000
      vertex 53.2115 105.4724 4.0000
      vertex 53.6842 104.1511 4.0000
    endloop
  endfacet
  facet normal -9.415441e-01 -3.368899e-01 0.000000e+00
    outer loop
      vertex 47.9426 102.4094 0.0000
      vertex 47.9426 102.4094 4.0000
      vertex 47.6682 103.1763 4.0000
    endloop
  endfacet
  facet normal -9.415441e-01 -3.368899e-01 0.000000e+00
    outer loop
      vertex 47.9426 102.4094 0.0000
      vertex 47.6682 103.1763 4.0000
      vertex 47.6682 103.1763 0.0000
    endloop
  endfacet
  facet normal 0.000000e+00 0.000000e+00 -1.000000e+00
    outer loop
      vertex 53.6842 104.1511 0.0000
      vertex 47.9426 102.4094 0.0000
      vertex 47.6682 103.1763 0.0000
    endloop
  endfacet
  facet normal -0.000000e+00 0.000000e+00 -1.000000e+00
    outer loop
      vertex 53.6842 104.1511 0.0000
      vertex 47.6682 103.1763 0.0000
      vertex 53.2115 105.4724 0.0000
    endloop
  endfacet
  facet normal 0.000000e+00 0.000000e+00 1.000000e+00
    outer loop
      vertex 53.6842 104.1511 4.0000
      vertex 53.2115 105.4724 4.0000
      vertex 47.6682 103.1763 4.0000
    endloop
  endfacet
  facet normal 0.000000e+00 0.000000e+00 1.000000e+00
    outer loop
      vertex 53.6842 104.1511 4.0000
      vertex 47.6682 103.1763 4.0000
      vertex 47.9426 102.4094 4.0000
    endloop
  endfacet
  facet normal 9.039893e-01 4.275551e-01 0.000000e+00
    outer loop
      vertex 53.2115 105.4724 0.0000
      vertex 52.6115 106.7410 0.0000
      vertex 52.6115 106.7410 4.0000
    endloop
  endfacet
  facet normal 9.039893e-01 4.275551e-01 -0.000000e+00
    outer loop
      vertex 53.2115 105.4724 0.0000
      vertex 52.6115 106.7410 4.0000
      vertex 53.2115 105.4724 4.0000
    endloop
  endfacet
  facet normal -9.039893e-01 -4.275551e-01 0.000000e+00
    outer loop
      vertex 47.6682 103.1763 0.0000
      vertex 47.6682 103.1763 4.0000
      vertex 47.3199 103.9126 4.0000
    endloop
  endfacet
  facet normal -9.039893e-01 -4.275551e-01 0.000000e+00
    outer loop
      vertex 47.6682 103.1763 0.0000
      vertex 47.3199 103.9126 4.0000
      vertex 47.3199 103.9126 0.0000
    endloop
  endfacet
  facet normal 0.000000e+00 0.000000e+00 -1.000000e+00
    outer loop
      vertex 53.2115 105.4724 0.0000
      vertex 47.6682 103.1763 0.0000
      vertex 47.3199 103.9126 0.0000
    endloop
  endfacet
  facet normal -0.000000e+00 0.000000e+00 -1.000000e+00
    outer loop
      vertex 53.2115 105.4724 0.0000
      vertex 47.3199 103.9126 0.0000
      vertex 52.6115 106.7410 0.0000
    endloop
  endfacet
  facet normal 0.000000e+00 0.000000e+00 1.000000e+00
    outer loop
      vertex 53.2115 105.4724 4.0000
      vertex 52.6115 106.7410 4.0000
      vertex 47.3199 103.9126 4.0000
    endloop
  endfacet
  facet normal 0.000000e+00 0.000000e+00 1.000000e+00
    outer loop
      vertex 53.2115 105.4724 4.0000
      vertex 47.3199 103.9126 4.0000
      vertex 47.6682 103.1763 4.0000
    endloop
  endfacet
  facet normal 8.577286e-01 5.141027e-01 0.000000e+00
    outer loop
      vertex 52.6115 106.7410 0.0000
      vertex 51.8900 107.9447 0.0000
      vertex 51.8900 107.9447 4.0000
    endloop
  endfacet
  facet normal 8.577286e-01 5.141027e-01 -0.000000e+00
    outer loop
      vertex 52.6115 106.7410 0.0000
      vertex 51.8900 107.9447 4.0000
      vertex 52.6115 106.7410 4.0000
    endloop
  endfacet
  facet normal -8.577286e-01 -5.141027e-01 0.000000e+00
    outer loop
      vertex 47.3199 103.9126 0.0000
      vertex 47.3199 103.9126 4.0000
      vertex 46.9012 104.6112 4.0000
    endloop
  endfacet
  facet normal -8.577286e-01 -5.141027e-01 0.000000e+00
    outer loop
      vertex 47.3199 103.9126 0.0000
      vertex 46.9012 104.6112 4.0000
      vertex 46.9012 104.6112 0.0000
    endloop
  endfacet
  facet normal 0.000000e+00 0.000000e+00 -1.000000e+00
    outer loop
      vertex 52.6115 106.7410 0.0000
      vertex 47.3199 103.9126 0.0000
      vertex 46.9012 104.6112 0.0000
    endloop
  endfacet
  facet normal -0.000000e+00 0.000000e+00 -1.000000e+00
    outer loop
      vertex 52.6115 106.7410 0.0000
      vertex 46.9012 104.6112 0.0000
      vertex 51.8900 107.9447 0.0000
    endloop
  endfacet
  facet normal 0.000000e+00 0.000000e+00 1.000000e+00
    outer loop
      vertex 52.6115 106.7410 4.0000
      vertex 51.8900 107.9447 4.0000
      vertex 46.9012 104.6112 4.0000
    endloop
  endfacet
  facet normal 0.000000e+00 0.000000e+00 1.000000e+00
    outer loop
      vertex 52.6115 106.7410 4.0000
      vertex 46.9012 104.6112 4.0000
      vertex 47.3199 103.9126 4.0000
    endloop
  endfacet
  facet normal 8.032075e-01 5.956993e-01 0.000000e+00
    outer loop
      vertex 51.8900 107.9447 0.0000
      vertex 51.0540 109.0718 0.0000
      vertex 51.0540 109.0718 4.0000
    endloop
  endfacet
  facet normal 8.032075e-01 5.956993e-01 -0.000000e+00
    outer loop
      vertex 51.8900 107.9447 0.0000
      vertex 51.0540 109.0718 4.0000
      vertex 51.8900 107.9447 4.0000
    endloop
  endfacet
  facet normal -8.032075e-01 -5.956993e-01 0.000000e+00
    outer loop
      vertex 46.9012 104.6112 0.0000
      vertex 46.9012 104.6112 4.0000
      vertex 46.4160 105.2655 4.0000
    endloop
  endfacet
  facet normal -8.032075e-01 -5.956993e-01 0.000000e+00
    outer loop
      vertex 46.9012 104.6112 0.0000
      vertex 46.4160 105.2655 4.0000
      vertex 46.4160 105.2655 0.0000
    endloop
  endfacet
  facet normal 0.000000e+00 0.000000e+00 -1.000000e+00
    outer loop
      vertex 51.8900 107.9447 0.0000
      vertex 46.9012 104.6112 0.0000
      vertex 46.4160 105.2655 0.0000
    endloop
  endfacet
  facet normal -0.000000e+00 0.000000e+00 -1.000000e+00
    outer loop
      vertex 51.8900 107.9447 0.0000
      vertex 46.4160 105.2655 0.0000
      vertex 51.0540 109.0718 0.0000
    endloop
  endfacet
  facet normal 0.000000e+00 0.000000e+00 1.000000e+00
    outer loop
      vertex 51.8900 107.9447 4.0000
      vertex 51.0540 109.0718 4.0000
      vertex 46.4160 105.2655 4.0000
    endloop
  endfacet
  facet normal 0.000000e+00 0.000000e+00 1.000000e+00
    outer loop
      vertex 51.8900 107.9447 4.0000
      vertex 46.4160 105.2655 4.0000
      vertex 46.9012 104.6112 4.0000
    endloop
  endfacet
  facet normal 7.409511e-01 6.715590e-01 0.000000e+00
    outer loop
      vertex 51.0540 109.0718 0.0000
      vertex 50.1116 110.1116 0.0000
      vertex 50.1116 110.1116 4.0000
    endloop
  endfacet
  facet normal 7.409511e-01 6.715590e-01 -0.000000e+00
    outer loop
      vertex 51.0540 109.0718 0.0000
      vertex 50.1116 110.1116 4.0000
      vertex 51.0540 109.0718 4.0000
    endloop
  endfacet
  facet normal -7.409511e-01 -6.715590e-01 0.000000e+00
    outer loop
      vertex 46.4160 105.2655 0.0000
      vertex 46.4160 105.2655 4.0000
      vertex 45.8690 105.8690 4.0000
    endloop
  endfacet
  facet normal -7.409511e-01 -6.715590e-01 0.000000e+00
    outer loop
      vertex 46.4160 105.2655 0.0000
      vertex 45.8690 105.8690 4.0000
      vertex 45.8690 105.8690 0.0000
    endloop
  endfacet
  facet normal 0.000000e+00 0.000000e+00 -1.000000e+00
    outer loop
      vertex 51.0540 109.0718 0.0000
      vertex 46.4160 105.2655 0.0000
      vertex 45.8690 105.8690 0.0000
    endloop
  endfacet
  facet normal -0.000000e+00 0.000000e+00 -1.000000e+00
    outer loop
      vertex 51.0540 109.0718 0.0000
      vertex 45.8690 105.8690 0.0000
      vertex 50.1116 110.1116 0.0000
    endloop
  endfacet
  facet normal 0.000000e+00 0.000000e+00 1.000000e+00
    outer loop
      vertex 51.0540 109.0718 4.0000
      vertex 50.1116 110.1116 4.0000
      vertex 45.8690 105.8690 4.0000
    endloop
  endfacet
  facet normal 0.000000e+00 0.000000e+00 1.000000e+00
    outer loop
      vertex 51.0540 109.0718 4.0000
      vertex 45.8690 105.8690 4.0000
      vertex 46.4160 105.2655 4.0000
    endloop
  endfacet
  facet normal 6.715590e-01 7.409511e-01 0.000000e+00
    outer loop
      vertex 50.1116 110.1116 0.0000
      vertex 49.0718 111.0540 0.0000
      vertex 49.0718 111.0540 4.0000
    endloop
  endfacet
  facet normal 6.715590e-01 7.409511e-01 -0.000000e+00
    outer loop
      vertex 50.1116 110.1116 0.0000
      vertex 49.0718 111.0540 4.0000
      vertex 50.1116 110.1116 4.0000
    endloop
  endfacet
  facet normal -6.715590e-01 -7.409511e-01 0.000000e+00
    outer loop
      vertex 45.8690 105.8690 0.0000
      vertex 45.8690 105.8690 4.0000
      vertex 45.2655 106.4160 4.0000
    endloop
  endfacet
  facet normal -6.715590e-01 -7.409511e-01 0.000000e+00
    outer loop
      vertex 45.8690 105.8690 0.0000
      vertex 45.2655 106.4160 4.0000
      vertex 45.2655 106.4160 0.0000
    endloop
  endfacet
  facet normal 0.000000e+00 0.000000e+00 -1.000000e+00
    outer loop
      vertex 50.1116 110.1116 0.0000
      vertex 45.8690 105.8690 0.0000
      vertex 45.2655 106.4160 0.0000
    endloop
  endfacet
  facet normal -0.000000e+00 0.000000e+00 -1.000000e+00
    outer loop
      vertex 50.1116 110.1116 0.0000
      vertex 45.2655 106.4160 0.0000
      vertex 49.0718 111.0540 0.0000
    endloop
  endfacet
  facet normal 0.000000e+00 0.000000e+00 1.000000e+00
    outer loop
      vertex 50.1116 110.1116 4.0000
      vertex 49.0718 111.0540 4.0000
      vertex 45.2655 106.4160 4.0000
    endloop
  endfacet
  facet normal 0.000000e+00 0.000000e+00 1.000000e+00
    outer loop
      vertex 50.1116 110.1116 4.0000
      vertex 45.2655 106.4160 4.0000
      vertex 45.8690 105.8690 4.0000
    endloop
  endfacet
  facet normal 5.956993e-01 8.032075e-01 0.000000e+00
    outer loop
      vertex 49.0718 111.0540 0.0000
      vertex 47.9447 111.8900 0.0000
      vertex 47.9447 111.8900 4.0000
    endloop
  endfacet
  facet normal 5.956993e-01 8.032075e-01 -0.000000e+00
    outer loop
      vertex 49.0718 111.0540 0.0000
      vertex 47.9447 111.8900 4.0000
      vertex 49.0718 111.0540 4.0000
    endloop
  endfacet
  facet normal -5.956993e-01 -8.032075e-01 0.000000e+00
    outer loop
      vertex 45.2655 106.4160 0.0000
      vertex 45.2655 106.4160 4.0000
      vertex 44.6112 106.9012 4.0000
    endloop
  endfacet
  facet normal -5.956993e-01 -8.032075e-01 0.000000e+00
    outer loop
      vertex 45.2655 106.4160 0.0000
      vertex 44.6112 106.9012 4.0000
      vertex 44.6112 106.9012 0.0000
    endloop
  endfacet
  facet normal 0.000000e+00 0.000000e+00 -1.000000e+00
    outer loop
      vertex 49.0718 111.0540 0.0000
      vertex 45.2655 106.4160 0.0000
      vertex 44.6112 106.9012 0.0000
    endloop
  endfacet
  facet normal -0.000000e+00 0.000000e+00 -1.000000e+00
    outer loop
      vertex 49.0718 111.0540 0.0000
      vertex 44.6112 106.9012 0.0000
      vertex 47.9447 111.8900 0.0000
    endloop
  endfacet
  facet normal 0.000000e+00 0.000000e+00 1.000000e+00
    outer loop
      vertex 49.0718 111.0540 4.0000
      vertex 47.9447 111.8900 4.0000
      vertex 44.6112 106.9012 4.0000
    endloop
  endfacet
  facet normal 0.000000e+00 0.000000e+00 1.000000e+00
    outer loop
      vertex 49.0718 111.0540 4.0000
      vertex 44.6112 106.9012 4.0000
      vertex 45.2655 106.4160 4.0000
    endloop
  endfacet
  facet normal 5.141027e-01 8.577286e-01 0.000000e+00
    outer loop
      vertex 47.9447 111.8900 0.0000
      vertex 46.7410 112.6115 0.0000
      vertex 46.7410 112.6115 4.0000
    endloop
  endfacet
  facet normal 5.141027e-01 8.577286e-01 -0.000000e+00
    outer loop
      vertex 47.9447 111.8900 0.0000
      vertex 46.7410 112.6115 4.0000
      vertex 47.9447 111.8900 4.0000
    endloop
  endfacet
  facet normal -5.141027e-01 -8.577286e-01 0.000000e+00
    outer loop
      vertex 44.6112 106.9012 0.0000
      vertex 44.6112 106.9012 4.0000
      vertex 43.9126 107.3199 4.0000
    endloop
  endfacet
  facet normal -5.141027e-01 -8.577286e-01 0.000000e+00
    outer loop
      vertex 44.6112 106.9012 0.0000
      vertex 43.9126 107.3199 4.0000
      vertex 43.9126 107.3199 0.0000
    endloop
  endfacet
  facet normal 0.000000e+00 0.000000e+00 -1.000000e+00
    outer loop
      vertex 47.9447 111.8900 0.0000
      vertex 44.6112 106.9012 0.0000
      vertex 43.9126 107.3199 0.0000
    endloop
  endfacet
  facet normal -0.000000e+00 0.000000e+00 -1.000000e+00
    outer loop
      vertex 47.9447 111.8900 0.0000
      vertex 43.9126 107.3199 0.0000
      vertex 46.7410 112.6115 0.0000
    endloop
  endfacet
  facet normal 0.000000e+00 0.000000e+00 1.000000e+00
    outer loop
      vertex 47.9447 111.8900 4.0000
      vertex 46.7410 112.6115 4.0000
      vertex 43.9126 107.3199 4.0000
    endloop
  endfacet
  facet normal 0.000000e+00 0.000000e+00 1.000000e+00
    outer loop
      vertex 47.9447 111.8900 4.0000
      vertex 43.9126 107.3199 4.0000
      vertex 44.6112 106.9012 4.0000
    endloop
  endfacet
  facet normal 4.275551e-01 9.039893e-01 0.000000e+00
    outer loop
      vertex 46.7410 112.6115 0.0000
      vertex 45.4724 113.2115 0.0000
      vertex 45.4724 113.2115 4.0000
    endloop
  endfacet
  facet normal 4.275551e-01 9.039893e-01 -0.000000e+00
    outer loop
      vertex 46.7410 112.6115 0.0000
      vertex 45.4724 113.2115 4.0000
      vertex 46.7410 112.6115 4.0000
    endloop
  endfacet
  facet normal -4.275551e-01 -9.039893e-01 0.000000e+00
    outer loop
      vertex 43.9126 107.3199 0.0000
      vertex 43.9126 107.3199 4.0000
      vertex 43.1763 107.6682 4.0000
    endloop
  endfacet
  facet normal -4.275551e-01 -9.039893e-01 0.000000e+00
    outer loop
      vertex 43.9126 107.3199 0.0000
      vertex 43.1763 107.6682 4.0000
      vertex 43.1763 107.6682 0.0000
    endloop
  endfacet
  facet normal 0.000000e+00 0.000000e+00 -1.000000e+00
    outer loop
      vertex 46.7410 112.6115 0.0000
      vertex 43.9126 107.3199 0.0000
      vertex 43.1763 107.6682 0.0000
    endloop
  endfacet
  facet normal -0.000000e+00 0.000000e+00 -1.000000e+00
    outer loop
      vertex 46.7410 112.6115 0.0000
      vertex 43.1763 107.6682 0.0000
      vertex 45.4724 113.2115 0.0000
    endloop
  endfacet
  facet normal 0.000000e+00 0.000000e+00 1.000000e+00
    outer loop
      vertex 46.7410 112.6115 4.0000
      vertex 45.4724 113.2115 4.0000
      vertex 43.1763 107.6682 4.0000
    endloop
  endfacet
  facet normal 0.000000e+00 0.000000e+00 1.000000e+00
    outer loop
      vertex 46.7410 112.6115 4.0000
      vertex 43.1763 107.6682 4.0000
      vertex 43.9126 107.3199 4.0000
    endloop
  endfacet
  facet normal 3.368899e-01 9.415441e-01 0.000000e+00
    outer loop
      vertex 45.4724 113.2115 0.0000
      vertex 44.1511 113.6842 0.0000
      vertex 44.1511 113.6842 4.0000
    endloop
  endfacet
  facet normal 3.368899e-01 9.415441e-01 -0.000000e+00
    outer loop
      vertex 45.4724 113.2115 0.0000
      vertex 44.1511 113.6842 4.0000
      vertex 45.4724 113.2115 4.0000
    endloop
  endfacet
  facet normal -3.368899e-01 -9.415441e-01 0.000000e+00
    outer loop
      vertex 43.1763 107.6682 0.0000
      vertex 43.1763 107.6682 4.0000
      vertex 42.4094 107.9426 4.0000
    endloop
  endfacet
  facet normal -3.368899e-01 -9.415441e-01 0.000000e+00
    outer loop
      vertex 43.1763 107.6682 0.0000
      vertex 42.4094 107.9426 4.0000
      vertex 42.4094 107.9426 0.0000
    endloop
  endfacet
  facet normal 0.000000e+00 0.000000e+00 -1.000000e+00
    outer loop
      vertex 45.4724 113.2115 0.0000
      vertex 43.1763 107.6682 0.0000
      vertex 42.4094 107.9426 0.0000
    endloop
  endfacet
  facet normal -0.000000e+00 0.000000e+00 -1.000000e+00
    outer loop
      vertex 45.4724 113.2115 0.0000
      vertex 42.4094 107.9426 0.0000
      vertex 44.1511 113.6842 0.0000
    endloop
  endfacet
  facet normal 0.000000e+00 0.000000e+00 1.000000e+00
    outer loop
      vertex 45.4724 113.2115 4.0000
      vertex 44.1511 113.6842 4.0000
      vertex 42.4094 107.9426 4.0000
    endloop
  endfacet
  facet normal 0.000000e+00 0.000000e+00 1.000000e+00
    outer loop
      vertex 45.4724 113.2115 4.0000
      vertex 42.4094 107.9426 4.0000
      vertex 43.1763 107.6682 4.0000
    endloop
  endfacet
  facet normal 2.429802e-01 9.700313e-01 0.000000e+00
    outer loop
      vertex 44.1511 113.6842 0.0000
      vertex 42.7898 114.0252 0.0000
      vertex 42.7898 114.0252 4.0000
    endloop
  endfacet
  facet normal 2.429802e-01 9.700313e-01 -0.000000e+00
    outer loop
      vertex 44.1511 113.6842 0.0000
      vertex 42.7898 114.0252 4.0000
      vertex 44.1511 113.6842 4.0000
    endloop
  endfacet
  facet normal -2.429802e-01 -9.700313e-01 0.000000e+00
    outer loop
      vertex 42.4094 107.9426 0.0000
      vertex 42.4094 107.9426 4.0000
      vertex 41.6192 108.1405 4.0000
    endloop
  endfacet
  facet normal -2.429802e-01 -9.700313e-01 0.000000e+00
    outer loop
      vertex 42.4094 107.9426 0.0000
      vertex 41.6192 108.1405 4.0000
      vertex 41.6192 108.1405 0.0000
    endloop
  endfacet
  facet normal 0.000000e+00 0.000000e+00 -1.000000e+00
    outer loop
      vertex 44.1511 113.6842 0.0000
      vertex 42.4094 107.9426 0.0000
      vertex 41.6192 108.1405 0.0000
    endloop
  endfacet
  facet normal -0.000000e+00 0.000000e+00 -1.000000e+00
    outer loop
      vertex 44.1511 113.6842 0.0000
      vertex 41.6192 108.1405 0.0000
      vertex 42.7898 114.0252 0.0000
    endloop
  endfacet
  facet normal 0.000000e+00 0.000000e+00 1.000000e+00
    outer loop
      vertex 44.1511 113.6842 4.0000
      vertex 42.7898 114.0252 4.0000
      vertex 41.6192 108.1405 4.0000
    endloop
  endfacet
  facet normal 0.000000e+00 0.000000e+00 1.000000e+00
    outer loop
      vertex 44.1511 113.6842 4.0000
      vertex 41.6192 108.1405 4.0000
      vertex 42.4094 107.9426 4.0000
    endloop
  endfacet
  facet normal 1.467305e-01 9.891765e-01 0.000000e+00
    outer loop
      vertex 42.7898 114.0252 0.0000
      vertex 41.4016 114.2311 0.0000
      vertex 41.4016 114.2311 4.0000
    endloop
  endfacet
  facet normal 1.467305e-01 9.891765e-01 -0.000000e+00
    outer loop
      vertex 42.7898 114.0252 0.0000
      vertex 41.4016 114.2311 4.0000
      vertex 42.7898 114.0252 4.0000
    endloop
  endfacet
  facet normal -1.467305e-01 -9.891765e-01 0.000000e+00
    outer loop
      vertex 41.6192 108.1405 0.0000
      vertex 41.6192 108.1405 4.0000
      vertex 40.8135 108.2600 4.0000
    endloop
  endfacet
  facet normal -1.467305e-01 -9.891765e-01 0.000000e+00
    outer loop
      vertex 41.6192 108.1405 0.0000
      vertex 40.8135 108.2600 4.0000
      vertex 40.8135 108.2600 0.0000
    endloop
  endfacet
  facet normal 0.000000e+00 0.000000e+00 -1.000000e+00
    outer loop
      vertex 42.7898 114.0252 0.0000
      vertex 41.6192 108.1405 0.0000
      vertex 40.8135 108.2600 0.0000
    endloop
  endfacet
  facet normal -0.000000e+00 0.000000e+00 -1.000000e+00
    outer loop
      vertex 42.7898 114.0252 0.0000
      vertex 40.8135 108.2600 0.0000
      vertex 41.4016 114.2311 0.0000
    endloop
  endfacet
  facet normal 0.000000e+00 0.000000e+00 1.000000e+00
    outer loop
      vertex 42.7898 114.0252 4.0000
      vertex 41.4016 114.2311 4.0000
      vertex 40.8135 108.2600 4.0000
    endloop
  endfacet
  facet normal 0.000000e+00 0.000000e+00 1.000000e+00
    outer loop
      vertex 42.7898 114.0252 4.0000
      vertex 40.8135 108.2600 4.0000
      vertex 41.6192 108.1405 4.0000
    endloop
  endfacet
  facet normal 4.906767e-02 9.987955e-01 0.000000e+00
    outer loop
      vertex 41.4016 114.2311 0.0000
      vertex 40.0000 114.3000 0.0000
      vertex 40.0000 114.3000 4.0000
    endloop
  endfacet
  facet normal 4.906767e-02 9.987955e-01 -0.000000e+00
    outer loop
      vertex 41.4016 114.2311 0.0000
      vertex 40.0000 114.3000 4.0000
      vertex 41.4016 114.2311 4.0000
    endloop
  endfacet
  facet normal -4.906767e-02 -9.987955e-01 0.000000e+00
    outer loop
      vertex 40.8135 108.2600 0.0000
      vertex 40.8135 108.2600 4.0000
      vertex 40.0000 108.3000 4.0000
    endloop
  endfacet
  facet normal -4.906767e-02 -9.987955e-01 0.000000e+00
    outer loop
      vertex 40.8135 108.2600 0.0000
      vertex 40.0000 108.3000 4.0000
      vertex 40.0000 108.3000 0.0000
    endloop
  endfacet
  facet normal 0.000000e+00 0.000000e+00 -1.000000e+00
    outer loop
      vertex 41.4016 114.2311 0.0000
      vertex 40.8135 108.2600 0.0000
      vertex 40.0000 108.3000 0.0000
    endloop
  endfacet
  facet normal -0.000000e+00 0.000000e+00 -1.000000e+00
    outer loop
      vertex 41.4016 114.2311 0.0000
      vertex 40.0000 108.3000 0.0000
      vertex 40.0000 114.3000 0.0000
    endloop
  endfacet
  facet normal 0.000000e+00 0.000000e+00 1.000000e+00
    outer loop
      vertex 41.4016 114.2311 4.0000
      vertex 40.0000 114.3000 4.0000
      vertex 40.0000 108.3000 4.0000
    endloop
  endfacet
  facet normal 0.000000e+00 0.000000e+00 1.000000e+00
    outer loop
      vertex 41.4016 114.2311 4.0000
      vertex 40.0000 108.3000 4.0000
      vertex 40.8135 108.2600 4.0000
    endloop
  endfacet
  facet normal -4.906767e-02 9.987955e-01 0.000000e+00
    outer loop
      vertex 40.0000 114.3000 0.0000
      vertex 38.5984 114.2311 0.0000
      vertex 38.5984 114.2311 4.0000
    endloop
  endfacet
  facet normal -4.906767e-02 9.987955e-01 0.000000e+00
    outer loop
      vertex 40.0000 114.3000 0.0000
      vertex 38.5984 114.2311 4.0000
      vertex 40.0000 114.3000 4.0000
    endloop
  endfacet
  facet normal 4.906767e-02 -9.987955e-01 0.000000e+00
    outer loop
      vertex 40.0000 108.3000 0.0000
      vertex 40.0000 108.3000 4.0000
      vertex 39.1865 108.2600 4.0000
    endloop
  endfacet
  facet normal 4.906767e-02 -9.987955e-01 0.000000e+00
    outer loop
      vertex 40.0000 108.3000 0.0000
      vertex 39.1865 108.2600 4.0000
      vertex 39.1865 108.2600 0.0000
    endloop
  endfacet
  facet normal 0.000000e+00 -0.000000e+00 -1.000000e+00
    outer loop
      vertex 40.0000 114.3000 0.0000
      vertex 40.0000 108.3000 0.0000
      vertex 39.1865 108.2600 0.0000
    endloop
  endfacet
  facet normal 0.000000e+00 0.000000e+00 -1.000000e+00
    outer loop
      vertex 40.0000 114.3000 0.0000
      vertex 39.1865 108.2600 0.0000
      vertex 38.5984 114.2311 0.0000
    endloop
  endfacet
  facet normal 0.000000e+00 0.000000e+00 1.000000e+00
    outer loop
      vertex 40.0000 114.3000 4.0000
      vertex 38.5984 114.2311 4.0000
      vertex 39.1865 108.2600 4.0000
    endloop
  endfacet
  facet normal 0.000000e+00 0.000000e+00 1.000000e+00
    outer loop
      vertex 40.0000 114.3000 4.0000
      vertex 39.1865 108.2600 4.0000
      vertex 40.0000 108.3000 4.0000
    endloop
  endfacet
  facet normal -1.467305e-01 9.891765e-01 0.000000e+00
    outer loop
      vertex 38.5984 114.2311 0.0000
      vertex 37.2102 114.0252 0.0000
      vertex 37.2102 114.0252 4.0000
    endloop
  endfacet
  facet normal -1.467305e-01 9.891765e-01 0.000000e+00
    outer loop
      vertex 38.5984 114.2311 0.0000
      vertex 37.2102 114.0252 4.0000
      vertex 38.5984 114.2311 4.0000
    endloop
  endfacet
  facet normal 1.467305e-01 -9.891765e-01 0.000000e+00
    outer loop
      vertex 39.1865 108.2600 0.0000
      vertex 39.1865 108.2600 4.0000
      vertex 38.3808 108.1405 4.0000
    endloop
  endfacet
  facet normal 1.467305e-01 -9.891765e-01 0.000000e+00
    outer loop
      vertex 39.1865 108.2600 0.0000
      vertex 38.3808 108.1405 4.0000
      vertex 38.3808 108.1405 0.0000
    endloop
  endfacet
  facet normal 0.000000e+00 -0.000000e+00 -1.000000e+00
    outer loop
      vertex 38.5984 114.2311 0.0000
      vertex 39.1865 108.2600 0.0000
      vertex 38.3808 108.1405 0.0000
    endloop
  endfacet
  facet normal 0.000000e+00 0.000000e+00 -1.000000e+00
    outer loop
      vertex 38.5984 114.2311 0.0000
      vertex 38.3808 108.1405 0.0000
      vertex 37.2102 114.0252 0.0000
    endloop
  endfacet
  facet normal 0.000000e+00 0.000000e+00 1.000000e+00
    outer loop
      vertex 38.5984 114.2311 4.0000
      vertex 37.2102 114.0252 4.0000
      vertex 38.3808 108.1405 4.0000
    endloop
  endfacet
  facet normal 0.000000e+00 0.000000e+00 1.000000e+00
    outer loop
      vertex 38.5984 114.2311 4.0000
      vertex 38.3808 108.1405 4.0000
      vertex 39.1865 108.2600 4.0000
    endloop
  endfacet
  facet normal -2.429802e-01 9.700313e-01 0.000000e+00
    outer loop
      vertex 37.2102 114.0252 0.0000
      vertex 35.8489 113.6842 0.0000
      vertex 35.8489 113.6842 4.0000
    endloop
  endfacet
  facet normal -2.429802e-01 9.700313e-01 0.000000e+00
    outer loop
      vertex 37.2102 114.0252 0.0000
      vertex 35.8489 113.6842 4.0000
      vertex 37.2102 114.0252 4.0000
    endloop
  endfacet
  facet normal 2.429802e-01 -9.700313e-01 0.000000e+00
    outer loop
      vertex 38.3808 108.1405 0.0000
      vertex 38.3808 108.1405 4.0000
      vertex 37.5906 107.9426 4.0000
    endloop
  endfacet
  facet normal 2.429802e-01 -9.700313e-01 0.000000e+00
    outer loop
      vertex 38.3808 108.1405 0.0000
      vertex 37.5906 107.9426 4.0000
      vertex 37.5906 107.9426 0.0000
    endloop
  endfacet
  facet normal 0.000000e+00 0.000000e+00 -1.000000e+00
    outer loop
      vertex 37.2102 114.0252 0.0000
      vertex 38.3808 108.1405 0.0000
      vertex 37.5906 107.9426 0.0000
    endloop
  endfacet
  facet normal 0.000000e+00 -0.000000e+00 -1.000000e+00
    outer loop
      vertex 37.2102 114.0252 0.0000
      vertex 37.5906 107.9426 0.0000
      vertex 35.8489 113.6842 0.0000
    endloop
  endfacet
  facet normal 0.000000e+00 0.000000e+00 1.000000e+00
    outer loop
      vertex 37.2102 114.0252 4.0000
      vertex 35.8489 113.6842 4.0000
      vertex 37.5906 107.9426 4.0000
    endloop
  endfacet
  facet normal 0.000000e+00 0.000000e+00 1.000000e+00
    outer loop
      vertex 37.2102 114.0252 4.0000
      vertex 37.5906 107.9426 4.0000
      vertex 38.3808 108.1405 4.0000
    endloop
  endfacet
  facet normal -3.368899e-01 9.415441e-01 0.000000e+00
    outer loop
      vertex 35.8489 113.6842 0.0000
      vertex 34.5276 113.2115 0.0000
      vertex 34.5276 113.2115 4.0000
    endloop
  endfacet
  facet normal -3.368899e-01 9.415441e-01 0.000000e+00
    outer loop
      vertex 35.8489 113.6842 0.0000
      vertex 34.5276 113.2115 4.0000
      vertex 35.8489 113.6842 4.0000
    endloop
  endfacet
  facet normal 3.368899e-01 -9.415441e-01 0.000000e+00
    outer loop
      vertex 37.5906 107.9426 0.0000
      vertex 37.5906 107.9426 4.0000
      vertex 36.8237 107.6682 4.0000
    endloop
  endfacet
  facet normal 3.368899e-01 -9.415441e-01 0.000000e+00
    outer loop
      vertex 37.5906 107.9426 0.0000
      vertex 36.8237 107.6682 4.0000
      vertex 36.8237 107.6682 0.0000
    endloop
  endfacet
  facet normal 0.000000e+00 0.000000e+00 -1.000000e+00
    outer loop
      vertex 35.8489 113.6842 0.0000
      vertex 37.5906 107.9426 0.0000
      vertex 36.8237 107.6682 0.0000
    endloop
  endfacet
  facet normal 0.000000e+00 -0.000000e+00 -1.000000e+00
    outer loop
      vertex 35.8489 113.6842 0.0000
      vertex 36.8237 107.6682 0.0000
      vertex 34.5276 113.2115 0.0000
    endloop
  endfacet
  facet normal 0.000000e+00 0.000000e+00 1.000000e+00
    outer loop
      vertex 35.8489 113.6842 4.0000
      vertex 34.5276 113.2115 4.0000
      vertex 36.8237 107.6682 4.0000
    endloop
  endfacet
  facet normal 0.000000e+00 0.000000e+00 1.000000e+00
    outer loop
      vertex 35.8489 113.6842 4.0000
      vertex 36.8237 107.6682 4.0000
      vertex 37.5906 107.9426 4.0000
    endloop
  endfacet
  facet normal -4.275551e-01 9.039893e-01 0.000000e+00
    outer loop
      vertex 34.5276 113.2115 0.0000
      vertex 33.2590 112.6115 0.0000
      vertex 33.2590 112.6115 4.0000
    endloop
  endfacet
  facet normal -4.275551e-01 9.039893e-01 0.000000e+00
    outer loop
      vertex 34.5276 113.2115 0.0000
      vertex 33.2590 112.6115 4.0000
      vertex 34.5276 113.2115 4.0000
    endloop
  endfacet
  facet normal 4.275551e-01 -9.039893e-01 0.000000e+00
    outer loop
      vertex 36.8237 107.6682 0.0000
      vertex 36.8237 107.6682 4.0000
      vertex 36.0874 107.3199 4.0000
    endloop
  endfacet
  facet normal 4.275551e-01 -9.039893e-01 0.000000e+00
    outer loop
      vertex 36.8237 107.6682 0.0000
      vertex 36.0874 107.3199 4.0000
      vertex 36.0874 107.3199 0.0000
    endloop
  endfacet
  facet normal 0.000000e+00 0.000000e+00 -1.000000e+00
    outer loop
      vertex 34.5276 113.2115 0.0000
      vertex 36.8237 107.6682 0.0000
      vertex 36.0874 107.3199 0.0000
    endloop
  endfacet
  facet normal 0.000000e+00 -0.000000e+00 -1.000000e+00
    outer loop
      vertex 34.5276 113.2115 0.0000
      vertex 36.0874 107.3199 0.0000
      vertex 33.2590 112.6115 0.0000
    endloop
  endfacet
  facet normal 0.000000e+00 0.000000e+00 1.000000e+00
    outer loop
      vertex 34.5276 113.2115 4.0000
      vertex 33.2590 112.6115 4.0000
      vertex 36.0874 107.3199 4.0000
    endloop
  endfacet
  facet normal 0.000000e+00 0.000000e+00 1.000000e+00
    outer loop
      vertex 34.5276 113.2115 4.0000
      vertex 36.0874 107.3199 4.0000
      vertex 36.8237 107.6682 4.0000
    endloop
  endfacet
  facet normal -5.141027e-01 8.577286e-01 0.000000e+00
    outer loop
      vertex 33.2590 112.6115 0.0000
      vertex 32.0553 111.8900 0.0000
      vertex 32.0553 111.8900 4.0000
    endloop
  endfacet
  facet normal -5.141027e-01 8.577286e-01 0.000000e+00
    outer loop
      vertex 33.2590 112.6115 0.0000
      vertex 32.0553 111.8900 4.0000
      vertex 33.2590 112.6115 4.0000
    endloop
  endfacet
  facet normal 5.141027e-01 -8.577286e-01 0.000000e+00
    outer loop
      vertex 36.0874 107.3199 0.0000
      vertex 36.0874 107.3199 4.0000
      vertex 35.3888 106.9012 4.0000
    endloop
  endfacet
  facet normal 5.141027e-01 -8.577286e-01 0.000000e+00
    outer loop
      vertex 36.0874 107.3199 0.0000
      vertex 35.3888 106.9012 4.0000
      vertex 35.3888 106.9012 0.0000
    endloop
  endfacet
  facet normal 0.000000e+00 0.000000e+00 -1.000000e+00
    outer loop
      vertex 33.2590 112.6115 0.0000
      vertex 36.0874 107.3199 0.0000
      vertex 35.3888 106.9012 0.0000
    endloop
  endfacet
  facet normal 0.000000e+00 -0.000000e+00 -1.000000e+00
    outer loop
      vertex 33.2590 112.6115 0.0000
      vertex 35.3888 106.9012 0.0000
      vertex 32.0553 111.8900 0.0000
    endloop
  endfacet
  facet normal 0.000000e+00 0.000000e+00 1.000000e+00
    outer loop
      vertex 33.2590 112.6115 4.0000
      vertex 32.0553 111.8900 4.0000
      vertex 35.3888 106.9012 4.0000
    endloop
  endfacet
  facet normal 0.000000e+00 0.000000e+00 1.000000e+00
    outer loop
      vertex 33.2590 112.6115 4.0000
      vertex 35.3888 106.9012 4.0000
      vertex 36.0874 107.3199 4.0000
    endloop
  endfacet
  facet normal -5.956993e-01 8.032075e-01 0.000000e+00
    outer loop
      vertex 32.0553 111.8900 0.0000
      vertex 30.9282 111.0540 0.0000
      vertex 30.9282 111.0540 4.0000
    endloop
  endfacet
  facet normal -5.956993e-01 8.032075e-01 0.000000e+00
    outer loop
      vertex 32.0553 111.8900 0.0000
      vertex 30.9282 111.0540 4.0000
      vertex 32.0553 111.8900 4.0000
    endloop
  endfacet
  facet normal 5.956993e-01 -8.032075e-01 0.000000e+00
    outer loop
      vertex 35.3888 106.9012 0.0000
      vertex 35.3888 106.9012 4.0000
      vertex 34.7345 106.4160 4.0000
    endloop
  endfacet
  facet normal 5.956993e-01 -8.032075e-01 0.000000e+00
    outer loop
      vertex 35.3888 106.9012 0.0000
      vertex 34.7345 106.4160 4.0000
      vertex 34.7345 106.4160 0.0000
    endloop
  endfacet
  facet normal 0.000000e+00 0.000000e+00 -1.000000e+00
    outer loop
      vertex 32.0553 111.8900 0.0000
      vertex 35.3888 106.9012 0.0000
      vertex 34.7345 106.4160 0.0000
    endloop
  endfacet
  facet normal 0.000000e+00 -0.000000e+00 -1.000000e+00
    outer loop
      vertex 32.0553 111.8900 0.0000
      vertex 34.7345 106.4160 0.0000
      vertex 30.9282 111.0540 0.0000
    endloop
  endfacet
  facet normal 0.000000e+00 0.000000e+00 1.000000e+00
    outer loop
      vertex 32.0553 111.8900 4.0000
      vertex 30.9282 111.0540 4.0000
      vertex 34.7345 106.4160 4.0000
    endloop
  endfacet
  facet normal 0.000000e+00 0.000000e+00 1.000000e+00
    outer loop
      vertex 32.0553 111.8900 4.0000
      vertex 34.7345 106.4160 4.0000
      vertex 35.3888 106.9012 4.0000
    endloop
  endfacet
  facet normal -6.715590e-01 7.409511e-01 0.000000e+00
    outer loop
      vertex 30.9282 111.0540 0.0000
      vertex 29.8884 110.1116 0.0000
      vertex 29.8884 110.1116 4.0000
    endloop
  endfacet
  facet normal -6.715590e-01 7.409511e-01 0.000000e+00
    outer loop
      vertex 30.9282 111.0540 0.0000
      vertex 29.8884 110.1116 4.0000
      vertex 30.9282 111.0540 4.0000
    endloop
  endfacet
  facet normal 6.715590e-01 -7.409511e-01 0.000000e+00
    outer loop
      vertex 34.7345 106.4160 0.0000
      vertex 34.7345 106.4160 4.0000
      vertex 34.1310 105.8690 4.0000
    endloop
  endfacet
  facet normal 6.715590e-01 -7.409511e-01 0.000000e+00
    outer loop
      vertex 34.7345 106.4160 0.0000
      vertex 34.1310 105.8690 4.0000
      vertex 34.1310 105.8690 0.0000
    endloop
  endfacet
  facet normal 0.000000e+00 0.000000e+00 -1.000000e+00
    outer loop
      vertex 30.9282 111.0540 0.0000
      vertex 34.7345 106.4160 0.0000
      vertex 34.1310 105.8690 0.0000
    endloop
  endfacet
  facet normal 0.000000e+00 -0.000000e+00 -1.000000e+00
    outer loop
      vertex 30.9282 111.0540 0.0000
      vertex 34.1310 105.8690 0.0000
      vertex 29.8884 110.1116 0.0000
    endloop
  endfacet
  facet normal 0.000000e+00 0.000000e+00 1.000000e+00
    outer loop
      vertex 30.9282 111.0540 4.0000
      vertex 29.8884 110.1116 4.0000
      vertex 34.1310 105.8690 4.0000
    endloop
  endfacet
  facet normal 0.000000e+00 0.000000e+00 1.000000e+00
    outer loop
      vertex 30.9282 111.0540 4.0000
      vertex 34.1310 105.8690 4.0000
      vertex 34.7345 106.4160 4.0000
    endloop
  endfacet
  facet normal -7.409511e-01 6.715590e-01 0.000000e+00
    outer loop
      vertex 29.8884 110.1116 0.0000
      vertex 28.9460 109.0718 0.0000
      vertex 28.9460 109.0718 4.0000
    endloop
  endfacet
  facet normal -7.409511e-01 6.715590e-01 0.000000e+00
    outer loop
      vertex 29.8884 110.1116 0.0000
      vertex 28.9460 109.0718 4.0000
      vertex 29.8884 110.1116 4.0000
    endloop
  endfacet
  facet normal 7.409511e-01 -6.715590e-01 0.000000e+00
    outer loop
      vertex 34.1310 105.8690 0.0000
      vertex 34.1310 105.8690 4.0000
      vertex 33.5840 105.2655 4.0000
    endloop
  endfacet
  facet normal 7.409511e-01 -6.715590e-01 0.000000e+00
    outer loop
      vertex 34.1310 105.8690 0.0000
      vertex 33.5840 105.2655 4.0000
      vertex 33.5840 105.2655 0.0000
    endloop
  endfacet
  facet normal 0.000000e+00 0.000000e+00 -1.000000e+00
    outer loop
      vertex 29.8884 110.1116 0.0000
      vertex 34.1310 105.8690 0.0000
      vertex 33.5840 105.2655 0.0000
    endloop
  endfacet
  facet normal 0.000000e+00 -0.000000e+00 -1.000000e+00
    outer loop
      vertex 29.8884 110.1116 0.0000
      vertex 33.5840 105.2655 0.0000
      vertex 28.9460 109.0718 0.0000
    endloop
  endfacet
  facet normal 0.000000e+00 0.000000e+00 1.000000e+00
    outer loop
      vertex 29.8884 110.1116 4.0000
      vertex 28.9460 109.0718 4.0000
      vertex 33.5840 105.2655 4.0000
    endloop
  endfacet
  facet normal 0.000000e+00 0.000000e+00 1.000000e+00
    outer loop
      vertex 29.8884 110.1116 4.0000
      vertex 33.5840 105.2655 4.0000
      vertex 34.1310 105.8690 4.0000
    endloop
  endfacet
  facet normal -8.032075e-01 5.956993e-01 0.000000e+00
    outer loop
      vertex 28.9460 109.0718 0.0000
      vertex 28.1100 107.9447 0.0000
      vertex 28.1100 107.9447 4.0000
    endloop
  endfacet
  facet normal -8.032075e-01 5.956993e-01 0.000000e+00
    outer loop
      vertex 28.9460 109.0718 0.0000
      vertex 28.1100 107.9447 4.0000
      vertex 28.9460 109.0718 4.0000
    endloop
  endfacet
  facet normal 8.032075e-01 -5.956993e-01 0.000000e+00
    outer loop
      vertex 33.5840 105.2655 0.0000
      vertex 33.5840 105.2655 4.0000
      vertex 33.0988 104.6112 4.0000
    endloop
  endfacet
  facet normal 8.032075e-01 -5.956993e-01 0.000000e+00
    outer loop
      vertex 33.5840 105.2655 0.0000
      vertex 33.0988 104.6112 4.0000
      vertex 33.0988 104.6112 0.0000
    endloop
  endfacet
  facet normal 0.000000e+00 0.000000e+00 -1.000000e+00
    outer loop
      vertex 28.9460 109.0718 0.0000
      vertex 33.5840 105.2655 0.0000
      vertex 33.0988 104.6112 0.0000
    endloop
  endfacet
  facet normal 0.000000e+00 -0.000000e+00 -1.000000e+00
    outer loop
      vertex 28.9460 109.0718 0.0000
      vertex 33.0988 104.6112 0.0000
      vertex 28.1100 107.9447 0.0000
    endloop
  endfacet
  facet normal 0.000000e+00 0.000000e+00 1.000000e+00
    outer loop
      vertex 28.9460 109.0718 4.0000
      vertex 28.1100 107.9447 4.0000
      vertex 33.0988 104.6112 4.0000
    endloop
  endfacet
  facet normal 0.000000e+00 0.000000e+00 1.000000e+00
    outer loop
      vertex 28.9460 109.0718 4.0000
      vertex 33.0988 104.6112 4.0000
      vertex 33.5840 105.2655 4.0000
    endloop
  endfacet
  facet normal -8.577286e-01 5.141027e-01 0.000000e+00
    outer loop
      vertex 28.1100 107.9447 0.0000
      vertex 27.3885 106.7410 0.0000
      vertex 27.3885 106.7410 4.0000
    endloop
  endfacet
  facet normal -8.577286e-01 5.141027e-01 0.000000e+00
    outer loop
      vertex 28.1100 107.9447 0.0000
      vertex 27.3885 106.7410 4.0000
      vertex 28.1100 107.9447 4.0000
    endloop
  endfacet
  facet normal 8.577286e-01 -5.141027e-01 0.000000e+00
    outer loop
      vertex 33.0988 104.6112 0.0000
      vertex 33.0988 104.6112 4.0000
      vertex 32.6801 103.9126 4.0000
    endloop
  endfacet
  facet normal 8.577286e-01 -5.141027e-01 0.000000e+00
    outer loop
      vertex 33.0988 104.6112 0.0000
      vertex 32.6801 103.9126 4.0000
      vertex 32.6801 103.9126 0.0000
    endloop
  endfacet
  facet normal 0.000000e+00 0.000000e+00 -1.000000e+00
    outer loop
      vertex 28.1100 107.9447 0.0000
      vertex 33.0988 104.6112 0.0000
      vertex 32.6801 103.9126 0.0000
    endloop
  endfacet
  facet normal 0.000000e+00 -0.000000e+00 -1.000000e+00
    outer loop
      vertex 28.1100 107.9447 0.0000
      vertex 32.6801 103.9126 0.0000
      vertex 27.3885 106.7410 0.0000
    endloop
  endfacet
  facet normal 0.000000e+00 0.000000e+00 1.000000e+00
    outer loop
      vertex 28.1100 107.9447 4.0000
      vertex 27.3885 106.7410 4.0000
      vertex 32.6801 103.9126 4.0000
    endloop
  endfacet
  facet normal 0.000000e+00 0.000000e+00 1.000000e+00
    outer loop
      vertex 28.1100 107.9447 4.0000
      vertex 32.6801 103.9126 4.0000
      vertex 33.0988 104.6112 4.0000
    endloop
  endfacet
  facet normal -9.039893e-01 4.275551e-01 0.000000e+00
    outer loop
      vertex 27.3885 106.7410 0.0000
      vertex 26.7885 105.4724 0.0000
      vertex 26.7885 105.4724 4.0000
    endloop
  endfacet
  facet normal -9.039893e-01 4.275551e-01 0.000000e+00
    outer loop
      vertex 27.3885 106.7410 0.0000
      vertex 26.7885 105.4724 4.0000
      vertex 27.3885 106.7410 4.0000
    endloop
  endfacet
  facet normal 9.039893e-01 -4.275551e-01 0.000000e+00
    outer loop
      vertex 32.6801 103.9126 0.0000
      vertex 32.6801 103.9126 4.0000
      vertex 32.3318 103.1763 4.0000
    endloop
  endfacet
  facet normal 9.039893e-01 -4.275551e-01 0.000000e+00
    outer loop
      vertex 32.6801 103.9126 0.0000
      vertex 32.3318 103.1763 4.0000
      vertex 32.3318 103.1763 0.0000
    endloop
  endfacet
  facet normal 0.000000e+00 0.000000e+00 -1.000000e+00
    outer loop
      vertex 27.3885 106.7410 0.0000
      vertex 32.6801 103.9126 0.0000
      vertex 32.3318 103.1763 0.0000
    endloop
  endfacet
  facet normal 0.000000e+00 -0.000000e+00 -1.000000e+00
    outer loop
      vertex 27.3885 106.7410 0.0000
      vertex 32.3318 103.1763 0.0000
      vertex 26.7885 105.4724 0.0000
    endloop
  endfacet
  facet normal 0.000000e+00 0.000000e+00 1.000000e+00
    outer loop
      vertex 27.3885 106.7410 4.0000
      vertex 26.7885 105.4724 4.0000
      vertex 32.3318 103.1763 4.0000
    endloop
  endfacet
  facet normal 0.000000e+00 0.000000e+00 1.000000e+00
    outer loop
      vertex 27.3885 106.7410 4.0000
      vertex 32.3318 103.1763 4.0000
      vertex 32.6801 103.9126 4.0000
    endloop
  endfacet
  facet normal -9.415441e-01 3.368899e-01 0.000000e+00
    outer loop
      vertex 26.7885 105.4724 0.0000
      vertex 26.3158 104.1511 0.0000
      vertex 26.3158 104.1511 4.0000
    endloop
  endfacet
  facet normal -9.415441e-01 3.368899e-01 0.000000e+00
    outer loop
      vertex 26.7885 105.4724 0.0000
      vertex 26.3158 104.1511 4.0000
      vertex 26.7885 105.4724 4.0000
    endloop
  endfacet
  facet normal 9.415441e-01 -3.368899e-01 0.000000e+00
    outer loop
      vertex 32.3318 103.1763 0.0000
      vertex 32.3318 103.1763 4.0000
      vertex 32.0574 102.4094 4.0000
    endloop
  endfacet
  facet normal 9.415441e-01 -3.368899e-01 0.000000e+00
    outer loop
      vertex 32.3318 103.1763 0.0000
      vertex 32.0574 102.4094 4.0000
      vertex 32.0574 102.4094 0.0000
    endloop
  endfacet
  facet normal 0.000000e+00 0.000000e+00 -1.000000e+00
    outer loop
      vertex 26.7885 105.4724 0.0000
      vertex 32.3318 103.1763 0.0000
      vertex 32.0574 102.4094 0.0000
    endloop
  endfacet
  facet normal 0.000000e+00 -0.000000e+00 -1.000000e+00
    outer loop
      vertex 26.7885 105.4724 0.0000
      vertex 32.0574 102.4094 0.0000
      vertex 26.3158 104.1511 0.0000
    endloop
  endfacet
  facet normal 0.000000e+00 0.000000e+00 1.000000e+00
    outer loop
      vertex 26.7885 105.4724 4.0000
      vertex 26.3158 104.1511 4.0000
      vertex 32.0574 102.4094 4.0000
    endloop
  endfacet
  facet normal 0.000000e+00 0.000000e+00 1.000000e+00
    outer loop
      vertex 26.7885 105.4724 4.0000
      vertex 32.0574 102.4094 4.0000
      vertex 32.3318 103.1763 4.0000
    endloop
  endfacet
  facet normal -9.700313e-01 2.429802e-01 0.000000e+00
    outer loop
      vertex 26.3158 104.1511 0.0000
      vertex 25.9748 102.7898 0.0000
      vertex 25.9748 102.7898 4.0000
    endloop
  endfacet
  facet normal -9.700313e-01 2.429802e-01 0.000000e+00
    outer loop
      vertex 26.3158 104.1511 0.0000
      vertex 25.9748 102.7898 4.0000
      vertex 26.3158 104.1511 4.0000
    endloop
  endfacet
  facet normal 9.700313e-01 -2.429802e-01 0.000000e+00
    outer loop
      vertex 32.0574 102.4094 0.0000
      vertex 32.0574 102.4094 4.0000
      vertex 31.8595 101.6192 4.0000
    endloop
  endfacet
  facet normal 9.700313e-01 -2.429802e-01 0.000000e+00
    outer loop
      vertex 32.0574 102.4094 0.0000
      vertex 31.8595 101.6192 4.0000
      vertex 31.8595 101.6192 0.0000
    endloop
  endfacet
  facet normal 0.000000e+00 0.000000e+00 -1.000000e+00
    outer loop
      vertex 26.3158 104.1511 0.0000
      vertex 32.0574 102.4094 0.0000
      vertex 31.8595 101.6192 0.0000
    endloop
  endfacet
  facet normal 0.000000e+00 -0.000000e+00 -1.000000e+00
    outer loop
      vertex 26.3158 104.1511 0.0000
      vertex 31.8595 101.6192 0.0000
      vertex 25.9748 102.7898 0.0000
    endloop
  endfacet
  facet normal 0.000000e+00 0.000000e+00 1.000000e+00
    outer loop
      vertex 26.3158 104.1511 4.0000
      vertex 25.9748 102.7898 4.0000
      vertex 31.8595 101.6192 4.0000
    endloop
  endfacet
  facet normal 0.000000e+00 0.000000e+00 1.000000e+00
    outer loop
      vertex 26.3158 104.1511 4.0000
      vertex 31.8595 101.6192 4.0000
      vertex 32.0574 102.4094 4.0000
    endloop
  endfacet
  facet normal -9.891765e-01 1.467305e-01 0.000000e+00
    outer loop
      vertex 25.9748 102.7898 0.0000
      vertex 25.7689 101.4016 0.0000
      vertex 25.7689 101.4016 4.0000
    endloop
  endfacet
  facet normal -9.891765e-01 1.467305e-01 0.000000e+00
    outer loop
      vertex 25.9748 102.7898 0.0000
      vertex 25.7689 101.4016 4.0000
      vertex 25.9748 102.7898 4.0000
    endloop
  endfacet
  facet normal 9.891765e-01 -1.467305e-01 0.000000e+00
    outer loop
      vertex 31.8595 101.6192 0.0000
      vertex 31.8595 101.6192 4.0000
      vertex 31.7400 100.8135 4.0000
    endloop
  endfacet
  facet normal 9.891765e-01 -1.467305e-01 0.000000e+00
    outer loop
      vertex 31.8595 101.6192 0.0000
      vertex 31.7400 100.8135 4.0000
      vertex 31.7400 100.8135 0.0000
    endloop
  endfacet
  facet normal 0.000000e+00 0.000000e+00 -1.000000e+00
    outer loop
      vertex 25.9748 102.7898 0.0000
      vertex 31.8595 101.6192 0.0000
      vertex 31.7400 100.8135 0.0000
    endloop
  endfacet
  facet normal 0.000000e+00 -0.000000e+00 -1.000000e+00
    outer loop
      vertex 25.9748 102.7898 0.0000
      vertex 31.7400 100.8135 0.0000
      vertex 25.7689 101.4016 0.0000
    endloop
  endfacet
  facet normal 0.000000e+00 0.000000e+00 1.000000e+00
    outer loop
      vertex 25.9748 102.7898 4.0000
      vertex 25.7689 101.4016 4.0000
      vertex 31.7400 100.8135 4.0000
    endloop
  endfacet
  facet normal 0.000000e+00 0.000000e+00 1.000000e+00
    outer loop
      vertex 25.9748 102.7898 4.0000
      vertex 31.7400 100.8135 4.0000
      vertex 31.8595 101.6192 4.0000
    endloop
  endfacet
  facet normal -9.987955e-01 4.906767e-02 0.000000e+00
    outer loop
      vertex 25.7689 101.4016 0.0000
      vertex 25.7000 100.0000 0.0000
      vertex 25.7000 100.0000 4.0000
    endloop
  endfacet
  facet normal -9.987955e-01 4.906767e-02 0.000000e+00
    outer loop
      vertex 25.7689 101.4016 0.0000
      vertex 25.7000 100.0000 4.0000
      vertex 25.7689 101.4016 4.0000
    endloop
  endfacet
  facet normal 9.987955e-01 -4.906767e-02 0.000000e+00
    outer loop
      vertex 31.7400 100.8135 0.0000
      vertex 31.7400 100.8135 4.0000
      vertex 31.7000 100.0000 4.0000
    endloop
  endfacet
  facet normal 9.987955e-01 -4.906767e-02 0.000000e+00
    outer loop
      vertex 31.7400 100.8135 0.0000
      vertex 31.7000 100.0000 4.0000
      vertex 31.7000 100.0000 0.0000
    endloop
  endfacet
  facet normal 0.000000e+00 0.000000e+00 -1.000000e+00
    outer loop
      vertex 25.7689 101.4016 0.0000
      vertex 31.7400 100.8135 0.0000
      vertex 31.7000 100.0000 0.0000
    endloop
  endfacet
  facet normal 0.000000e+00 -0.000000e+00 -1.000000e+00
    outer loop
      vertex 25.7689 101.4016 0.0000
      vertex 31.7000 100.0000 0.0000
      vertex 25.7000 100.0000 0.0000
    endloop
  endfacet
  facet normal 0.000000e+00 0.000000e+00 1.000000e+00
    outer loop
      vertex 25.7689 101.4016 4.0000
      vertex 25.7000 100.0000 4.0000
      vertex 31.7000 100.0000 4.0000
    endloop
  endfacet
  facet normal 0.000000e+00 0.000000e+00 1.000000e+00
    outer loop
      vertex 25.7689 101.4016 4.0000
      vertex 31.7000 100.0000 4.0000
      vertex 31.7400 100.8135 4.0000
    endloop
  endfacet
  facet normal -9.987955e-01 -4.906767e-02 0.000000e+00
    outer loop
      vertex 25.7000 100.0000 0.0000
      vertex 25.7689 98.5984 0.0000
      vertex 25.7689 98.5984 4.0000
    endloop
  endfacet
  facet normal -9.987955e-01 -4.906767e-02 0.000000e+00
    outer loop
      vertex 25.7000 100.0000 0.0000
      vertex 25.7689 98.5984 4.0000
      vertex 25.7000 100.0000 4.0000
    endloop
  endfacet
  facet normal 9.987955e-01 4.906767e-02 -0.000000e+00
    outer loop
      vertex 31.7000 100.0000 0.0000
      vertex 31.7000 100.0000 4.0000
      vertex 31.7400 99.1865 4.0000
    endloop
  endfacet
  facet normal 9.987955e-01 4.906767e-02 0.000000e+00
    outer loop
      vertex 31.7000 100.0000 0.0000
      vertex 31.7400 99.1865 4.0000
      vertex 31.7400 99.1865 0.0000
    endloop
  endfacet
  facet normal 0.000000e+00 0.000000e+00 -1.000000e+00
    outer loop
      vertex 25.7000 100.0000 0.0000
      vertex 31.7000 100.0000 0.0000
      vertex 31.7400 99.1865 0.0000
    endloop
  endfacet
  facet normal 0.000000e+00 0.000000e+00 -1.000000e+00
    outer loop
      vertex 25.7000 100.0000 0.0000
      vertex 31.7400 99.1865 0.0000
      vertex 25.7689 98.5984 0.0000
    endloop
  endfacet
  facet normal 0.000000e+00 0.000000e+00 1.000000e+00
    outer loop
      vertex 25.7000 100.0000 4.0000
      vertex 25.7689 98.5984 4.0000
      vertex 31.7400 99.1865 4.0000
    endloop
  endfacet
  facet normal -0.000000e+00 0.000000e+00 1.000000e+00
    outer loop
      vertex 25.7000 100.0000 4.0000
      vertex 31.7400 99.1865 4.0000
      vertex 31.7000 100.0000 4.0000
    endloop
  endfacet
  facet normal -9.891765e-01 -1.467305e-01 0.000000e+00
    outer loop
      vertex 25.7689 98.5984 0.0000
      vertex 25.9748 97.2102 0.0000
      vertex 25.9748 97.2102 4.0000
    endloop
  endfacet
  facet normal -9.891765e-01 -1.467305e-01 0.000000e+00
    outer loop
      vertex 25.7689 98.5984 0.0000
      vertex 25.9748 97.2102 4.0000
      vertex 25.7689 98.5984 4.0000
    endloop
  endfacet
  facet normal 9.891765e-01 1.467305e-01 -0.000000e+00
    outer loop
      vertex 31.7400 99.1865 0.0000
      vertex 31.7400 99.1865 4.0000
      vertex 31.8595 98.3808 4.0000
    endloop
  endfacet
  facet normal 9.891765e-01 1.467305e-01 0.000000e+00
    outer loop
      vertex 31.7400 99.1865 0.0000
      vertex 31.8595 98.3808 4.0000
      vertex 31.8595 98.3808 0.0000
    endloop
  endfacet
  facet normal 0.000000e+00 0.000000e+00 -1.000000e+00
    outer loop
      vertex 25.7689 98.5984 0.0000
      vertex 31.7400 99.1865 0.0000
      vertex 31.8595 98.3808 0.0000
    endloop
  endfacet
  facet normal 0.000000e+00 0.000000e+00 -1.000000e+00
    outer loop
      vertex 25.7689 98.5984 0.0000
      vertex 31.8595 98.3808 0.0000
      vertex 25.9748 97.2102 0.0000
    endloop
  endfacet
  facet normal 0.000000e+00 0.000000e+00 1.000000e+00
    outer loop
      vertex 25.7689 98.5984 4.0000
      vertex 25.9748 97.2102 4.0000
      vertex 31.8595 98.3808 4.0000
    endloop
  endfacet
  facet normal -0.000000e+00 0.000000e+00 1.000000e+00
    outer loop
      vertex 25.7689 98.5984 4.0000
      vertex 31.8595 98.3808 4.0000
      vertex 31.7400 99.1865 4.0000
    endloop
  endfacet
  facet normal -9.700313e-01 -2.429802e-01 0.000000e+00
    outer loop
      vertex 25.9748 97.2102 0.0000
      vertex 26.3158 95.8489 0.0000
      vertex 26.3158 95.8489 4.0000
    endloop
  endfacet
  facet normal -9.700313e-01 -2.429802e-01 0.000000e+00
    outer loop
      vertex 25.9748 97.2102 0.0000
      vertex 26.3158 95.8489 4.0000
      vertex 25.9748 97.2102 4.0000
    endloop
  endfacet
  facet normal 9.700313e-01 2.429802e-01 -0.000000e+00
    outer loop
      vertex 31.8595 98.3808 0.0000
      vertex 31.8595 98.3808 4.0000
      vertex 32.0574 97.5906 4.0000
    endloop
  endfacet
  facet normal 9.700313e-01 2.429802e-01 0.000000e+00
    outer loop
      vertex 31.8595 98.3808 0.0000
      vertex 32.0574 97.5906 4.0000
      vertex 32.0574 97.5906 0.0000
    endloop
  endfacet
  facet normal 0.000000e+00 0.000000e+00 -1.000000e+00
    outer loop
      vertex 25.9748 97.2102 0.0000
      vertex 31.8595 98.3808 0.0000
      vertex 32.0574 97.5906 0.0000
    endloop
  endfacet
  facet normal 0.000000e+00 0.000000e+00 -1.000000e+00
    outer loop
      vertex 25.9748 97.2102 0.0000
      vertex 32.0574 97.5906 0.0000
      vertex 26.3158 95.8489 0.0000
    endloop
  endfacet
  facet normal -0.000000e+00 0.000000e+00 1.000000e+00
    outer loop
      vertex 25.9748 97.2102 4.0000
      vertex 26.3158 95.8489 4.0000
      vertex 32.0574 97.5906 4.0000
    endloop
  endfacet
  facet normal 0.000000e+00 0.000000e+00 1.000000e+00
    outer loop
      vertex 25.9748 97.2102 4.0000
      vertex 32.0574 97.5906 4.0000
      vertex 31.8595 98.3808 4.0000
    endloop
  endfacet
  facet normal -9.415441e-01 -3.368899e-01 0.000000e+00
    outer loop
      vertex 26.3158 95.8489 0.0000
      vertex 26.7885 94.5276 0.0000
      vertex 26.7885 94.5276 4.0000
    endloop
  endfacet
  facet normal -9.415441e-01 -3.368899e-01 0.000000e+00
    outer loop
      vertex 26.3158 95.8489 0.0000
      vertex 26.7885 94.5276 4.0000
      vertex 26.3158 95.8489 4.0000
    endloop
  endfacet
  facet normal 9.415441e-01 3.368899e-01 -0.000000e+00
    outer loop
      vertex 32.0574 97.5906 0.0000
      vertex 32.0574 97.5906 4.0000
      vertex 32.3318 96.8237 4.0000
    endloop
  endfacet
  facet normal 9.415441e-01 3.368899e-01 0.000000e+00
    outer loop
      vertex 32.0574 97.5906 0.0000
      vertex 32.3318 96.8237 4.0000
      vertex 32.3318 96.8237 0.0000
    endloop
  endfacet
  facet normal 0.000000e+00 0.000000e+00 -1.000000e+00
    outer loop
      vertex 26.3158 95.8489 0.0000
      vertex 32.0574 97.5906 0.0000
      vertex 32.3318 96.8237 0.0000
    endloop
  endfacet
  facet normal 0.000000e+00 0.000000e+00 -1.000000e+00
    outer loop
      vertex 26.3158 95.8489 0.0000
      vertex 32.3318 96.8237 0.0000
      vertex 26.7885 94.5276 0.0000
    endloop
  endfacet
  facet normal -0.000000e+00 0.000000e+00 1.000000e+00
    outer loop
      vertex 26.3158 95.8489 4.0000
      vertex 26.7885 94.5276 4.0000
      vertex 32.3318 96.8237 4.0000
    endloop
  endfacet
  facet normal 0.000000e+00 0.000000e+00 1.000000e+00
    outer loop
      vertex 26.3158 95.8489 4.0000
      vertex 32.3318 96.8237 4.0000
      vertex 32.0574 97.5906 4.0000
    endloop
  endfacet
  facet normal -9.039893e-01 -4.275551e-01 0.000000e+00
    outer loop
      vertex 26.7885 94.5276 0.0000
      vertex 27.3885 93.2590 0.0000
      vertex 27.3885 93.2590 4.0000
    endloop
  endfacet
  facet normal -9.039893e-01 -4.275551e-01 0.000000e+00
    outer loop
      vertex 26.7885 94.5276 0.0000
      vertex 27.3885 93.2590 4.0000
      vertex 26.7885 94.5276 4.0000
    endloop
  endfacet
  facet normal 9.039893e-01 4.275551e-01 -0.000000e+00
    outer loop
      vertex 32.3318 96.8237 0.0000
      vertex 32.3318 96.8237 4.0000
      vertex 32.6801 96.0874 4.0000
    endloop
  endfacet
  facet normal 9.039893e-01 4.275551e-01 0.000000e+00
    outer loop
      vertex 32.3318 96.8237 0.0000
      vertex 32.6801 96.0874 4.0000
      vertex 32.6801 96.0874 0.0000
    endloop
  endfacet
  facet normal 0.000000e+00 0.000000e+00 -1.000000e+00
    outer loop
      vertex 26.7885 94.5276 0.0000
      vertex 32.3318 96.8237 0.0000
      vertex 32.6801 96.0874 0.0000
    endloop
  endfacet
  facet normal 0.000000e+00 0.000000e+00 -1.000000e+00
    outer loop
      vertex 26.7885 94.5276 0.0000
      vertex 32.6801 96.0874 0.0000
      vertex 27.3885 93.2590 0.0000
    endloop
  endfacet
  facet normal -0.000000e+00 0.000000e+00 1.000000e+00
    outer loop
      vertex 26.7885 94.5276 4.0000
      vertex 27.3885 93.2590 4.0000
      vertex 32.6801 96.0874 4.0000
    endloop
  endfacet
  facet normal 0.000000e+00 0.000000e+00 1.000000e+00
    outer loop
      vertex 26.7885 94.5276 4.0000
      vertex 32.6801 96.0874 4.0000
      vertex 32.3318 96.8237 4.0000
    endloop
  endfacet
  facet normal -8.577286e-01 -5.141027e-01 0.000000e+00
    outer loop
      vertex 27.3885 93.2590 0.0000
      vertex 28.1100 92.0553 0.0000
      vertex 28.1100 92.0553 4.0000
    endloop
  endfacet
  facet normal -8.577286e-01 -5.141027e-01 0.000000e+00
    outer loop
      vertex 27.3885 93.2590 0.0000
      vertex 28.1100 92.0553 4.0000
      vertex 27.3885 93.2590 4.0000
    endloop
  endfacet
  facet normal 8.577286e-01 5.141027e-01 -0.000000e+00
    outer loop
      vertex 32.6801 96.0874 0.0000
      vertex 32.6801 96.0874 4.0000
      vertex 33.0988 95.3888 4.0000
    endloop
  endfacet
  facet normal 8.577286e-01 5.141027e-01 0.000000e+00
    outer loop
      vertex 32.6801 96.0874 0.0000
      vertex 33.0988 95.3888 4.0000
      vertex 33.0988 95.3888 0.0000
    endloop
  endfacet
  facet normal 0.000000e+00 0.000000e+00 -1.000000e+00
    outer loop
      vertex 27.3885 93.2590 0.0000
      vertex 32.6801 96.0874 0.0000
      vertex 33.0988 95.3888 0.0000
    endloop
  endfacet
  facet normal 0.000000e+00 0.000000e+00 -1.000000e+00
    outer loop
      vertex 27.3885 93.2590 0.0000
      vertex 33.0988 95.3888 0.0000
      vertex 28.1100 92.0553 0.0000
    endloop
  endfacet
  facet normal -0.000000e+00 0.000000e+00 1.000000e+00
    outer loop
      vertex 27.3885 93.2590 4.0000
      vertex 28.1100 92.0553 4.0000
      vertex 33.0988 95.3888 4.0000
    endloop
  endfacet
  facet normal 0.000000e+00 0.000000e+00 1.000000e+00
    outer loop
      vertex 27.3885 93.2590 4.0000
      vertex 33.0988 95.3888 4.0000
      vertex 32.6801 96.0874 4.0000
    endloop
  endfacet
  facet normal -8.032075e-01 -5.956993e-01 0.000000e+00
    outer loop
      vertex 28.1100 92.0553 0.0000
      vertex 28.9460 90.9282 0.0000
      vertex 28.9460 90.9282 4.0000
    endloop
  endfacet
  facet normal -8.032075e-01 -5.956993e-01 0.000000e+00
    outer loop
      vertex 28.1100 92.0553 0.0000
      vertex 28.9460 90.9282 4.0000
      vertex 28.1100 92.0553 4.0000
    endloop
  endfacet
  facet normal 8.032075e-01 5.956993e-01 -0.000000e+00
    outer loop
      vertex 33.0988 95.3888 0.0000
      vertex 33.0988 95.3888 4.0000
      vertex 33.5840 94.7345 4.0000
    endloop
  endfacet
  facet normal 8.032075e-01 5.956993e-01 0.000000e+00
    outer loop
      vertex 33.0988 95.3888 0.0000
      vertex 33.5840 94.7345 4.0000
      vertex 33.5840 94.7345 0.0000
    endloop
  endfacet
  facet normal 0.000000e+00 0.000000e+00 -1.000000e+00
    outer loop
      vertex 28.1100 92.0553 0.0000
      vertex 33.0988 95.3888 0.0000
      vertex 33.5840 94.7345 0.0000
    endloop
  endfacet
  facet normal 0.000000e+00 0.000000e+00 -1.000000e+00
    outer loop
      vertex 28.1100 92.0553 0.0000
      vertex 33.5840 94.7345 0.0000
      vertex 28.9460 90.9282 0.0000
    endloop
  endfacet
  facet normal -0.000000e+00 0.000000e+00 1.000000e+00
    outer loop
      vertex 28.1100 92.0553 4.0000
      vertex 28.9460 90.9282 4.0000
      vertex 33.5840 94.7345 4.0000
    endloop
  endfacet
  facet normal 0.000000e+00 0.000000e+00 1.000000e+00
    outer loop
      vertex 28.1100 92.0553 4.0000
      vertex 33.5840 94.7345 4.0000
      vertex 33.0988 95.3888 4.0000
    endloop
  endfacet
  facet normal -7.409511e-01 -6.715590e-01 0.000000e+00
    outer loop
      vertex 28.9460 90.9282 0.0000
      vertex 29.8884 89.8884 0.0000
      vertex 29.8884 89.8884 4.0000
    endloop
  endfacet
  facet normal -7.409511e-01 -6.715590e-01 0.000000e+00
    outer loop
      vertex 28.9460 90.9282 0.0000
      vertex 29.8884 89.8884 4.0000
      vertex 28.9460 90.9282 4.0000
    endloop
  endfacet
  facet normal 7.409511e-01 6.715590e-01 -0.000000e+00
    outer loop
      vertex 33.5840 94.7345 0.0000
      vertex 33.5840 94.7345 4.0000
      vertex 34.1310 94.1310 4.0000
    endloop
  endfacet
  facet normal 7.409511e-01 6.715590e-01 0.000000e+00
    outer loop
      vertex 33.5840 94.7345 0.0000
      vertex 34.1310 94.1310 4.0000
      vertex 34.1310 94.1310 0.0000
    endloop
  endfacet
  facet normal 0.000000e+00 0.000000e+00 -1.000000e+00
    outer loop
      vertex 28.9460 90.9282 0.0000
      vertex 33.5840 94.7345 0.0000
      vertex 34.1310 94.1310 0.0000
    endloop
  endfacet
  facet normal 0.000000e+00 0.000000e+00 -1.000000e+00
    outer loop
      vertex 28.9460 90.9282 0.0000
      vertex 34.1310 94.1310 0.0000
      vertex 29.8884 89.8884 0.0000
    endloop
  endfacet
  facet normal -0.000000e+00 0.000000e+00 1.000000e+00
    outer loop
      vertex 28.9460 90.9282 4.0000
      vertex 29.8884 89.8884 4.0000
      vertex 34.1310 94.1310 4.0000
    endloop
  endfacet
  facet normal 0.000000e+00 0.000000e+00 1.000000e+00
    outer loop
      vertex 28.9460 90.9282 4.0000
      vertex 34.1310 94.1310 4.0000
      vertex 33.5840 94.7345 4.0000
    endloop
  endfacet
  facet normal -6.715590e-01 -7.409511e-01 0.000000e+00
    outer loop
      vertex 29.8884 89.8884 0.0000
      vertex 30.9282 88.9460 0.0000
      vertex 30.9282 88.9460 4.0000
    endloop
  endfacet
  facet normal -6.715590e-01 -7.409511e-01 0.000000e+00
    outer loop
      vertex 29.8884 89.8884 0.0000
      vertex 30.9282 88.9460 4.0000
      vertex 29.8884 89.8884 4.0000
    endloop
  endfacet
  facet normal 6.715590e-01 7.409511e-01 -0.000000e+00
    outer loop
      vertex 34.1310 94.1310 0.0000
      vertex 34.1310 94.1310 4.0000
      vertex 34.7345 93.5840 4.0000
    endloop
  endfacet
  facet normal 6.715590e-01 7.409511e-01 0.000000e+00
    outer loop
      vertex 34.1310 94.1310 0.0000
      vertex 34.7345 93.5840 4.0000
      vertex 34.7345 93.5840 0.0000
    endloop
  endfacet
  facet normal 0.000000e+00 0.000000e+00 -1.000000e+00
    outer loop
      vertex 29.8884 89.8884 0.0000
      vertex 34.1310 94.1310 0.0000
      vertex 34.7345 93.5840 0.0000
    endloop
  endfacet
  facet normal 0.000000e+00 0.000000e+00 -1.000000e+00
    outer loop
      vertex 29.8884 89.8884 0.0000
      vertex 34.7345 93.5840 0.0000
      vertex 30.9282 88.9460 0.0000
    endloop
  endfacet
  facet normal -0.000000e+00 0.000000e+00 1.000000e+00
    outer loop
      vertex 29.8884 89.8884 4.0000
      vertex 30.9282 88.9460 4.0000
      vertex 34.7345 93.5840 4.0000
    endloop
  endfacet
  facet normal 0.000000e+00 0.000000e+00 1.000000e+00
    outer loop
      vertex 29.8884 89.8884 4.0000
      vertex 34.7345 93.5840 4.0000
      vertex 34.1310 94.1310 4.0000
    endloop
  endfacet
  facet normal -5.956993e-01 -8.032075e-01 0.000000e+00
    outer loop
      vertex 30.9282 88.9460 0.0000
      vertex 32.0553 88.1100 0.0000
      vertex 32.0553 88.1100 4.0000
    endloop
  endfacet
  facet normal -5.956993e-01 -8.032075e-01 0.000000e+00
    outer loop
      vertex 30.9282 88.9460 0.0000
      vertex 32.0553 88.1100 4.0000
      vertex 30.9282 88.9460 4.0000
    endloop
  endfacet
  facet normal 5.956993e-01 8.032075e-01 -0.000000e+00
    outer loop
      vertex 34.7345 93.5840 0.0000
      vertex 34.7345 93.5840 4.0000
      vertex 35.3888 93.0988 4.0000
    endloop
  endfacet
  facet normal 5.956993e-01 8.032075e-01 0.000000e+00
    outer loop
      vertex 34.7345 93.5840 0.0000
      vertex 35.3888 93.0988 4.0000
      vertex 35.3888 93.0988 0.0000
    endloop
  endfacet
  facet normal 0.000000e+00 0.000000e+00 -1.000000e+00
    outer loop
      vertex 30.9282 88.9460 0.0000
      vertex 34.7345 93.5840 0.0000
      vertex 35.3888 93.0988 0.0000
    endloop
  endfacet
  facet normal 0.000000e+00 0.000000e+00 -1.000000e+00
    outer loop
      vertex 30.9282 88.9460 0.0000
      vertex 35.3888 93.0988 0.0000
      vertex 32.0553 88.1100 0.0000
    endloop
  endfacet
  facet normal -0.000000e+00 0.000000e+00 1.000000e+00
    outer loop
      vertex 30.9282 88.9460 4.0000
      vertex 32.0553 88.1100 4.0000
      vertex 35.3888 93.0988 4.0000
    endloop
  endfacet
  facet normal 0.000000e+00 0.000000e+00 1.000000e+00
    outer loop
      vertex 30.9282 88.9460 4.0000
      vertex 35.3888 93.0988 4.0000
      vertex 34.7345 93.5840 4.0000
    endloop
  endfacet
  facet normal -5.141027e-01 -8.577286e-01 0.000000e+00
    outer loop
      vertex 32.0553 88.1100 0.0000
      vertex 33.2590 87.3885 0.0000
      vertex 33.2590 87.3885 4.0000
    endloop
  endfacet
  facet normal -5.141027e-01 -8.577286e-01 0.000000e+00
    outer loop
      vertex 32.0553 88.1100 0.0000
      vertex 33.2590 87.3885 4.0000
      vertex 32.0553 88.1100 4.0000
    endloop
  endfacet
  facet normal 5.141027e-01 8.577286e-01 -0.000000e+00
    outer loop
      vertex 35.3888 93.0988 0.0000
      vertex 35.3888 93.0988 4.0000
      vertex 36.0874 92.6801 4.0000
    endloop
  endfacet
  facet normal 5.141027e-01 8.577286e-01 0.000000e+00
    outer loop
      vertex 35.3888 93.0988 0.0000
      vertex 36.0874 92.6801 4.0000
      vertex 36.0874 92.6801 0.0000
    endloop
  endfacet
  facet normal 0.000000e+00 0.000000e+00 -1.000000e+00
    outer loop
      vertex 32.0553 88.1100 0.0000
      vertex 35.3888 93.0988 0.0000
      vertex 36.0874 92.6801 0.0000
    endloop
  endfacet
  facet normal 0.000000e+00 0.000000e+00 -1.000000e+00
    outer loop
      vertex 32.0553 88.1100 0.0000
      vertex 36.0874 92.6801 0.0000
      vertex 33.2590 87.3885 0.0000
    endloop
  endfacet
  facet normal -0.000000e+00 0.000000e+00 1.000000e+00
    outer loop
      vertex 32.0553 88.1100 4.0000
      vertex 33.2590 87.3885 4.0000
      vertex 36.0874 92.6801 4.0000
    endloop
  endfacet
  facet normal 0.000000e+00 0.000000e+00 1.000000e+00
    outer loop
      vertex 32.0553 88.1100 4.0000
      vertex 36.0874 92.6801 4.0000
      vertex 35.3888 93.0988 4.0000
    endloop
  endfacet
  facet normal -4.275551e-01 -9.039893e-01 0.000000e+00
    outer loop
      vertex 33.2590 87.3885 0.0000
      vertex 34.5276 86.7885 0.0000
      vertex 34.5276 86.7885 4.0000
    endloop
  endfacet
  facet normal -4.275551e-01 -9.039893e-01 0.000000e+00
    outer loop
      vertex 33.2590 87.3885 0.0000
      vertex 34.5276 86.7885 4.0000
      vertex 33.2590 87.3885 4.0000
    endloop
  endfacet
  facet normal 4.275551e-01 9.039893e-01 -0.000000e+00
    outer loop
      vertex 36.0874 92.6801 0.0000
      vertex 36.0874 92.6801 4.0000
      vertex 36.8237 92.3318 4.0000
    endloop
  endfacet
  facet normal 4.275551e-01 9.039893e-01 0.000000e+00
    outer loop
      vertex 36.0874 92.6801 0.0000
      vertex 36.8237 92.3318 4.0000
      vertex 36.8237 92.3318 0.0000
    endloop
  endfacet
  facet normal 0.000000e+00 0.000000e+00 -1.000000e+00
    outer loop
      vertex 33.2590 87.3885 0.0000
      vertex 36.0874 92.6801 0.0000
      vertex 36.8237 92.3318 0.0000
    endloop
  endfacet
  facet normal 0.000000e+00 0.000000e+00 -1.000000e+00
    outer loop
      vertex 33.2590 87.3885 0.0000
      vertex 36.8237 92.3318 0.0000
      vertex 34.5276 86.7885 0.0000
    endloop
  endfacet
  facet normal -0.000000e+00 0.000000e+00 1.000000e+00
    outer loop
      vertex 33.2590 87.3885 4.0000
      vertex 34.5276 86.7885 4.0000
      vertex 36.8237 92.3318 4.0000
    endloop
  endfacet
  facet normal 0.000000e+00 0.000000e+00 1.000000e+00
    outer loop
      vertex 33.2590 87.3885 4.0000
      vertex 36.8237 92.3318 4.0000
      vertex 36.0874 92.6801 4.0000
    endloop
  endfacet
  facet normal -3.368899e-01 -9.415441e-01 0.000000e+00
    outer loop
      vertex 34.5276 86.7885 0.0000
      vertex 35.8489 86.3158 0.0000
      vertex 35.8489 86.3158 4.0000
    endloop
  endfacet
  facet normal -3.368899e-01 -9.415441e-01 0.000000e+00
    outer loop
      vertex 34.5276 86.7885 0.0000
      vertex 35.8489 86.3158 4.0000
      vertex 34.5276 86.7885 4.0000
    endloop
  endfacet
  facet normal 3.368899e-01 9.415441e-01 -0.000000e+00
    outer loop
      vertex 36.8237 92.3318 0.0000
      vertex 36.8237 92.3318 4.0000
      vertex 37.5906 92.0574 4.0000
    endloop
  endfacet
  facet normal 3.368899e-01 9.415441e-01 0.000000e+00
    outer loop
      vertex 36.8237 92.3318 0.0000
      vertex 37.5906 92.0574 4.0000
      vertex 37.5906 92.0574 0.0000
    endloop
  endfacet
  facet normal 0.000000e+00 0.000000e+00 -1.000000e+00
    outer loop
      vertex 34.5276 86.7885 0.0000
      vertex 36.8237 92.3318 0.0000
      vertex 37.5906 92.0574 0.0000
    endloop
  endfacet
  facet normal 0.000000e+00 0.000000e+00 -1.000000e+00
    outer loop
      vertex 34.5276 86.7885 0.0000
      vertex 37.5906 92.0574 0.0000
      vertex 35.8489 86.3158 0.0000
    endloop
  endfacet
  facet normal -0.000000e+00 0.000000e+00 1.000000e+00
    outer loop
      vertex 34.5276 86.7885 4.0000
      vertex 35.8489 86.3158 4.0000
      vertex 37.5906 92.0574 4.0000
    endloop
  endfacet
  facet normal 0.000000e+00 0.000000e+00 1.000000e+00
    outer loop
      vertex 34.5276 86.7885 4.0000
      vertex 37.5906 92.0574 4.0000
      vertex 36.8237 92.3318 4.0000
    endloop
  endfacet
  facet normal -2.429802e-01 -9.700313e-01 0.000000e+00
    outer loop
      vertex 35.8489 86.3158 0.0000
      vertex 37.2102 85.9748 0.0000
      vertex 37.2102 85.9748 4.0000
    endloop
  endfacet
  facet normal -2.429802e-01 -9.700313e-01 0.000000e+00
    outer loop
      vertex 35.8489 86.3158 0.0000
      vertex 37.2102 85.9748 4.0000
      vertex 35.8489 86.3158 4.0000
    endloop
  endfacet
  facet normal 2.429802e-01 9.700313e-01 -0.000000e+00
    outer loop
      vertex 37.5906 92.0574 0.0000
      vertex 37.5906 92.0574 4.0000
      vertex 38.3808 91.8595 4.0000
    endloop
  endfacet
  facet normal 2.429802e-01 9.700313e-01 0.000000e+00
    outer loop
      vertex 37.5906 92.0574 0.0000
      vertex 38.3808 91.8595 4.0000
      vertex 38.3808 91.8595 0.0000
    endloop
  endfacet
  facet normal 0.000000e+00 0.000000e+00 -1.000000e+00
    outer loop
      vertex 35.8489 86.3158 0.0000
      vertex 37.5906 92.0574 0.0000
      vertex 38.3808 91.8595 0.0000
    endloop
  endfacet
  facet normal 0.000000e+00 0.000000e+00 -1.000000e+00
    outer loop
      vertex 35.8489 86.3158 0.0000
      vertex 38.3808 91.8595 0.0000
      vertex 37.2102 85.9748 0.0000
    endloop
  endfacet
  facet normal -0.000000e+00 0.000000e+00 1.000000e+00
    outer loop
      vertex 35.8489 86.3158 4.0000
      vertex 37.2102 85.9748 4.0000
      vertex 38.3808 91.8595 4.0000
    endloop
  endfacet
  facet normal 0.000000e+00 0.000000e+00 1.000000e+00
    outer loop
      vertex 35.8489 86.3158 4.0000
      vertex 38.3808 91.8595 4.0000
      vertex 37.5906 92.0574 4.0000
    endloop
  endfacet
  facet normal -1.467305e-01 -9.891765e-01 0.000000e+00
    outer loop
      vertex 37.2102 85.9748 0.0000
      vertex 38.5984 85.7689 0.0000
      vertex 38.5984 85.7689 4.0000
    endloop
  endfacet
  facet normal -1.467305e-01 -9.891765e-01 0.000000e+00
    outer loop
      vertex 37.2102 85.9748 0.0000
      vertex 38.5984 85.7689 4.0000
      vertex 37.2102 85.9748 4.0000
    endloop
  endfacet
  facet normal 1.467305e-01 9.891765e-01 -0.000000e+00
    outer loop
      vertex 38.3808 91.8595 0.0000
      vertex 38.3808 91.8595 4.0000
      vertex 39.1865 91.7400 4.0000
    endloop
  endfacet
  facet normal 1.467305e-01 9.891765e-01 0.000000e+00
    outer loop
      vertex 38.3808 91.8595 0.0000
      vertex 39.1865 91.7400 4.0000
      vertex 39.1865 91.7400 0.0000
    endloop
  endfacet
  facet normal 0.000000e+00 0.000000e+00 -1.000000e+00
    outer loop
      vertex 37.2102 85.9748 0.0000
      vertex 38.3808 91.8595 0.0000
      vertex 39.1865 91.7400 0.0000
    endloop
  endfacet
  facet normal 0.000000e+00 0.000000e+00 -1.000000e+00
    outer loop
      vertex 37.2102 85.9748 0.0000
      vertex 39.1865 91.7400 0.0000
      vertex 38.5984 85.7689 0.0000
    endloop
  endfacet
  facet normal -0.000000e+00 0.000000e+00 1.000000e+00
    outer loop
      vertex 37.2102 85.9748 4.0000
      vertex 38.5984 85.7689 4.0000
      vertex 39.1865 91.7400 4.0000
    endloop
  endfacet
  facet normal 0.000000e+00 0.000000e+00 1.000000e+00
    outer loop
      vertex 37.2102 85.9748 4.0000
      vertex 39.1865 91.7400 4.0000
      vertex 38.3808 91.8595 4.0000
    endloop
  endfacet
  facet normal -4.906767e-02 -9.987955e-01 0.000000e+00
    outer loop
      vertex 38.5984 85.7689 0.0000
      vertex 40.0000 85.7000 0.0000
      vertex 40.0000 85.7000 4.0000
    endloop
  endfacet
  facet normal -4.906767e-02 -9.987955e-01 0.000000e+00
    outer loop
      vertex 38.5984 85.7689 0.0000
      vertex 40.0000 85.7000 4.0000
      vertex 38.5984 85.7689 4.0000
    endloop
  endfacet
  facet normal 4.906767e-02 9.987955e-01 -0.000000e+00
    outer loop
      vertex 39.1865 91.7400 0.0000
      vertex 39.1865 91.7400 4.0000
      vertex 40.0000 91.7000 4.0000
    endloop
  endfacet
  facet normal 4.906767e-02 9.987955e-01 0.000000e+00
    outer loop
      vertex 39.1865 91.7400 0.0000
      vertex 40.0000 91.7000 4.0000
      vertex 40.0000 91.7000 0.0000
    endloop
  endfacet
  facet normal 0.000000e+00 0.000000e+00 -1.000000e+00
    outer loop
      vertex 38.5984 85.7689 0.0000
      vertex 39.1865 91.7400 0.0000
      vertex 40.0000 91.7000 0.0000
    endloop
  endfacet
  facet normal 0.000000e+00 0.000000e+00 -1.000000e+00
    outer loop
      vertex 38.5984 85.7689 0.0000
      vertex 40.0000 91.7000 0.0000
      vertex 40.0000 85.7000 0.0000
    endloop
  endfacet
  facet normal -0.000000e+00 0.000000e+00 1.000000e+00
    outer loop
      vertex 38.5984 85.7689 4.0000
      vertex 40.0000 85.7000 4.0000
      vertex 40.0000 91.7000 4.0000
    endloop
  endfacet
  facet normal 0.000000e+00 0.000000e+00 1.000000e+00
    outer loop
      vertex 38.5984 85.7689 4.0000
      vertex 40.0000 91.7000 4.0000
      vertex 39.1865 91.7400 4.0000
    endloop
  endfacet
  facet normal 4.906767e-02 -9.987955e-01 0.000000e+00
    outer loop
      vertex 40.0000 85.7000 0.0000
      vertex 41.4016 85.7689 0.0000
      vertex 41.4016 85.7689 4.0000
    endloop
  endfacet
  facet normal 4.906767e-02 -9.987955e-01 0.000000e+00
    outer loop
      vertex 40.0000 85.7000 0.0000
      vertex 41.4016 85.7689 4.0000
      vertex 40.0000 85.7000 4.0000
    endloop
  endfacet
  facet normal -4.906767e-02 9.987955e-01 0.000000e+00
    outer loop
      vertex 40.0000 91.7000 0.0000
      vertex 40.0000 91.7000 4.0000
      vertex 40.8135 91.7400 4.0000
    endloop
  endfacet
  facet normal -4.906767e-02 9.987955e-01 0.000000e+00
    outer loop
      vertex 40.0000 91.7000 0.0000
      vertex 40.8135 91.7400 4.0000
      vertex 40.8135 91.7400 0.0000
    endloop
  endfacet
  facet normal 0.000000e+00 0.000000e+00 -1.000000e+00
    outer loop
      vertex 40.0000 85.7000 0.0000
      vertex 40.0000 91.7000 0.0000
      vertex 40.8135 91.7400 0.0000
    endloop
  endfacet
  facet normal 0.000000e+00 0.000000e+00 -1.000000e+00
    outer loop
      vertex 40.0000 85.7000 0.0000
      vertex 40.8135 91.7400 0.0000
      vertex 41.4016 85.7689 0.0000
    endloop
  endfacet
  facet normal 0.000000e+00 0.000000e+00 1.000000e+00
    outer loop
      vertex 40.0000 85.7000 4.0000
      vertex 41.4016 85.7689 4.0000
      vertex 40.8135 91.7400 4.0000
    endloop
  endfacet
  facet normal 0.000000e+00 0.000000e+00 1.000000e+00
    outer loop
      vertex 40.0000 85.7000 4.0000
      vertex 40.8135 91.7400 4.0000
      vertex 40.0000 91.7000 4.0000
    endloop
  endfacet
  facet normal 1.467305e-01 -9.891765e-01 0.000000e+00
    outer loop
      vertex 41.4016 85.7689 0.0000
      vertex 42.7898 85.9748 0.0000
      vertex 42.7898 85.9748 4.0000
    endloop
  endfacet
  facet normal 1.467305e-01 -9.891765e-01 0.000000e+00
    outer loop
      vertex 41.4016 85.7689 0.0000
      vertex 42.7898 85.9748 4.0000
      vertex 41.4016 85.7689 4.0000
    endloop
  endfacet
  facet normal -1.467305e-01 9.891765e-01 0.000000e+00
    outer loop
      vertex 40.8135 91.7400 0.0000
      vertex 40.8135 91.7400 4.0000
      vertex 41.6192 91.8595 4.0000
    endloop
  endfacet
  facet normal -1.467305e-01 9.891765e-01 0.000000e+00
    outer loop
      vertex 40.8135 91.7400 0.0000
      vertex 41.6192 91.8595 4.0000
      vertex 41.6192 91.8595 0.0000
    endloop
  endfacet
  facet normal 0.000000e+00 0.000000e+00 -1.000000e+00
    outer loop
      vertex 41.4016 85.7689 0.0000
      vertex 40.8135 91.7400 0.0000
      vertex 41.6192 91.8595 0.0000
    endloop
  endfacet
  facet normal 0.000000e+00 0.000000e+00 -1.000000e+00
    outer loop
      vertex 41.4016 85.7689 0.0000
      vertex 41.6192 91.8595 0.0000
      vertex 42.7898 85.9748 0.0000
    endloop
  endfacet
  facet normal 0.000000e+00 0.000000e+00 1.000000e+00
    outer loop
      vertex 41.4016 85.7689 4.0000
      vertex 42.7898 85.9748 4.0000
      vertex 41.6192 91.8595 4.0000
    endloop
  endfacet
  facet normal 0.000000e+00 -0.000000e+00 1.000000e+00
    outer loop
      vertex 41.4016 85.7689 4.0000
      vertex 41.6192 91.8595 4.0000
      vertex 40.8135 91.7400 4.0000
    endloop
  endfacet
  facet normal 2.429802e-01 -9.700313e-01 0.000000e+00
    outer loop
      vertex 42.7898 85.9748 0.0000
      vertex 44.1511 86.3158 0.0000
      vertex 44.1511 86.3158 4.0000
    endloop
  endfacet
  facet normal 2.429802e-01 -9.700313e-01 0.000000e+00
    outer loop
      vertex 42.7898 85.9748 0.0000
      vertex 44.1511 86.3158 4.0000
      vertex 42.7898 85.9748 4.0000
    endloop
  endfacet
  facet normal -2.429802e-01 9.700313e-01 0.000000e+00
    outer loop
      vertex 41.6192 91.8595 0.0000
      vertex 41.6192 91.8595 4.0000
      vertex 42.4094 92.0574 4.0000
    endloop
  endfacet
  facet normal -2.429802e-01 9.700313e-01 0.000000e+00
    outer loop
      vertex 41.6192 91.8595 0.0000
      vertex 42.4094 92.0574 4.0000
      vertex 42.4094 92.0574 0.0000
    endloop
  endfacet
  facet normal 0.000000e+00 0.000000e+00 -1.000000e+00
    outer loop
      vertex 42.7898 85.9748 0.0000
      vertex 41.6192 91.8595 0.0000
      vertex 42.4094 92.0574 0.0000
    endloop
  endfacet
  facet normal 0.000000e+00 0.000000e+00 -1.000000e+00
    outer loop
      vertex 42.7898 85.9748 0.0000
      vertex 42.4094 92.0574 0.0000
      vertex 44.1511 86.3158 0.0000
    endloop
  endfacet
  facet normal 0.000000e+00 -0.000000e+00 1.000000e+00
    outer loop
      vertex 42.7898 85.9748 4.0000
      vertex 44.1511 86.3158 4.0000
      vertex 42.4094 92.0574 4.0000
    endloop
  endfacet
  facet normal 0.000000e+00 0.000000e+00 1.000000e+00
    outer loop
      vertex 42.7898 85.9748 4.0000
      vertex 42.4094 92.0574 4.0000
      vertex 41.6192 91.8595 4.0000
    endloop
  endfacet
  facet normal 3.368899e-01 -9.415441e-01 0.000000e+00
    outer loop
      vertex 44.1511 86.3158 0.0000
      vertex 45.4724 86.7885 0.0000
      vertex 45.4724 86.7885 4.0000
    endloop
  endfacet
  facet normal 3.368899e-01 -9.415441e-01 0.000000e+00
    outer loop
      vertex 44.1511 86.3158 0.0000
      vertex 45.4724 86.7885 4.0000
      vertex 44.1511 86.3158 4.0000
    endloop
  endfacet
  facet normal -3.368899e-01 9.415441e-01 0.000000e+00
    outer loop
      vertex 42.4094 92.0574 0.0000
      vertex 42.4094 92.0574 4.0000
      vertex 43.1763 92.3318 4.0000
    endloop
  endfacet
  facet normal -3.368899e-01 9.415441e-01 0.000000e+00
    outer loop
      vertex 42.4094 92.0574 0.0000
      vertex 43.1763 92.3318 4.0000
      vertex 43.1763 92.3318 0.0000
    endloop
  endfacet
  facet normal 0.000000e+00 0.000000e+00 -1.000000e+00
    outer loop
      vertex 44.1511 86.3158 0.0000
      vertex 42.4094 92.0574 0.0000
      vertex 43.1763 92.3318 0.0000
    endloop
  endfacet
  facet normal 0.000000e+00 0.000000e+00 -1.000000e+00
    outer loop
      vertex 44.1511 86.3158 0.0000
      vertex 43.1763 92.3318 0.0000
      vertex 45.4724 86.7885 0.0000
    endloop
  endfacet
  facet normal 0.000000e+00 -0.000000e+00 1.000000e+00
    outer loop
      vertex 44.1511 86.3158 4.0000
      vertex 45.4724 86.7885 4.0000
      vertex 43.1763 92.3318 4.0000
    endloop
  endfacet
  facet normal 0.000000e+00 0.000000e+00 1.000000e+00
    outer loop
      vertex 44.1511 86.3158 4.0000
      vertex 43.1763 92.3318 4.0000
      vertex 42.4094 92.0574 4.0000
    endloop
  endfacet
  facet normal 4.275551e-01 -9.039893e-01 0.000000e+00
    outer loop
      vertex 45.4724 86.7885 0.0000
      vertex 46.7410 87.3885 0.0000
      vertex 46.7410 87.3885 4.0000
    endloop
  endfacet
  facet normal 4.275551e-01 -9.039893e-01 0.000000e+00
    outer loop
      vertex 45.4724 86.7885 0.0000
      vertex 46.7410 87.3885 4.0000
      vertex 45.4724 86.7885 4.0000
    endloop
  endfacet
  facet normal -4.275551e-01 9.039893e-01 0.000000e+00
    outer loop
      vertex 43.1763 92.3318 0.0000
      vertex 43.1763 92.3318 4.0000
      vertex 43.9126 92.6801 4.0000
    endloop
  endfacet
  facet normal -4.275551e-01 9.039893e-01 0.000000e+00
    outer loop
      vertex 43.1763 92.3318 0.0000
      vertex 43.9126 92.6801 4.0000
      vertex 43.9126 92.6801 0.0000
    endloop
  endfacet
  facet normal 0.000000e+00 0.000000e+00 -1.000000e+00
    outer loop
      vertex 45.4724 86.7885 0.0000
      vertex 43.1763 92.3318 0.0000
      vertex 43.9126 92.6801 0.0000
    endloop
  endfacet
  facet normal 0.000000e+00 0.000000e+00 -1.000000e+00
    outer loop
      vertex 45.4724 86.7885 0.0000
      vertex 43.9126 92.6801 0.0000
      vertex 46.7410 87.3885 0.0000
    endloop
  endfacet
  facet normal 0.000000e+00 -0.000000e+00 1.000000e+00
    outer loop
      vertex 45.4724 86.7885 4.0000
      vertex 46.7410 87.3885 4.0000
      vertex 43.9126 92.6801 4.0000
    endloop
  endfacet
  facet normal 0.000000e+00 0.000000e+00 1.000000e+00
    outer loop
      vertex 45.4724 86.7885 4.0000
      vertex 43.9126 92.6801 4.0000
      vertex 43.1763 92.3318 4.0000
    endloop
  endfacet
  facet normal 5.141027e-01 -8.577286e-01 0.000000e+00
    outer loop
      vertex 46.7410 87.3885 0.0000
      vertex 47.9447 88.1100 0.0000
      vertex 47.9447 88.1100 4.0000
    endloop
  endfacet
  facet normal 5.141027e-01 -8.577286e-01 0.000000e+00
    outer loop
      vertex 46.7410 87.3885 0.0000
      vertex 47.9447 88.1100 4.0000
      vertex 46.7410 87.3885 4.0000
    endloop
  endfacet
  facet normal -5.141027e-01 8.577286e-01 0.000000e+00
    outer loop
      vertex 43.9126 92.6801 0.0000
      vertex 43.9126 92.6801 4.0000
      vertex 44.6112 93.0988 4.0000
    endloop
  endfacet
  facet normal -5.141027e-01 8.577286e-01 0.000000e+00
    outer loop
      vertex 43.9126 92.6801 0.0000
      vertex 44.6112 93.0988 4.0000
      vertex 44.6112 93.0988 0.0000
    endloop
  endfacet
  facet normal 0.000000e+00 0.000000e+00 -1.000000e+00
    outer loop
      vertex 46.7410 87.3885 0.0000
      vertex 43.9126 92.6801 0.0000
      vertex 44.6112 93.0988 0.0000
    endloop
  endfacet
  facet normal 0.000000e+00 0.000000e+00 -1.000000e+00
    outer loop
      vertex 46.7410 87.3885 0.0000
      vertex 44.6112 93.0988 0.0000
      vertex 47.9447 88.1100 0.0000
    endloop
  endfacet
  facet normal 0.000000e+00 -0.000000e+00 1.000000e+00
    outer loop
      vertex 46.7410 87.3885 4.0000
      vertex 47.9447 88.1100 4.0000
      vertex 44.6112 93.0988 4.0000
    endloop
  endfacet
  facet normal 0.000000e+00 0.000000e+00 1.000000e+00
    outer loop
      vertex 46.7410 87.3885 4.0000
      vertex 44.6112 93.0988 4.0000
      vertex 43.9126 92.6801 4.0000
    endloop
  endfacet
  facet normal 5.956993e-01 -8.032075e-01 0.000000e+00
    outer loop
      vertex 47.9447 88.1100 0.0000
      vertex 49.0718 88.9460 0.0000
      vertex 49.0718 88.9460 4.0000
    endloop
  endfacet
  facet normal 5.956993e-01 -8.032075e-01 0.000000e+00
    outer loop
      vertex 47.9447 88.1100 0.0000
      vertex 49.0718 88.9460 4.0000
      vertex 47.9447 88.1100 4.0000
    endloop
  endfacet
  facet normal -5.956993e-01 8.032075e-01 0.000000e+00
    outer loop
      vertex 44.6112 93.0988 0.0000
      vertex 44.6112 93.0988 4.0000
      vertex 45.2655 93.5840 4.0000
    endloop
  endfacet
  facet normal -5.956993e-01 8.032075e-01 0.000000e+00
    outer loop
      vertex 44.6112 93.0988 0.0000
      vertex 45.2655 93.5840 4.0000
      vertex 45.2655 93.5840 0.0000
    endloop
  endfacet
  facet normal 0.000000e+00 0.000000e+00 -1.000000e+00
    outer loop
      vertex 47.9447 88.1100 0.0000
      vertex 44.6112 93.0988 0.0000
      vertex 45.2655 93.5840 0.0000
    endloop
  endfacet
  facet normal 0.000000e+00 0.000000e+00 -1.000000e+00
    outer loop
      vertex 47.9447 88.1100 0.0000
      vertex 45.2655 93.5840 0.0000
      vertex 49.0718 88.9460 0.0000
    endloop
  endfacet
  facet normal 0.000000e+00 -0.000000e+00 1.000000e+00
    outer loop
      vertex 47.9447 88.1100 4.0000
      vertex 49.0718 88.9460 4.0000
      vertex 45.2655 93.5840 4.0000
    endloop
  endfacet
  facet normal 0.000000e+00 0.000000e+00 1.000000e+00
    outer loop
      vertex 47.9447 88.1100 4.0000
      vertex 45.2655 93.5840 4.0000
      vertex 44.6112 93.0988 4.0000
    endloop
  endfacet
  facet normal 6.715590e-01 -7.409511e-01 0.000000e+00
    outer loop
      vertex 49.0718 88.9460 0.0000
      vertex 50.1116 89.8884 0.0000
      vertex 50.1116 89.8884 4.0000
    endloop
  endfacet
  facet normal 6.715590e-01 -7.409511e-01 0.000000e+00
    outer loop
      vertex 49.0718 88.9460 0.0000
      vertex 50.1116 89.8884 4.0000
      vertex 49.0718 88.9460 4.0000
    endloop
  endfacet
  facet normal -6.715590e-01 7.409511e-01 0.000000e+00
    outer loop
      vertex 45.2655 93.5840 0.0000
      vertex 45.2655 93.5840 4.0000
      vertex 45.8690 94.1310 4.0000
    endloop
  endfacet
  facet normal -6.715590e-01 7.409511e-01 0.000000e+00
    outer loop
      vertex 45.2655 93.5840 0.0000
      vertex 45.8690 94.1310 4.0000
      vertex 45.8690 94.1310 0.0000
    endloop
  endfacet
  facet normal 0.000000e+00 0.000000e+00 -1.000000e+00
    outer loop
      vertex 49.0718 88.9460 0.0000
      vertex 45.2655 93.5840 0.0000
      vertex 45.8690 94.1310 0.0000
    endloop
  endfacet
  facet normal 0.000000e+00 0.000000e+00 -1.000000e+00
    outer loop
      vertex 49.0718 88.9460 0.0000
      vertex 45.8690 94.1310 0.0000
      vertex 50.1116 89.8884 0.0000
    endloop
  endfacet
  facet normal 0.000000e+00 -0.000000e+00 1.000000e+00
    outer loop
      vertex 49.0718 88.9460 4.0000
      vertex 50.1116 89.8884 4.0000
      vertex 45.8690 94.1310 4.0000
    endloop
  endfacet
  facet normal 0.000000e+00 0.000000e+00 1.000000e+00
    outer loop
      vertex 49.0718 88.9460 4.0000
      vertex 45.8690 94.1310 4.0000
      vertex 45.2655 93.5840 4.0000
    endloop
  endfacet
  facet normal 7.409511e-01 -6.715590e-01 0.000000e+00
    outer loop
      vertex 50.1116 89.8884 0.0000
      vertex 51.0540 90.9282 0.0000
      vertex 51.0540 90.9282 4.0000
    endloop
  endfacet
  facet normal 7.409511e-01 -6.715590e-01 0.000000e+00
    outer loop
      vertex 50.1116 89.8884 0.0000
      vertex 51.0540 90.9282 4.0000
      vertex 50.1116 89.8884 4.0000
    endloop
  endfacet
  facet normal -7.409511e-01 6.715590e-01 0.000000e+00
    outer loop
      vertex 45.8690 94.1310 0.0000
      vertex 45.8690 94.1310 4.0000
      vertex 46.4160 94.7345 4.0000
    endloop
  endfacet
  facet normal -7.409511e-01 6.715590e-01 0.000000e+00
    outer loop
      vertex 45.8690 94.1310 0.0000
      vertex 46.4160 94.7345 4.0000
      vertex 46.4160 94.7345 0.0000
    endloop
  endfacet
  facet normal 0.000000e+00 0.000000e+00 -1.000000e+00
    outer loop
      vertex 50.1116 89.8884 0.0000
      vertex 45.8690 94.1310 0.0000
      vertex 46.4160 94.7345 0.0000
    endloop
  endfacet
  facet normal 0.000000e+00 0.000000e+00 -1.000000e+00
    outer loop
      vertex 50.1116 89.8884 0.0000
      vertex 46.4160 94.7345 0.0000
      vertex 51.0540 90.9282 0.0000
    endloop
  endfacet
  facet normal 0.000000e+00 -0.000000e+00 1.000000e+00
    outer loop
      vertex 50.1116 89.8884 4.0000
      vertex 51.0540 90.9282 4.0000
      vertex 46.4160 94.7345 4.0000
    endloop
  endfacet
  facet normal 0.000000e+00 0.000000e+00 1.000000e+00
    outer loop
      vertex 50.1116 89.8884 4.0000
      vertex 46.4160 94.7345 4.0000
      vertex 45.8690 94.1310 4.0000
    endloop
  endfacet
  facet normal 8.032075e-01 -5.956993e-01 0.000000e+00
    outer loop
      vertex 51.0540 90.9282 0.0000
      vertex 51.8900 92.0553 0.0000
      vertex 51.8900 92.0553 4.0000
    endloop
  endfacet
  facet normal 8.032075e-01 -5.956993e-01 0.000000e+00
    outer loop
      vertex 51.0540 90.9282 0.0000
      vertex 51.8900 92.0553 4.0000
      vertex 51.0540 90.9282 4.0000
    endloop
  endfacet
  facet normal -8.032075e-01 5.956993e-01 0.000000e+00
    outer loop
      vertex 46.4160 94.7345 0.0000
      vertex 46.4160 94.7345 4.0000
      vertex 46.9012 95.3888 4.0000
    endloop
  endfacet
  facet normal -8.032075e-01 5.956993e-01 0.000000e+00
    outer loop
      vertex 46.4160 94.7345 0.0000
      vertex 46.9012 95.3888 4.0000
      vertex 46.9012 95.3888 0.0000
    endloop
  endfacet
  facet normal 0.000000e+00 0.000000e+00 -1.000000e+00
    outer loop
      vertex 51.0540 90.9282 0.0000
      vertex 46.4160 94.7345 0.0000
      vertex 46.9012 95.3888 0.0000
    endloop
  endfacet
  facet normal 0.000000e+00 0.000000e+00 -1.000000e+00
    outer loop
      vertex 51.0540 90.9282 0.0000
      vertex 46.9012 95.3888 0.0000
      vertex 51.8900 92.0553 0.0000
    endloop
  endfacet
  facet normal 0.000000e+00 -0.000000e+00 1.000000e+00
    outer loop
      vertex 51.0540 90.9282 4.0000
      vertex 51.8900 92.0553 4.0000
      vertex 46.9012 95.3888 4.0000
    endloop
  endfacet
  facet normal 0.000000e+00 0.000000e+00 1.000000e+00
    outer loop
      vertex 51.0540 90.9282 4.0000
      vertex 46.9012 95.3888 4.0000
      vertex 46.4160 94.7345 4.0000
    endloop
  endfacet
  facet normal 8.577286e-01 -5.141027e-01 0.000000e+00
    outer loop
      vertex 51.8900 92.0553 0.0000
      vertex 52.6115 93.2590 0.0000
      vertex 52.6115 93.2590 4.0000
    endloop
  endfacet
  facet normal 8.577286e-01 -5.141027e-01 0.000000e+00
    outer loop
      vertex 51.8900 92.0553 0.0000
      vertex 52.6115 93.2590 4.0000
      vertex 51.8900 92.0553 4.0000
    endloop
  endfacet
  facet normal -8.577286e-01 5.141027e-01 0.000000e+00
    outer loop
      vertex 46.9012 95.3888 0.0000
      vertex 46.9012 95.3888 4.0000
      vertex 47.3199 96.0874 4.0000
    endloop
  endfacet
  facet normal -8.577286e-01 5.141027e-01 0.000000e+00
    outer loop
      vertex 46.9012 95.3888 0.0000
      vertex 47.3199 96.0874 4.0000
      vertex 47.3199 96.0874 0.0000
    endloop
  endfacet
  facet normal 0.000000e+00 0.000000e+00 -1.000000e+00
    outer loop
      vertex 51.8900 92.0553 0.0000
      vertex 46.9012 95.3888 0.0000
      vertex 47.3199 96.0874 0.0000
    endloop
  endfacet
  facet normal 0.000000e+00 0.000000e+00 -1.000000e+00
    outer loop
      vertex 51.8900 92.0553 0.0000
      vertex 47.3199 96.0874 0.0000
      vertex 52.6115 93.2590 0.0000
    endloop
  endfacet
  facet normal 0.000000e+00 -0.000000e+00 1.000000e+00
    outer loop
      vertex 51.8900 92.0553 4.0000
      vertex 52.6115 93.2590 4.0000
      vertex 47.3199 96.0874 4.0000
    endloop
  endfacet
  facet normal 0.000000e+00 0.000000e+00 1.000000e+00
    outer loop
      vertex 51.8900 92.0553 4.0000
      vertex 47.3199 96.0874 4.0000
      vertex 46.9012 95.3888 4.0000
    endloop
  endfacet
  facet normal 9.039893e-01 -4.275551e-01 0.000000e+00
    outer loop
      vertex 52.6115 93.2590 0.0000
      vertex 53.2115 94.5276 0.0000
      vertex 53.2115 94.5276 4.0000
    endloop
  endfacet
  facet normal 9.039893e-01 -4.275551e-01 0.000000e+00
    outer loop
      vertex 52.6115 93.2590 0.0000
      vertex 53.2115 94.5276 4.0000
      vertex 52.6115 93.2590 4.0000
    endloop
  endfacet
  facet normal -9.039893e-01 4.275551e-01 0.000000e+00
    outer loop
      vertex 47.3199 96.0874 0.0000
      vertex 47.3199 96.0874 4.0000
      vertex 47.6682 96.8237 4.0000
    endloop
  endfacet
  facet normal -9.039893e-01 4.275551e-01 0.000000e+00
    outer loop
      vertex 47.3199 96.0874 0.0000
      vertex 47.6682 96.8237 4.0000
      vertex 47.6682 96.8237 0.0000
    endloop
  endfacet
  facet normal 0.000000e+00 0.000000e+00 -1.000000e+00
    outer loop
      vertex 52.6115 93.2590 0.0000
      vertex 47.3199 96.0874 0.0000
      vertex 47.6682 96.8237 0.0000
    endloop
  endfacet
  facet normal 0.000000e+00 0.000000e+00 -1.000000e+00
    outer loop
      vertex 52.6115 93.2590 0.0000
      vertex 47.6682 96.8237 0.0000
      vertex 53.2115 94.5276 0.0000
    endloop
  endfacet
  facet normal 0.000000e+00 -0.000000e+00 1.000000e+00
    outer loop
      vertex 52.6115 93.2590 4.0000
      vertex 53.2115 94.5276 4.0000
      vertex 47.6682 96.8237 4.0000
    endloop
  endfacet
  facet normal 0.000000e+00 0.000000e+00 1.000000e+00
    outer loop
      vertex 52.6115 93.2590 4.0000
      vertex 47.6682 96.8237 4.0000
      vertex 47.3199 96.0874 4.0000
    endloop
  endfacet
  facet normal 9.415441e-01 -3.368899e-01 0.000000e+00
    outer loop
      vertex 53.2115 94.5276 0.0000
      vertex 53.6842 95.8489 0.0000
      vertex 53.6842 95.8489 4.0000
    endloop
  endfacet
  facet normal 9.415441e-01 -3.368899e-01 0.000000e+00
    outer loop
      vertex 53.2115 94.5276 0.0000
      vertex 53.6842 95.8489 4.0000
      vertex 53.2115 94.5276 4.0000
    endloop
  endfacet
  facet normal -9.415441e-01 3.368899e-01 0.000000e+00
    outer loop
      vertex 47.6682 96.8237 0.0000
      vertex 47.6682 96.8237 4.0000
      vertex 47.9426 97.5906 4.0000
    endloop
  endfacet
  facet normal -9.415441e-01 3.368899e-01 0.000000e+00
    outer loop
      vertex 47.6682 96.8237 0.0000
      vertex 47.9426 97.5906 4.0000
      vertex 47.9426 97.5906 0.0000
    endloop
  endfacet
  facet normal 0.000000e+00 0.000000e+00 -1.000000e+00
    outer loop
      vertex 53.2115 94.5276 0.0000
      vertex 47.6682 96.8237 0.0000
      vertex 47.9426 97.5906 0.0000
    endloop
  endfacet
  facet normal 0.000000e+00 0.000000e+00 -1.000000e+00
    outer loop
      vertex 53.2115 94.5276 0.0000
      vertex 47.9426 97.5906 0.0000
      vertex 53.6842 95.8489 0.0000
    endloop
  endfacet
  facet normal 0.000000e+00 -0.000000e+00 1.000000e+00
    outer loop
      vertex 53.2115 94.5276 4.0000
      vertex 53.6842 95.8489 4.0000
      vertex 47.9426 97.5906 4.0000
    endloop
  endfacet
  facet normal 0.000000e+00 0.000000e+00 1.000000e+00
    outer loop
      vertex 53.2115 94.5276 4.0000
      vertex 47.9426 97.5906 4.0000
      vertex 47.6682 96.8237 4.0000
    endloop
  endfacet
  facet normal 9.700313e-01 -2.429802e-01 0.000000e+00
    outer loop
      vertex 53.6842 95.8489 0.0000
      vertex 54.0252 97.2102 0.0000
      vertex 54.0252 97.2102 4.0000
    endloop
  endfacet
  facet normal 9.700313e-01 -2.429802e-01 0.000000e+00
    outer loop
      vertex 53.6842 95.8489 0.0000
      vertex 54.0252 97.2102 4.0000
      vertex 53.6842 95.8489 4.0000
    endloop
  endfacet
  facet normal -9.700313e-01 2.429802e-01 0.000000e+00
    outer loop
      vertex 47.9426 97.5906 0.0000
      vertex 47.9426 97.5906 4.0000
      vertex 48.1405 98.3808 4.0000
    endloop
  endfacet
  facet normal -9.700313e-01 2.429802e-01 0.000000e+00
    outer loop
      vertex 47.9426 97.5906 0.0000
      vertex 48.1405 98.3808 4.0000
      vertex 48.1405 98.3808 0.0000
    endloop
  endfacet
  facet normal 0.000000e+00 0.000000e+00 -1.000000e+00
    outer loop
      vertex 53.6842 95.8489 0.0000
      vertex 47.9426 97.5906 0.0000
      vertex 48.1405 98.3808 0.0000
    endloop
  endfacet
  facet normal 0.000000e+00 0.000000e+00 -1.000000e+00
    outer loop
      vertex 53.6842 95.8489 0.0000
      vertex 48.1405 98.3808 0.0000
      vertex 54.0252 97.2102 0.0000
    endloop
  endfacet
  facet normal 0.000000e+00 -0.000000e+00 1.000000e+00
    outer loop
      vertex 53.6842 95.8489 4.0000
      vertex 54.0252 97.2102 4.0000
      vertex 48.1405 98.3808 4.0000
    endloop
  endfacet
  facet normal 0.000000e+00 0.000000e+00 1.000000e+00
    outer loop
      vertex 53.6842 95.8489 4.0000
      vertex 48.1405 98.3808 4.0000
      vertex 47.9426 97.5906 4.0000
    endloop
  endfacet
  facet normal 9.891765e-01 -1.467305e-01 0.000000e+00
    outer loop
      vertex 54.0252 97.2102 0.0000
      vertex 54.2311 98.5984 0.0000
      vertex 54.2311 98.5984 4.0000
    endloop
  endfacet
  facet normal 9.891765e-01 -1.467305e-01 0.000000e+00
    outer loop
      vertex 54.0252 97.2102 0.0000
      vertex 54.2311 98.5984 4.0000
      vertex 54.0252 97.2102 4.0000
    endloop
  endfacet
  facet normal -9.891765e-01 1.467305e-01 0.000000e+00
    outer loop
      vertex 48.1405 98.3808 0.0000
      vertex 48.1405 98.3808 4.0000
      vertex 48.2600 99.1865 4.0000
    endloop
  endfacet
  facet normal -9.891765e-01 1.467305e-01 0.000000e+00
    outer loop
      vertex 48.1405 98.3808 0.0000
      vertex 48.2600 99.1865 4.0000
      vertex 48.2600 99.1865 0.0000
    endloop
  endfacet
  facet normal 0.000000e+00 0.000000e+00 -1.000000e+00
    outer loop
      vertex 54.0252 97.2102 0.0000
      vertex 48.1405 98.3808 0.0000
      vertex 48.2600 99.1865 0.0000
    endloop
  endfacet
  facet normal 0.000000e+00 0.000000e+00 -1.000000e+00
    outer loop
      vertex 54.0252 97.2102 0.0000
      vertex 48.2600 99.1865 0.0000
      vertex 54.2311 98.5984 0.0000
    endloop
  endfacet
  facet normal 0.000000e+00 -0.000000e+00 1.000000e+00
    outer loop
      vertex 54.0252 97.2102 4.0000
      vertex 54.2311 98.5984 4.0000
      vertex 48.2600 99.1865 4.0000
    endloop
  endfacet
  facet normal 0.000000e+00 0.000000e+00 1.000000e+00
    outer loop
      vertex 54.0252 97.2102 4.0000
      vertex 48.2600 99.1865 4.0000
      vertex 48.1405 98.3808 4.0000
    endloop
  endfacet
  facet normal 9.987955e-01 -4.906767e-02 0.000000e+00
    outer loop
      vertex 54.2311 98.5984 0.0000
      vertex 54.3000 100.0000 0.0000
      vertex 54.3000 100.0000 4.0000
    endloop
  endfacet
  facet normal 9.987955e-01 -4.906767e-02 0.000000e+00
    outer loop
      vertex 54.2311 98.5984 0.0000
      vertex 54.3000 100.0000 4.0000
      vertex 54.2311 98.5984 4.0000
    endloop
  endfacet
  facet normal -9.987955e-01 4.906767e-02 0.000000e+00
    outer loop
      vertex 48.2600 99.1865 0.0000
      vertex 48.2600 99.1865 4.0000
      vertex 48.3000 100.0000 4.0000
    endloop
  endfacet
  facet normal -9.987955e-01 4.906767e-02 0.000000e+00
    outer loop
      vertex 48.2600 99.1865 0.0000
      vertex 48.3000 100.0000 4.0000
      vertex 48.3000 100.0000 0.0000
    endloop
  endfacet
  facet normal 0.000000e+00 0.000000e+00 -1.000000e+00
    outer loop
      vertex 54.2311 98.5984 0.0000
      vertex 48.2600 99.1865 0.0000
      vertex 48.3000 100.0000 0.0000
    endloop
  endfacet
  facet normal 0.000000e+00 0.000000e+00 -1.000000e+00
    outer loop
      vertex 54.2311 98.5984 0.0000
      vertex 48.3000 100.0000 0.0000
      vertex 54.3000 100.0000 0.0000
    endloop
  endfacet
  facet normal 0.000000e+00 -0.000000e+00 1.000000e+00
    outer loop
      vertex 54.2311 98.5984 4.0000
      vertex 54.3000 100.0000 4.0000
      vertex 48.3000 100.0000 4.0000
    endloop
  endfacet
  facet normal 0.000000e+00 0.000000e+00 1.000000e+00
    outer loop
      vertex 54.2311 98.5984 4.0000
      vertex 48.3000 100.0000 4.0000
      vertex 48.2600 99.1865 4.0000
    endloop
  endfacet
endsolid frame_start
solid frame_stop
  facet normal 9.987955e-01 4.906767e-02 0.000000e+00
    outer loop
      vertex 89.3000 100.0000 0.0000
      vertex 89.2311 101.4016 0.0000
      vertex 89.2311 101.4016 4.0000
    endloop
  endfacet
  facet normal 9.987955e-01 4.906767e-02 -0.000000e+00
    outer loop
      vertex 89.3000 100.0000 0.0000
      vertex 89.2311 101.4016 4.0000
      vertex 89.3000 100.0000 4.0000
    endloop
  endfacet
  facet normal -9.987955e-01 -4.906767e-02 0.000000e+00
    outer loop
      vertex 83.3000 100.0000 0.0000
      vertex 83.3000 100.0000 4.0000
      vertex 83.2600 100.8135 4.0000
    endloop
  endfacet
  facet normal -9.987955e-01 -4.906767e-02 0.000000e+00
    outer loop
      vertex 83.3000 100.0000 0.0000
      vertex 83.2600 100.8135 4.0000
      vertex 83.2600 100.8135 0.0000
    endloop
  endfacet
  facet normal 0.000000e+00 0.000000e+00 -1.000000e+00
    outer loop
      vertex 89.3000 100.0000 0.0000
      vertex 83.3000 100.0000 0.0000
      vertex 83.2600 100.8135 0.0000
    endloop
  endfacet
  facet normal 0.000000e+00 0.000000e+00 -1.000000e+00
    outer loop
      vertex 89.3000 100.0000 0.0000
      vertex 83.2600 100.8135 0.0000
      vertex 89.2311 101.4016 0.0000
    endloop
  endfacet
  facet normal 0.000000e+00 0.000000e+00 1.000000e+00
    outer loop
      vertex 89.3000 100.0000 4.0000
      vertex 89.2311 101.4016 4.0000
      vertex 83.2600 100.8135 4.0000
    endloop
  endfacet
  facet normal 0.000000e+00 0.000000e+00 1.000000e+00
    outer loop
      vertex 89.3000 100.0000 4.0000
      vertex 83.2600 100.8135 4.0000
      vertex 83.3000 100.0000 4.0000
    endloop
  endfacet
  facet normal 9.891765e-01 1.467305e-01 0.000000e+00
    outer loop
      vertex 89.2311 101.4016 0.0000
      vertex 89.0252 102.7898 0.0000
      vertex 89.0252 102.7898 4.0000
    endloop
  endfacet
  facet normal 9.891765e-01 1.467305e-01 -0.000000e+00
    outer loop
      vertex 89.2311 101.4016 0.0000
      vertex 89.0252 102.7898 4.0000
      vertex 89.2311 101.4016 4.0000
    endloop
  endfacet
  facet normal -9.891765e-01 -1.467305e-01 0.000000e+00
    outer loop
      vertex 83.2600 100.8135 0.0000
      vertex 83.2600 100.8135 4.0000
      vertex 83.1405 101.6192 4.0000
    endloop
  endfacet
  facet normal -9.891765e-01 -1.467305e-01 0.000000e+00
    outer loop
      vertex 83.2600 100.8135 0.0000
      vertex 83.1405 101.6192 4.0000
      vertex 83.1405 101.6192 0.0000
    endloop
  endfacet
  facet normal -0.000000e+00 0.000000e+00 -1.000000e+00
    outer loop
      vertex 89.2311 101.4016 0.0000
      vertex 83.2600 100.8135 0.0000
      vertex 83.1405 101.6192 0.0000
    endloop
  endfacet
  facet normal 0.000000e+00 0.000000e+00 -1.000000e+00
    outer loop
      vertex 89.2311 101.4016 0.0000
      vertex 83.1405 101.6192 0.0000
      vertex 89.0252 102.7898 0.0000
    endloop
  endfacet
  facet normal 0.000000e+00 0.000000e+00 1.000000e+00
    outer loop
      vertex 89.2311 101.4016 4.0000
      vertex 89.0252 102.7898 4.0000
      vertex 83.1405 101.6192 4.0000
    endloop
  endfacet
  facet normal 0.000000e+00 0.000000e+00 1.000000e+00
    outer loop
      vertex 89.2311 101.4016 4.0000
      vertex 83.1405 101.6192 4.0000
      vertex 83.2600 100.8135 4.0000
    endloop
  endfacet
  facet normal 9.700313e-01 2.429802e-01 0.000000e+00
    outer loop
      vertex 89.0252 102.7898 0.0000
      vertex 88.6842 104.1511 0.0000
      vertex 88.6842 104.1511 4.0000
    endloop
  endfacet
  facet normal 9.700313e-01 2.429802e-01 -0.000000e+00
    outer loop
      vertex 89.0252 102.7898 0.0000
      vertex 88.6842 104.1511 4.0000
      vertex 89.0252 102.7898 4.0000
    endloop
  endfacet
  facet normal -9.700313e-01 -2.429802e-01 0.000000e+00
    outer loop
      vertex 83.1405 101.6192 0.0000
      vertex 83.1405 101.6192 4.0000
      vertex 82.9426 102.4094 4.0000
    endloop
  endfacet
  facet normal -9.700313e-01 -2.429802e-01 0.000000e+00
    outer loop
      vertex 83.1405 101.6192 0.0000
      vertex 82.9426 102.4094 4.0000
      vertex 82.9426 102.4094 0.0000
    endloop
  endfacet
  facet normal 0.000000e+00 0.000000e+00 -1.000000e+00
    outer loop
      vertex 89.0252 102.7898 0.0000
      vertex 83.1405 101.6192 0.0000
      vertex 82.9426 102.4094 0.0000
    endloop
  endfacet
  facet normal -0.000000e+00 0.000000e+00 -1.000000e+00
    outer loop
      vertex 89.0252 102.7898 0.0000
      vertex 82.9426 102.4094 0.0000
      vertex 88.6842 104.1511 0.0000
    endloop
  endfacet
  facet normal 0.000000e+00 0.000000e+00 1.000000e+00
    outer loop
      vertex 89.0252 102.7898 4.0000
      vertex 88.6842 104.1511 4.0000
      vertex 82.9426 102.4094 4.0000
    endloop
  endfacet
  facet normal 0.000000e+00 0.000000e+00 1.000000e+00
    outer loop
      vertex 89.0252 102.7898 4.0000
      vertex 82.9426 102.4094 4.0000
      vertex 83.1405 101.6192 4.0000
    endloop
  endfacet
  facet normal 9.415441e-01 3.368899e-01 0.000000e+00
    outer loop
      vertex 88.6842 104.1511 0.0000
      vertex 88.2115 105.4724 0.0000
      vertex 88.2115 105.4724 4.0000
    endloop
  endfacet
  facet normal 9.415441e-01 3.368899e-01 -0.000000e+00
    outer loop
      vertex 88.6842 104.1511 0.0000
      vertex 88.2115 105.4724 4.0000
      vertex 88.6842 104.1511 4.0000
    endloop
  endfacet
  facet normal -9.415441e-01 -3.368899e-01 0.000000e+00
    outer loop
      vertex 82.9426 102.4094 0.0000
      vertex 82.9426 102.4094 4.0000
      vertex 82.6682 103.1763 4.0000
    endloop
  endfacet
  facet normal -9.415441e-01 -3.368899e-01 0.000000e+00
    outer loop
      vertex 82.9426 102.4094 0.0000
      vertex 82.6682 103.1763 4.0000
      vertex 82.6682 103.1763 0.0000
    endloop
  endfacet
  facet normal 0.000000e+00 0.000000e+00 -1.000000e+00
    outer loop
      vertex 88.6842 104.1511 0.0000
      vertex 82.9426 102.4094 0.0000
      vertex 82.6682 103.1763 0.0000
    endloop
  endfacet
  facet normal -0.000000e+00 0.000000e+00 -1.000000e+00
    outer loop
      vertex 88.6842 104.1511 0.0000
      vertex 82.6682 103.1763 0.0000
      vertex 88.2115 105.4724 0.0000
    endloop
  endfacet
  facet normal 0.000000e+00 0.000000e+00 1.000000e+00
    outer loop
      vertex 88.6842 104.1511 4.0000
      vertex 88.2115 105.4724 4.0000
      vertex 82.6682 103.1763 4.0000
    endloop
  endfacet
  facet normal 0.000000e+00 0.000000e+00 1.000000e+00
    outer loop
      vertex 88.6842 104.1511 4.0000
      vertex 82.6682 103.1763 4.0000
      vertex 82.9426 102.4094 4.0000
    endloop
  endfacet
  facet normal 9.039893e-01 4.275551e-01 0.000000e+00
    outer loop
      vertex 88.2115 105.4724 0.0000
      vertex 87.6115 106.7410 0.0000
      vertex 87.6115 106.7410 4.0000
    endloop
  endfacet
  facet normal 9.039893e-01 4.275551e-01 -0.000000e+00
    outer loop
      vertex 88.2115 105.4724 0.0000
      vertex 87.6115 106.7410 4.0000
      vertex 88.2115 105.4724 4.0000
    endloop
  endfacet
  facet normal -9.039893e-01 -4.275551e-01 0.000000e+00
    outer loop
      vertex 82.6682 103.1763 0.0000
      vertex 82.6682 103.1763 4.0000
      vertex 82.3199 103.9126 4.0000
    endloop
  endfacet
  facet normal -9.039893e-01 -4.275551e-01 0.000000e+00
    outer loop
      vertex 82.6682 103.1763 0.0000
      vertex 82.3199 103.9126 4.0000
      vertex 82.3199 103.9126 0.0000
    endloop
  endfacet
  facet normal 0.000000e+00 0.000000e+00 -1.000000e+00
    outer loop
      vertex 88.2115 105.4724 0.0000
      vertex 82.6682 103.1763 0.0000
      vertex 82.3199 103.9126 0.0000
    endloop
  endfacet
  facet normal -0.000000e+00 0.000000e+00 -1.000000e+00
    outer loop
      vertex 88.2115 105.4724 0.0000
      vertex 82.3199 103.9126 0.0000
      vertex 87.6115 106.7410 0.0000
    endloop
  endfacet
  facet normal 0.000000e+00 0.000000e+00 1.000000e+00
    outer loop
      vertex 88.2115 105.4724 4.0000
      vertex 87.6115 106.7410 4.0000
      vertex 82.3199 103.9126 4.0000
    endloop
  endfacet
  facet normal 0.000000e+00 0.000000e+00 1.000000e+00
    outer loop
      vertex 88.2115 105.4724 4.0000
      vertex 82.3199 103.9126 4.0000
      vertex 82.6682 103.1763 4.0000
    endloop
  endfacet
  facet normal 8.577286e-01 5.141027e-01 0.000000e+00
    outer loop
      vertex 87.6115 106.7410 0.0000
      vertex 86.8900 107.9447 0.0000
      vertex 86.8900 107.9447 4.0000
    endloop
  endfacet
  facet normal 8.577286e-01 5.141027e-01 -0.000000e+00
    outer loop
      vertex 87.6115 106.7410 0.0000
      vertex 86.8900 107.9447 4.0000
      vertex 87.6115 106.7410 4.0000
    endloop
  endfacet
  facet normal -8.577286e-01 -5.141027e-01 0.000000e+00
    outer loop
      vertex 82.3199 103.9126 0.0000
      vertex 82.3199 103.9126 4.0000
      vertex 81.9012 104.6112 4.0000
    endloop
  endfacet
  facet normal -8.577286e-01 -5.141027e-01 0.000000e+00
    outer loop
      vertex 82.3199 103.9126 0.0000
      vertex 81.9012 104.6112 4.0000
      vertex 81.9012 104.6112 0.0000
    endloop
  endfacet
  facet normal 0.000000e+00 0.000000e+00 -1.000000e+00
    outer loop
      vertex 87.6115 106.7410 0.0000
      vertex 82.3199 103.9126 0.0000
      vertex 81.9012 104.6112 0.0000
    endloop
  endfacet
  facet normal -0.000000e+00 0.000000e+00 -1.000000e+00
    outer loop
      vertex 87.6115 106.7410 0.0000
      vertex 81.9012 104.6112 0.0000
      vertex 86.8900 107.9447 0.0000
    endloop
  endfacet
  facet normal 0.000000e+00 0.000000e+00 1.000000e+00
    outer loop
      vertex 87.6115 106.7410 4.0000
      vertex 86.8900 107.9447 4.0000
      vertex 81.9012 104.6112 4.0000
    endloop
  endfacet
  facet normal 0.000000e+00 0.000000e+00 1.000000e+00
    outer loop
      vertex 87.6115 106.7410 4.0000
      vertex 81.9012 104.6112 4.0000
      vertex 82.3199 103.9126 4.0000
    endloop
  endfacet
  facet normal 8.032075e-01 5.956993e-01 0.000000e+00
    outer loop
      vertex 86.8900 107.9447 0.0000
      vertex 86.0540 109.0718 0.0000
      vertex 86.0540 109.0718 4.0000
    endloop
  endfacet
  facet normal 8.032075e-01 5.956993e-01 -0.000000e+00
    outer loop
      vertex 86.8900 107.9447 0.0000
      vertex 86.0540 109.0718 4.0000
      vertex 86.8900 107.9447 4.0000
    endloop
  endfacet
  facet normal -8.032075e-01 -5.956993e-01 0.000000e+00
    outer loop
      vertex 81.9012 104.6112 0.0000
      vertex 81.9012 104.6112 4.0000
      vertex 81.4160 105.2655 4.0000
    endloop
  endfacet
  facet normal -8.032075e-01 -5.956993e-01 0.000000e+00
    outer loop
      vertex 81.9012 104.6112 0.0000
      vertex 81.4160 105.2655 4.0000
      vertex 81.4160 105.2655 0.0000
    endloop
  endfacet
  facet normal 0.000000e+00 0.000000e+00 -1.000000e+00
    outer loop
      vertex 86.8900 107.9447 0.0000
      vertex 81.9012 104.6112 0.0000
      vertex 81.4160 105.2655 0.0000
    endloop
  endfacet
  facet normal -0.000000e+00 0.000000e+00 -1.000000e+00
    outer loop
      vertex 86.8900 107.9447 0.0000
      vertex 81.4160 105.2655 0.0000
      vertex 86.0540 109.0718 0.0000
    endloop
  endfacet
  facet normal 0.000000e+00 0.000000e+00 1.000000e+00
    outer loop
      vertex 86.8900 107.9447 4.0000
      vertex 86.0540 109.0718 4.0000
      vertex 81.4160 105.2655 4.0000
    endloop
  endfacet
  facet normal 0.000000e+00 0.000000e+00 1.000000e+00
    outer loop
      vertex 86.8900 107.9447 4.0000
      vertex 81.4160 105.2655 4.0000
      vertex 81.9012 104.6112 4.0000
    endloop
  endfacet
  facet normal 7.409511e-01 6.715590e-01 0.000000e+00
    outer loop
      vertex 86.0540 109.0718 0.0000
      vertex 85.1116 110.1116 0.0000
      vertex 85.1116 110.1116 4.0000
    endloop
  endfacet
  facet normal 7.409511e-01 6.715590e-01 -0.000000e+00
    outer loop
      vertex 86.0540 109.0718 0.0000
      vertex 85.1116 110.1116 4.0000
      vertex 86.0540 109.0718 4.0000
    endloop
  endfacet
  facet normal -7.409511e-01 -6.715590e-01 0.000000e+00
    outer loop
      vertex 81.4160 105.2655 0.0000
      vertex 81.4160 105.2655 4.0000
      vertex 80.8690 105.8690 4.0000
    endloop
  endfacet
  facet normal -7.409511e-01 -6.715590e-01 0.000000e+00
    outer loop
      vertex 81.4160 105.2655 0.0000
      vertex 80.8690 105.8690 4.0000
      vertex 80.8690 105.8690 0.0000
    endloop
  endfacet
  facet normal 0.000000e+00 0.000000e+00 -1.000000e+00
    outer loop
      vertex 86.0540 109.0718 0.0000
      vertex 81.4160 105.2655 0.0000
      vertex 80.8690 105.8690 0.0000
    endloop
  endfacet
  facet normal -0.000000e+00 0.000000e+00 -1.000000e+00
    outer loop
      vertex 86.0540 109.0718 0.0000
      vertex 80.8690 105.8690 0.0000
      vertex 85.1116 110.1116 0.0000
    endloop
  endfacet
  facet normal 0.000000e+00 0.000000e+00 1.000000e+00
    outer loop
      vertex 86.0540 109.0718 4.0000
      vertex 85.1116 110.1116 4.0000
      vertex 80.8690 105.8690 4.0000
    endloop
  endfacet
  facet normal 0.000000e+00 0.000000e+00 1.000000e+00
    outer loop
      vertex 86.0540 109.0718 4.0000
      vertex 80.8690 105.8690 4.0000
      vertex 81.4160 105.2655 4.0000
    endloop
  endfacet
  facet normal 6.715590e-01 7.409511e-01 0.000000e+00
    outer loop
      vertex 85.1116 110.1116 0.0000
      vertex 84.0718 111.0540 0.0000
      vertex 84.0718 111.0540 4.0000
    endloop
  endfacet
  facet normal 6.715590e-01 7.409511e-01 -0.000000e+00
    outer loop
      vertex 85.1116 110.1116 0.0000
      vertex 84.0718 111.0540 4.0000
      vertex 85.1116 110.1116 4.0000
    endloop
  endfacet
  facet normal -6.715590e-01 -7.409511e-01 0.000000e+00
    outer loop
      vertex 80.8690 105.8690 0.0000
      vertex 80.8690 105.8690 4.0000
      vertex 80.2655 106.4160 4.0000
    endloop
  endfacet
  facet normal -6.715590e-01 -7.409511e-01 0.000000e+00
    outer loop
      vertex 80.8690 105.8690 0.0000
      vertex 80.2655 106.4160 4.0000
      vertex 80.2655 106.4160 0.0000
    endloop
  endfacet
  facet normal 0.000000e+00 0.000000e+00 -1.000000e+00
    outer loop
      vertex 85.1116 110.1116 0.0000
      vertex 80.8690 105.8690 0.0000
      vertex 80.2655 106.4160 0.0000
    endloop
  endfacet
  facet normal -0.000000e+00 0.000000e+00 -1.000000e+00
    outer loop
      vertex 85.1116 110.1116 0.0000
      vertex 80.2655 106.4160 0.0000
      vertex 84.0718 111.0540 0.0000
    endloop
  endfacet
  facet normal 0.000000e+00 0.000000e+00 1.000000e+00
    outer loop
      vertex 85.1116 110.1116 4.0000
      vertex 84.0718 111.0540 4.0000
      vertex 80.2655 106.4160 4.0000
    endloop
  endfacet
  facet normal 0.000000e+00 0.000000e+00 1.000000e+00
    outer loop
      vertex 85.1116 110.1116 4.0000
      vertex 80.2655 106.4160 4.0000
      vertex 80.8690 105.8690 4.0000
    endloop
  endfacet
  facet normal 5.956993e-01 8.032075e-01 0.000000e+00
    outer loop
      vertex 84.0718 111.0540 0.0000
      vertex 82.9447 111.8900 0.0000
      vertex 82.9447 111.8900 4.0000
    endloop
  endfacet
  facet normal 5.956993e-01 8.032075e-01 -0.000000e+00
    outer loop
      vertex 84.0718 111.0540 0.0000
      vertex 82.9447 111.8900 4.0000
      vertex 84.0718 111.0540 4.0000
    endloop
  endfacet
  facet normal -5.956993e-01 -8.032075e-01 0.000000e+00
    outer loop
      vertex 80.2655 106.4160 0.0000
      vertex 80.2655 106.4160 4.0000
      vertex 79.6112 106.9012 4.0000
    endloop
  endfacet
  facet normal -5.956993e-01 -8.032075e-01 0.000000e+00
    outer loop
      vertex 80.2655 106.4160 0.0000
      vertex 79.6112 106.9012 4.0000
      vertex 79.6112 106.9012 0.0000
    endloop
  endfacet
  facet normal 0.000000e+00 0.000000e+00 -1.000000e+00
    outer loop
      vertex 84.0718 111.0540 0.0000
      vertex 80.2655 106.4160 0.0000
      vertex 79.6112 106.9012 0.0000
    endloop
  endfacet
  facet normal -0.000000e+00 0.000000e+00 -1.000000e+00
    outer loop
      vertex 84.0718 111.0540 0.0000
      vertex 79.6112 106.9012 0.0000
      vertex 82.9447 111.8900 0.0000
    endloop
  endfacet
  facet normal 0.000000e+00 0.000000e+00 1.000000e+00
    outer loop
      vertex 84.0718 111.0540 4.0000
      vertex 82.9447 111.8900 4.0000
      vertex 79.6112 106.9012 4.0000
    endloop
  endfacet
  facet normal 0.000000e+00 0.000000e+00 1.000000e+00
    outer loop
      vertex 84.0718 111.0540 4.0000
      vertex 79.6112 106.9012 4.0000
      vertex 80.2655 106.4160 4.0000
    endloop
  endfacet
  facet normal 5.141027e-01 8.577286e-01 0.000000e+00
    outer loop
      vertex 82.9447 111.8900 0.0000
      vertex 81.7410 112.6115 0.0000
      vertex 81.7410 112.6115 4.0000
    endloop
  endfacet
  facet normal 5.141027e-01 8.577286e-01 -0.000000e+00
    outer loop
      vertex 82.9447 111.8900 0.0000
      vertex 81.7410 112.6115 4.0000
      vertex 82.9447 111.8900 4.0000
    endloop
  endfacet
  facet normal -5.141027e-01 -8.577286e-01 0.000000e+00
    outer loop
      vertex 79.6112 106.9012 0.0000
      vertex 79.6112 106.9012 4.0000
      vertex 78.9126 107.3199 4.0000
    endloop
  endfacet
  facet normal -5.141027e-01 -8.577286e-01 0.000000e+00
    outer loop
      vertex 79.6112 106.9012 0.0000
      vertex 78.9126 107.3199 4.0000
      vertex 78.9126 107.3199 0.0000
    endloop
  endfacet
  facet normal 0.000000e+00 0.000000e+00 -1.000000e+00
    outer loop
      vertex 82.9447 111.8900 0.0000
      vertex 79.6112 106.9012 0.0000
      vertex 78.9126 107.3199 0.0000
    endloop
  endfacet
  facet normal -0.000000e+00 0.000000e+00 -1.000000e+00
    outer loop
      vertex 82.9447 111.8900 0.0000
      vertex 78.9126 107.3199 0.0000
      vertex 81.7410 112.6115 0.0000
    endloop
  endfacet
  facet normal 0.000000e+00 0.000000e+00 1.000000e+00
    outer loop
      vertex 82.9447 111.8900 4.0000
      vertex 81.7410 112.6115 4.0000
      vertex 78.9126 107.3199 4.0000
    endloop
  endfacet
  facet normal 0.000000e+00 0.000000e+00 1.000000e+00
    outer loop
      vertex 82.9447 111.8900 4.0000
      vertex 78.9126 107.3199 4.0000
      vertex 79.6112 106.9012 4.0000
    endloop
  endfacet
  facet normal 4.275551e-01 9.039893e-01 0.000000e+00
    outer loop
      vertex 81.7410 112.6115 0.0000
      vertex 80.4724 113.2115 0.0000
      vertex 80.4724 113.2115 4.0000
    endloop
  endfacet
  facet normal 4.275551e-01 9.039893e-01 -0.000000e+00
    outer loop
      vertex 81.7410 112.6115 0.0000
      vertex 80.4724 113.2115 4.0000
      vertex 81.7410 112.6115 4.0000
    endloop
  endfacet
  facet normal -4.275551e-01 -9.039893e-01 0.000000e+00
    outer loop
      vertex 78.9126 107.3199 0.0000
      vertex 78.9126 107.3199 4.0000
      vertex 78.1763 107.6682 4.0000
    endloop
  endfacet
  facet normal -4.275551e-01 -9.039893e-01 0.000000e+00
    outer loop
      vertex 78.9126 107.3199 0.0000
      vertex 78.1763 107.6682 4.0000
      vertex 78.1763 107.6682 0.0000
    endloop
  endfacet
  facet normal 0.000000e+00 0.000000e+00 -1.000000e+00
    outer loop
      vertex 81.7410 112.6115 0.0000
      vertex 78.9126 107.3199 0.0000
      vertex 78.1763 107.6682 0.0000
    endloop
  endfacet
  facet normal -0.000000e+00 0.000000e+00 -1.000000e+00
    outer loop
      vertex 81.7410 112.6115 0.0000
      vertex 78.1763 107.6682 0.0000
      vertex 80.4724 113.2115 0.0000
    endloop
  endfacet
  facet normal 0.000000e+00 0.000000e+00 1.000000e+00
    outer loop
      vertex 81.7410 112.6115 4.0000
      vertex 80.4724 113.2115 4.0000
      vertex 78.1763 107.6682 4.0000
    endloop
  endfacet
  facet normal 0.000000e+00 0.000000e+00 1.000000e+00
    outer loop
      vertex 81.7410 112.6115 4.0000
      vertex 78.1763 107.6682 4.0000
      vertex 78.9126 107.3199 4.0000
    endloop
  endfacet
  facet normal 3.368899e-01 9.415441e-01 0.000000e+00
    outer loop
      vertex 80.4724 113.2115 0.0000
      vertex 79.1511 113.6842 0.0000
      vertex 79.1511 113.6842 4.0000
    endloop
  endfacet
  facet normal 3.368899e-01 9.415441e-01 -0.000000e+00
    outer loop
      vertex 80.4724 113.2115 0.0000
      vertex 79.1511 113.6842 4.0000
      vertex 80.4724 113.2115 4.0000
    endloop
  endfacet
  facet normal -3.368899e-01 -9.415441e-01 0.000000e+00
    outer loop
      vertex 78.1763 107.6682 0.0000
      vertex 78.1763 107.6682 4.0000
      vertex 77.4094 107.9426 4.0000
    endloop
  endfacet
  facet normal -3.368899e-01 -9.415441e-01 0.000000e+00
    outer loop
      vertex 78.1763 107.6682 0.0000
      vertex 77.4094 107.9426 4.0000
      vertex 77.4094 107.9426 0.0000
    endloop
  endfacet
  facet normal 0.000000e+00 0.000000e+00 -1.000000e+00
    outer loop
      vertex 80.4724 113.2115 0.0000
      vertex 78.1763 107.6682 0.0000
      vertex 77.4094 107.9426 0.0000
    endloop
  endfacet
  facet normal -0.000000e+00 0.000000e+00 -1.000000e+00
    outer loop
      vertex 80.4724 113.2115 0.0000
      vertex 77.4094 107.9426 0.0000
      vertex 79.1511 113.6842 0.0000
    endloop
  endfacet
  facet normal 0.000000e+00 0.000000e+00 1.000000e+00
    outer loop
      vertex 80.4724 113.2115 4.0000
      vertex 79.1511 113.6842 4.0000
      vertex 77.4094 107.9426 4.0000
    endloop
  endfacet
  facet normal 0.000000e+00 0.000000e+00 1.000000e+00
    outer loop
      vertex 80.4724 113.2115 4.0000
      vertex 77.4094 107.9426 4.0000
      vertex 78.1763 107.6682 4.0000
    endloop
  endfacet
  facet normal 2.429802e-01 9.700313e-01 0.000000e+00
    outer loop
      vertex 79.1511 113.6842 0.0000
      vertex 77.7898 114.0252 0.0000
      vertex 77.7898 114.0252 4.0000
    endloop
  endfacet
  facet normal 2.429802e-01 9.700313e-01 -0.000000e+00
    outer loop
      vertex 79.1511 113.6842 0.0000
      vertex 77.7898 114.0252 4.0000
      vertex 79.1511 113.6842 4.0000
    endloop
  endfacet
  facet normal -2.429802e-01 -9.700313e-01 0.000000e+00
    outer loop
      vertex 77.4094 107.9426 0.0000
      vertex 77.4094 107.9426 4.0000
      vertex 76.6192 108.1405 4.0000
    endloop
  endfacet
  facet normal -2.429802e-01 -9.700313e-01 0.000000e+00
    outer loop
      vertex 77.4094 107.9426 0.0000
      vertex 76.6192 108.1405 4.0000
      vertex 76.6192 108.1405 0.0000
    endloop
  endfacet
  facet normal 0.000000e+00 0.000000e+00 -1.000000e+00
    outer loop
      vertex 79.1511 113.6842 0.0000
      vertex 77.4094 107.9426 0.0000
      vertex 76.6192 108.1405 0.0000
    endloop
  endfacet
  facet normal -0.000000e+00 0.000000e+00 -1.000000e+00
    outer loop
      vertex 79.1511 113.6842 0.0000
      vertex 76.6192 108.1405 0.0000
      vertex 77.7898 114.0252 0.0000
    endloop
  endfacet
  facet normal 0.000000e+00 0.000000e+00 1.000000e+00
    outer loop
      vertex 79.1511 113.6842 4.0000
      vertex 77.7898 114.0252 4.0000
      vertex 76.6192 108.1405 4.0000
    endloop
  endfacet
  facet normal 0.000000e+00 0.000000e+00 1.000000e+00
    outer loop
      vertex 79.1511 113.6842 4.0000
      vertex 76.6192 108.1405 4.0000
      vertex 77.4094 107.9426 4.0000
    endloop
  endfacet
  facet normal 1.467305e-01 9.891765e-01 0.000000e+00
    outer loop
      vertex 77.7898 114.0252 0.0000
      vertex 76.4016 114.2311 0.0000
      vertex 76.4016 114.2311 4.0000
    endloop
  endfacet
  facet normal 1.467305e-01 9.891765e-01 -0.000000e+00
    outer loop
      vertex 77.7898 114.0252 0.0000
      vertex 76.4016 114.2311 4.0000
      vertex 77.7898 114.0252 4.0000
    endloop
  endfacet
  facet normal -1.467305e-01 -9.891765e-01 0.000000e+00
    outer loop
      vertex 76.6192 108.1405 0.0000
      vertex 76.6192 108.1405 4.0000
      vertex 75.8135 108.2600 4.0000
    endloop
  endfacet
  facet normal -1.467305e-01 -9.891765e-01 0.000000e+00
    outer loop
      vertex 76.6192 108.1405 0.0000
      vertex 75.8135 108.2600 4.0000
      vertex 75.8135 108.2600 0.0000
    endloop
  endfacet
  facet normal 0.000000e+00 0.000000e+00 -1.000000e+00
    outer loop
      vertex 77.7898 114.0252 0.0000
      vertex 76.6192 108.1405 0.0000
      vertex 75.8135 108.2600 0.0000
    endloop
  endfacet
  facet normal -0.000000e+00 0.000000e+00 -1.000000e+00
    outer loop
      vertex 77.7898 114.0252 0.0000
      vertex 75.8135 108.2600 0.0000
      vertex 76.4016 114.2311 0.0000
    endloop
  endfacet
  facet normal 0.000000e+00 0.000000e+00 1.000000e+00
    outer loop
      vertex 77.7898 114.0252 4.0000
      vertex 76.4016 114.2311 4.0000
      vertex 75.8135 108.2600 4.0000
    endloop
  endfacet
  facet normal 0.000000e+00 0.000000e+00 1.000000e+00
    outer loop
      vertex 77.7898 114.0252 4.0000
      vertex 75.8135 108.2600 4.0000
      vertex 76.6192 108.1405 4.0000
    endloop
  endfacet
  facet normal 4.906767e-02 9.987955e-01 0.000000e+00
    outer loop
      vertex 76.4016 114.2311 0.0000
      vertex 75.0000 114.3000 0.0000
      vertex 75.0000 114.3000 4.0000
    endloop
  endfacet
  facet normal 4.906767e-02 9.987955e-01 -0.000000e+00
    outer loop
      vertex 76.4016 114.2311 0.0000
      vertex 75.0000 114.3000 4.0000
      vertex 76.4016 114.2311 4.0000
    endloop
  endfacet
  facet normal -4.906767e-02 -9.987955e-01 0.000000e+00
    outer loop
      vertex 75.8135 108.2600 0.0000
      vertex 75.8135 108.2600 4.0000
      vertex 75.0000 108.3000 4.0000
    endloop
  endfacet
  facet normal -4.906767e-02 -9.987955e-01 0.000000e+00
    outer loop
      vertex 75.8135 108.2600 0.0000
      vertex 75.0000 108.3000 4.0000
      vertex 75.0000 108.3000 0.0000
    endloop
  endfacet
  facet normal 0.000000e+00 0.000000e+00 -1.000000e+00
    outer loop
      vertex 76.4016 114.2311 0.0000
      vertex 75.8135 108.2600 0.0000
      vertex 75.0000 108.3000 0.0000
    endloop
  endfacet
  facet normal -0.000000e+00 0.000000e+00 -1.000000e+00
    outer loop
      vertex 76.4016 114.2311 0.0000
      vertex 75.0000 108.3000 0.0000
      vertex 75.0000 114.3000 0.0000
    endloop
  endfacet
  facet normal 0.000000e+00 0.000000e+00 1.000000e+00
    outer loop
      vertex 76.4016 114.2311 4.0000
      vertex 75.0000 114.3000 4.0000
      vertex 75.0000 108.3000 4.0000
    endloop
  endfacet
  facet normal 0.000000e+00 0.000000e+00 1.000000e+00
    outer loop
      vertex 76.4016 114.2311 4.0000
      vertex 75.0000 108.3000 4.0000
      vertex 75.8135 108.2600 4.0000
    endloop
  endfacet
  facet normal -4.906767e-02 9.987955e-01 0.000000e+00
    outer loop
      vertex 75.0000 114.3000 0.0000
      vertex 73.5984 114.2311 0.0000
      vertex 73.5984 114.2311 4.0000
    endloop
  endfacet
  facet normal -4.906767e-02 9.987955e-01 0.000000e+00
    outer loop
      vertex 75.0000 114.3000 0.0000
      vertex 73.5984 114.2311 4.0000
      vertex 75.0000 114.3000 4.0000
    endloop
  endfacet
  facet normal 4.906767e-02 -9.987955e-01 0.000000e+00
    outer loop
      vertex 75.0000 108.3000 0.0000
      vertex 75.0000 108.3000 4.0000
      vertex 74.1865 108.2600 4.0000
    endloop
  endfacet
  facet normal 4.906767e-02 -9.987955e-01 0.000000e+00
    outer loop
      vertex 75.0000 108.3000 0.0000
      vertex 74.1865 108.2600 4.0000
      vertex 74.1865 108.2600 0.0000
    endloop
  endfacet
  facet normal 0.000000e+00 -0.000000e+00 -1.000000e+00
    outer loop
      vertex 75.0000 114.3000 0.0000
      vertex 75.0000 108.3000 0.0000
      vertex 74.1865 108.2600 0.0000
    endloop
  endfacet
  facet normal 0.000000e+00 0.000000e+00 -1.000000e+00
    outer loop
      vertex 75.0000 114.3000 0.0000
      vertex 74.1865 108.2600 0.0000
      vertex 73.5984 114.2311 0.0000
    endloop
  endfacet
  facet normal 0.000000e+00 0.000000e+00 1.000000e+00
    outer loop
      vertex 75.0000 114.3000 4.0000
      vertex 73.5984 114.2311 4.0000
      vertex 74.1865 108.2600 4.0000
    endloop
  endfacet
  facet normal 0.000000e+00 0.000000e+00 1.000000e+00
    outer loop
      vertex 75.0000 114.3000 4.0000
      vertex 74.1865 108.2600 4.0000
      vertex 75.0000 108.3000 4.0000
    endloop
  endfacet
  facet normal -1.467305e-01 9.891765e-01 0.000000e+00
    outer loop
      vertex 73.5984 114.2311 0.0000
      vertex 72.2102 114.0252 0.0000
      vertex 72.2102 114.0252 4.0000
    endloop
  endfacet
  facet normal -1.467305e-01 9.891765e-01 0.000000e+00
    outer loop
      vertex 73.5984 114.2311 0.0000
      vertex 72.2102 114.0252 4.0000
      vertex 73.5984 114.2311 4.0000
    endloop
  endfacet
  facet normal 1.467305e-01 -9.891765e-01 0.000000e+00
    outer loop
      vertex 74.1865 108.2600 0.0000
      vertex 74.1865 108.2600 4.0000
      vertex 73.3808 108.1405 4.0000
    endloop
  endfacet
  facet normal 1.467305e-01 -9.891765e-01 0.000000e+00
    outer loop
      vertex 74.1865 108.2600 0.0000
      vertex 73.3808 108.1405 4.0000
      vertex 73.3808 108.1405 0.0000
    endloop
  endfacet
  facet normal 0.000000e+00 -0.000000e+00 -1.000000e+00
    outer loop
      vertex 73.5984 114.2311 0.0000
      vertex 74.1865 108.2600 0.0000
      vertex 73.3808 108.1405 0.0000
    endloop
  endfacet
  facet normal 0.000000e+00 0.000000e+00 -1.000000e+00
    outer loop
      vertex 73.5984 114.2311 0.0000
      vertex 73.3808 108.1405 0.0000
      vertex 72.2102 114.0252 0.0000
    endloop
  endfacet
  facet normal 0.000000e+00 0.000000e+00 1.000000e+00
    outer loop
      vertex 73.5984 114.2311 4.0000
      vertex 72.2102 114.0252 4.0000
      vertex 73.3808 108.1405 4.0000
    endloop
  endfacet
  facet normal 0.000000e+00 0.000000e+00 1.000000e+00
    outer loop
      vertex 73.5984 114.2311 4.0000
      vertex 73.3808 108.1405 4.0000
      vertex 74.1865 108.2600 4.0000
    endloop
  endfacet
  facet normal -2.429802e-01 9.700313e-01 0.000000e+00
    outer loop
      vertex 72.2102 114.0252 0.0000
      vertex 70.8489 113.6842 0.0000
      vertex 70.8489 113.6842 4.0000
    endloop
  endfacet
  facet normal -2.429802e-01 9.700313e-01 0.000000e+00
    outer loop
      vertex 72.2102 114.0252 0.0000
      vertex 70.8489 113.6842 4.0000
      vertex 72.2102 114.0252 4.0000
    endloop
  endfacet
  facet normal 2.429802e-01 -9.700313e-01 0.000000e+00
    outer loop
      vertex 73.3808 108.1405 0.0000
      vertex 73.3808 108.1405 4.0000
      vertex 72.5906 107.9426 4.0000
    endloop
  endfacet
  facet normal 2.429802e-01 -9.700313e-01 0.000000e+00
    outer loop
      vertex 73.3808 108.1405 0.0000
      vertex 72.5906 107.9426 4.0000
      vertex 72.5906 107.9426 0.0000
    endloop
  endfacet
  facet normal 0.000000e+00 0.000000e+00 -1.000000e+00
    outer loop
      vertex 72.2102 114.0252 0.0000
      vertex 73.3808 108.1405 0.0000
      vertex 72.5906 107.9426 0.0000
    endloop
  endfacet
  facet normal 0.000000e+00 -0.000000e+00 -1.000000e+00
    outer loop
      vertex 72.2102 114.0252 0.0000
      vertex 72.5906 107.9426 0.0000
      vertex 70.8489 113.6842 0.0000
    endloop
  endfacet
  facet normal 0.000000e+00 0.000000e+00 1.000000e+00
    outer loop
      vertex 72.2102 114.0252 4.0000
      vertex 70.8489 113.6842 4.0000
      vertex 72.5906 107.9426 4.0000
    endloop
  endfacet
  facet normal 0.000000e+00 0.000000e+00 1.000000e+00
    outer loop
      vertex 72.2102 114.0252 4.0000
      vertex 72.5906 107.9426 4.0000
      vertex 73.3808 108.1405 4.0000
    endloop
  endfacet
  facet normal -3.368899e-01 9.415441e-01 0.000000e+00
    outer loop
      vertex 70.8489 113.6842 0.0000
      vertex 69.5276 113.2115 0.0000
      vertex 69.5276 113.2115 4.0000
    endloop
  endfacet
  facet normal -3.368899e-01 9.415441e-01 0.000000e+00
    outer loop
      vertex 70.8489 113.6842 0.0000
      vertex 69.5276 113.2115 4.0000
      vertex 70.8489 113.6842 4.0000
    endloop
  endfacet
  facet normal 3.368899e-01 -9.415441e-01 0.000000e+00
    outer loop
      vertex 72.5906 107.9426 0.0000
      vertex 72.5906 107.9426 4.0000
      vertex 71.8237 107.6682 4.0000
    endloop
  endfacet
  facet normal 3.368899e-01 -9.415441e-01 0.000000e+00
    outer loop
      vertex 72.5906 107.9426 0.0000
      vertex 71.8237 107.6682 4.0000
      vertex 71.8237 107.6682 0.0000
    endloop
  endfacet
  facet normal 0.000000e+00 0.000000e+00 -1.000000e+00
    outer loop
      vertex 70.8489 113.6842 0.0000
      vertex 72.5906 107.9426 0.0000
      vertex 71.8237 107.6682 0.0000
    endloop
  endfacet
  facet normal 0.000000e+00 -0.000000e+00 -1.000000e+00
    outer loop
      vertex 70.8489 113.6842 0.0000
      vertex 71.8237 107.6682 0.0000
      vertex 69.5276 113.2115 0.0000
    endloop
  endfacet
  facet normal 0.000000e+00 0.000000e+00 1.000000e+00
    outer loop
      vertex 70.8489 113.6842 4.0000
      vertex 69.5276 113.2115 4.0000
      vertex 71.8237 107.6682 4.0000
    endloop
  endfacet
  facet normal 0.000000e+00 0.000000e+00 1.000000e+00
    outer loop
      vertex 70.8489 113.6842 4.0000
      vertex 71.8237 107.6682 4.0000
      vertex 72.5906 107.9426 4.0000
    endloop
  endfacet
  facet normal -4.275551e-01 9.039893e-01 0.000000e+00
    outer loop
      vertex 69.5276 113.2115 0.0000
      vertex 68.2590 112.6115 0.0000
      vertex 68.2590 112.6115 4.0000
    endloop
  endfacet
  facet normal -4.275551e-01 9.039893e-01 0.000000e+00
    outer loop
      vertex 69.5276 113.2115 0.0000
      vertex 68.2590 112.6115 4.0000
      vertex 69.5276 113.2115 4.0000
    endloop
  endfacet
  facet normal 4.275551e-01 -9.039893e-01 0.000000e+00
    outer loop
      vertex 71.8237 107.6682 0.0000
      vertex 71.8237 107.6682 4.0000
      vertex 71.0874 107.3199 4.0000
    endloop
  endfacet
  facet normal 4.275551e-01 -9.039893e-01 0.000000e+00
    outer loop
      vertex 71.8237 107.6682 0.0000
      vertex 71.0874 107.3199 4.0000
      vertex 71.0874 107.3199 0.0000
    endloop
  endfacet
  facet normal 0.000000e+00 0.000000e+00 -1.000000e+00
    outer loop
      vertex 69.5276 113.2115 0.0000
      vertex 71.8237 107.6682 0.0000
      vertex 71.0874 107.3199 0.0000
    endloop
  endfacet
  facet normal 0.000000e+00 -0.000000e+00 -1.000000e+00
    outer loop
      vertex 69.5276 113.2115 0.0000
      vertex 71.0874 107.3199 0.0000
      vertex 68.2590 112.6115 0.0000
    endloop
  endfacet
  facet normal 0.000000e+00 0.000000e+00 1.000000e+00
    outer loop
      vertex 69.5276 113.2115 4.0000
      vertex 68.2590 112.6115 4.0000
      vertex 71.0874 107.3199 4.0000
    endloop
  endfacet
  facet normal 0.000000e+00 0.000000e+00 1.000000e+00
    outer loop
      vertex 69.5276 113.2115 4.0000
      vertex 71.0874 107.3199 4.0000
      vertex 71.8237 107.6682 4.0000
    endloop
  endfacet
  facet normal -5.141027e-01 8.577286e-01 0.000000e+00
    outer loop
      vertex 68.2590 112.6115 0.0000
      vertex 67.0553 111.8900 0.0000
      vertex 67.0553 111.8900 4.0000
    endloop
  endfacet
  facet normal -5.141027e-01 8.577286e-01 0.000000e+00
    outer loop
      vertex 68.2590 112.6115 0.0000
      vertex 67.0553 111.8900 4.0000
      vertex 68.2590 112.6115 4.0000
    endloop
  endfacet
  facet normal 5.141027e-01 -8.577286e-01 0.000000e+00
    outer loop
      vertex 71.0874 107.3199 0.0000
      vertex 71.0874 107.3199 4.0000
      vertex 70.3888 106.9012 4.0000
    endloop
  endfacet
  facet normal 5.141027e-01 -8.577286e-01 0.000000e+00
    outer loop
      vertex 71.0874 107.3199 0.0000
      vertex 70.3888 106.9012 4.0000
      vertex 70.3888 106.9012 0.0000
    endloop
  endfacet
  facet normal 0.000000e+00 0.000000e+00 -1.000000e+00
    outer loop
      vertex 68.2590 112.6115 0.0000
      vertex 71.0874 107.3199 0.0000
      vertex 70.3888 106.9012 0.0000
    endloop
  endfacet
  facet normal 0.000000e+00 -0.000000e+00 -1.000000e+00
    outer loop
      vertex 68.2590 112.6115 0.0000
      vertex 70.3888 106.9012 0.0000
      vertex 67.0553 111.8900 0.0000
    endloop
  endfacet
  facet normal 0.000000e+00 0.000000e+00 1.000000e+00
    outer loop
      vertex 68.2590 112.6115 4.0000
      vertex 67.0553 111.8900 4.0000
      vertex 70.3888 106.9012 4.0000
    endloop
  endfacet
  facet normal 0.000000e+00 0.000000e+00 1.000000e+00
    outer loop
      vertex 68.2590 112.6115 4.0000
      vertex 70.3888 106.9012 4.0000
      vertex 71.0874 107.3199 4.0000
    endloop
  endfacet
  facet normal -5.956993e-01 8.032075e-01 0.000000e+00
    outer loop
      vertex 67.0553 111.8900 0.0000
      vertex 65.9282 111.0540 0.0000
      vertex 65.9282 111.0540 4.0000
    endloop
  endfacet
  facet normal -5.956993e-01 8.032075e-01 0.000000e+00
    outer loop
      vertex 67.0553 111.8900 0.0000
      vertex 65.9282 111.0540 4.0000
      vertex 67.0553 111.8900 4.0000
    endloop
  endfacet
  facet normal 5.956993e-01 -8.032075e-01 0.000000e+00
    outer loop
      vertex 70.3888 106.9012 0.0000
      vertex 70.3888 106.9012 4.0000
      vertex 69.7345 106.4160 4.0000
    endloop
  endfacet
  facet normal 5.956993e-01 -8.032075e-01 0.000000e+00
    outer loop
      vertex 70.3888 106.9012 0.0000
      vertex 69.7345 106.4160 4.0000
      vertex 69.7345 106.4160 0.0000
    endloop
  endfacet
  facet normal 0.000000e+00 0.000000e+00 -1.000000e+00
    outer loop
      vertex 67.0553 111.8900 0.0000
      vertex 70.3888 106.9012 0.0000
      vertex 69.7345 106.4160 0.0000
    endloop
  endfacet
  facet normal 0.000000e+00 -0.000000e+00 -1.000000e+00
    outer loop
      vertex 67.0553 111.8900 0.0000
      vertex 69.7345 106.4160 0.0000
      vertex 65.9282 111.0540 0.0000
    endloop
  endfacet
  facet normal 0.000000e+00 0.000000e+00 1.000000e+00
    outer loop
      vertex 67.0553 111.8900 4.0000
      vertex 65.9282 111.0540 4.0000
      vertex 69.7345 106.4160 4.0000
    endloop
  endfacet
  facet normal 0.000000e+00 0.000000e+00 1.000000e+00
    outer loop
      vertex 67.0553 111.8900 4.0000
      vertex 69.7345 106.4160 4.0000
      vertex 70.3888 106.9012 4.0000
    endloop
  endfacet
  facet normal -6.715590e-01 7.409511e-01 0.000000e+00
    outer loop
      vertex 65.9282 111.0540 0.0000
      vertex 64.8884 110.1116 0.0000
      vertex 64.8884 110.1116 4.0000
    endloop
  endfacet
  facet normal -6.715590e-01 7.409511e-01 0.000000e+00
    outer loop
      vertex 65.9282 111.0540 0.0000
      vertex 64.8884 110.1116 4.0000
      vertex 65.9282 111.0540 4.0000
    endloop
  endfacet
  facet normal 6.715590e-01 -7.409511e-01 0.000000e+00
    outer loop
      vertex 69.7345 106.4160 0.0000
      vertex 69.7345 106.4160 4.0000
      vertex 69.1310 105.8690 4.0000
    endloop
  endfacet
  facet normal 6.715590e-01 -7.409511e-01 0.000000e+00
    outer loop
      vertex 69.7345 106.4160 0.0000
      vertex 69.1310 105.8690 4.0000
      vertex 69.1310 105.8690 0.0000
    endloop
  endfacet
  facet normal 0.000000e+00 0.000000e+00 -1.000000e+00
    outer loop
      vertex 65.9282 111.0540 0.0000
      vertex 69.7345 106.4160 0.0000
      vertex 69.1310 105.8690 0.0000
    endloop
  endfacet
  facet normal 0.000000e+00 -0.000000e+00 -1.000000e+00
    outer loop
      vertex 65.9282 111.0540 0.0000
      vertex 69.1310 105.8690 0.0000
      vertex 64.8884 110.1116 0.0000
    endloop
  endfacet
  facet normal 0.000000e+00 0.000000e+00 1.000000e+00
    outer loop
      vertex 65.9282 111.0540 4.0000
      vertex 64.8884 110.1116 4.0000
      vertex 69.1310 105.8690 4.0000
    endloop
  endfacet
  facet normal 0.000000e+00 0.000000e+00 1.000000e+00
    outer loop
      vertex 65.9282 111.0540 4.0000
      vertex 69.1310 105.8690 4.0000
      vertex 69.7345 106.4160 4.0000
    endloop
  endfacet
  facet normal -7.409511e-01 6.715590e-01 0.000000e+00
    outer loop
      vertex 64.8884 110.1116 0.0000
      vertex 63.9460 109.0718 0.0000
      vertex 63.9460 109.0718 4.0000
    endloop
  endfacet
  facet normal -7.409511e-01 6.715590e-01 0.000000e+00
    outer loop
      vertex 64.8884 110.1116 0.0000
      vertex 63.9460 109.0718 4.0000
      vertex 64.8884 110.1116 4.0000
    endloop
  endfacet
  facet normal 7.409511e-01 -6.715590e-01 0.000000e+00
    outer loop
      vertex 69.1310 105.8690 0.0000
      vertex 69.1310 105.8690 4.0000
      vertex 68.5840 105.2655 4.0000
    endloop
  endfacet
  facet normal 7.409511e-01 -6.715590e-01 0.000000e+00
    outer loop
      vertex 69.1310 105.8690 0.0000
      vertex 68.5840 105.2655 4.0000
      vertex 68.5840 105.2655 0.0000
    endloop
  endfacet
  facet normal 0.000000e+00 0.000000e+00 -1.000000e+00
    outer loop
      vertex 64.8884 110.1116 0.0000
      vertex 69.1310 105.8690 0.0000
      vertex 68.5840 105.2655 0.0000
    endloop
  endfacet
  facet normal 0.000000e+00 -0.000000e+00 -1.000000e+00
    outer loop
      vertex 64.8884 110.1116 0.0000
      vertex 68.5840 105.2655 0.0000
      vertex 63.9460 109.0718 0.0000
    endloop
  endfacet
  facet normal 0.000000e+00 0.000000e+00 1.000000e+00
    outer loop
      vertex 64.8884 110.1116 4.0000
      vertex 63.9460 109.0718 4.0000
      vertex 68.5840 105.2655 4.0000
    endloop
  endfacet
  facet normal 0.000000e+00 0.000000e+00 1.000000e+00
    outer loop
      vertex 64.8884 110.1116 4.0000
      vertex 68.5840 105.2655 4.0000
      vertex 69.1310 105.8690 4.0000
    endloop
  endfacet
  facet normal -8.032075e-01 5.956993e-01 0.000000e+00
    outer loop
      vertex 63.9460 109.0718 0.0000
      vertex 63.1100 107.9447 0.0000
      vertex 63.1100 107.9447 4.0000
    endloop
  endfacet
  facet normal -8.032075e-01 5.956993e-01 0.000000e+00
    outer loop
      vertex 63.9460 109.0718 0.0000
      vertex 63.1100 107.9447 4.0000
      vertex 63.9460 109.0718 4.0000
    endloop
  endfacet
  facet normal 8.032075e-01 -5.956993e-01 0.000000e+00
    outer loop
      vertex 68.5840 105.2655 0.0000
      vertex 68.5840 105.2655 4.0000
      vertex 68.0988 104.6112 4.0000
    endloop
  endfacet
  facet normal 8.032075e-01 -5.956993e-01 0.000000e+00
    outer loop
      vertex 68.5840 105.2655 0.0000
      vertex 68.0988 104.6112 4.0000
      vertex 68.0988 104.6112 0.0000
    endloop
  endfacet
  facet normal 0.000000e+00 0.000000e+00 -1.000000e+00
    outer loop
      vertex 63.9460 109.0718 0.0000
      vertex 68.5840 105.2655 0.0000
      vertex 68.0988 104.6112 0.0000
    endloop
  endfacet
  facet normal 0.000000e+00 -0.000000e+00 -1.000000e+00
    outer loop
      vertex 63.9460 109.0718 0.0000
      vertex 68.0988 104.6112 0.0000
      vertex 63.1100 107.9447 0.0000
    endloop
  endfacet
  facet normal 0.000000e+00 0.000000e+00 1.000000e+00
    outer loop
      vertex 63.9460 109.0718 4.0000
      vertex 63.1100 107.9447 4.0000
      vertex 68.0988 104.6112 4.0000
    endloop
  endfacet
  facet normal 0.000000e+00 0.000000e+00 1.000000e+00
    outer loop
      vertex 63.9460 109.0718 4.0000
      vertex 68.0988 104.6112 4.0000
      vertex 68.5840 105.2655 4.0000
    endloop
  endfacet
  facet normal -8.577286e-01 5.141027e-01 0.000000e+00
    outer loop
      vertex 63.1100 107.9447 0.0000
      vertex 62.3885 106.7410 0.0000
      vertex 62.3885 106.7410 4.0000
    endloop
  endfacet
  facet normal -8.577286e-01 5.141027e-01 0.000000e+00
    outer loop
      vertex 63.1100 107.9447 0.0000
      vertex 62.3885 106.7410 4.0000
      vertex 63.1100 107.9447 4.0000
    endloop
  endfacet
  facet normal 8.577286e-01 -5.141027e-01 0.000000e+00
    outer loop
      vertex 68.0988 104.6112 0.0000
      vertex 68.0988 104.6112 4.0000
      vertex 67.6801 103.9126 4.0000
    endloop
  endfacet
  facet normal 8.577286e-01 -5.141027e-01 0.000000e+00
    outer loop
      vertex 68.0988 104.6112 0.0000
      vertex 67.6801 103.9126 4.0000
      vertex 67.6801 103.9126 0.0000
    endloop
  endfacet
  facet normal 0.000000e+00 0.000000e+00 -1.000000e+00
    outer loop
      vertex 63.1100 107.9447 0.0000
      vertex 68.0988 104.6112 0.0000
      vertex 67.6801 103.9126 0.0000
    endloop
  endfacet
  facet normal 0.000000e+00 -0.000000e+00 -1.000000e+00
    outer loop
      vertex 63.1100 107.9447 0.0000
      vertex 67.6801 103.9126 0.0000
      vertex 62.3885 106.7410 0.0000
    endloop
  endfacet
  facet normal 0.000000e+00 0.000000e+00 1.000000e+00
    outer loop
      vertex 63.1100 107.9447 4.0000
      vertex 62.3885 106.7410 4.0000
      vertex 67.6801 103.9126 4.0000
    endloop
  endfacet
  facet normal 0.000000e+00 0.000000e+00 1.000000e+00
    outer loop
      vertex 63.1100 107.9447 4.0000
      vertex 67.6801 103.9126 4.0000
      vertex 68.0988 104.6112 4.0000
    endloop
  endfacet
  facet normal -9.039893e-01 4.275551e-01 0.000000e+00
    outer loop
      vertex 62.3885 106.7410 0.0000
      vertex 61.7885 105.4724 0.0000
      vertex 61.7885 105.4724 4.0000
    endloop
  endfacet
  facet normal -9.039893e-01 4.275551e-01 0.000000e+00
    outer loop
      vertex 62.3885 106.7410 0.0000
      vertex 61.7885 105.4724 4.0000
      vertex 62.3885 106.7410 4.0000
    endloop
  endfacet
  facet normal 9.039893e-01 -4.275551e-01 0.000000e+00
    outer loop
      vertex 67.6801 103.9126 0.0000
      vertex 67.6801 103.9126 4.0000
      vertex 67.3318 103.1763 4.0000
    endloop
  endfacet
  facet normal 9.039893e-01 -4.275551e-01 0.000000e+00
    outer loop
      vertex 67.6801 103.9126 0.0000
      vertex 67.3318 103.1763 4.0000
      vertex 67.3318 103.1763 0.0000
    endloop
  endfacet
  facet normal 0.000000e+00 0.000000e+00 -1.000000e+00
    outer loop
      vertex 62.3885 106.7410 0.0000
      vertex 67.6801 103.9126 0.0000
      vertex 67.3318 103.1763 0.0000
    endloop
  endfacet
  facet normal 0.000000e+00 -0.000000e+00 -1.000000e+00
    outer loop
      vertex 62.3885 106.7410 0.0000
      vertex 67.3318 103.1763 0.0000
      vertex 61.7885 105.4724 0.0000
    endloop
  endfacet
  facet normal 0.000000e+00 0.000000e+00 1.000000e+00
    outer loop
      vertex 62.3885 106.7410 4.0000
      vertex 61.7885 105.4724 4.0000
      vertex 67.3318 103.1763 4.0000
    endloop
  endfacet
  facet normal 0.000000e+00 0.000000e+00 1.000000e+00
    outer loop
      vertex 62.3885 106.7410 4.0000
      vertex 67.3318 103.1763 4.0000
      vertex 67.6801 103.9126 4.0000
    endloop
  endfacet
  facet normal -9.415441e-01 3.368899e-01 0.000000e+00
    outer loop
      vertex 61.7885 105.4724 0.0000
      vertex 61.3158 104.1511 0.0000
      vertex 61.3158 104.1511 4.0000
    endloop
  endfacet
  facet normal -9.415441e-01 3.368899e-01 0.000000e+00
    outer loop
      vertex 61.7885 105.4724 0.0000
      vertex 61.3158 104.1511 4.0000
      vertex 61.7885 105.4724 4.0000
    endloop
  endfacet
  facet normal 9.415441e-01 -3.368899e-01 0.000000e+00
    outer loop
      vertex 67.3318 103.1763 0.0000
      vertex 67.3318 103.1763 4.0000
      vertex 67.0574 102.4094 4.0000
    endloop
  endfacet
  facet normal 9.415441e-01 -3.368899e-01 0.000000e+00
    outer loop
      vertex 67.3318 103.1763 0.0000
      vertex 67.0574 102.4094 4.0000
      vertex 67.0574 102.4094 0.0000
    endloop
  endfacet
  facet normal 0.000000e+00 0.000000e+00 -1.000000e+00
    outer loop
      vertex 61.7885 105.4724 0.0000
      vertex 67.3318 103.1763 0.0000
      vertex 67.0574 102.4094 0.0000
    endloop
  endfacet
  facet normal 0.000000e+00 -0.000000e+00 -1.000000e+00
    outer loop
      vertex 61.7885 105.4724 0.0000
      vertex 67.0574 102.4094 0.0000
      vertex 61.3158 104.1511 0.0000
    endloop
  endfacet
  facet normal 0.000000e+00 0.000000e+00 1.000000e+00
    outer loop
      vertex 61.7885 105.4724 4.0000
      vertex 61.3158 104.1511 4.0000
      vertex 67.0574 102.4094 4.0000
    endloop
  endfacet
  facet normal 0.000000e+00 0.000000e+00 1.000000e+00
    outer loop
      vertex 61.7885 105.4724 4.0000
      vertex 67.0574 102.4094 4.0000
      vertex 67.3318 103.1763 4.0000
    endloop
  endfacet
  facet normal -9.700313e-01 2.429802e-01 0.000000e+00
    outer loop
      vertex 61.3158 104.1511 0.0000
      vertex 60.9748 102.7898 0.0000
      vertex 60.9748 102.7898 4.0000
    endloop
  endfacet
  facet normal -9.700313e-01 2.429802e-01 0.000000e+00
    outer loop
      vertex 61.3158 104.1511 0.0000
      vertex 60.9748 102.7898 4.0000
      vertex 61.3158 104.1511 4.0000
    endloop
  endfacet
  facet normal 9.700313e-01 -2.429802e-01 0.000000e+00
    outer loop
      vertex 67.0574 102.4094 0.0000
      vertex 67.0574 102.4094 4.0000
      vertex 66.8595 101.6192 4.0000
    endloop
  endfacet
  facet normal 9.700313e-01 -2.429802e-01 0.000000e+00
    outer loop
      vertex 67.0574 102.4094 0.0000
      vertex 66.8595 101.6192 4.0000
      vertex 66.8595 101.6192 0.0000
    endloop
  endfacet
  facet normal 0.000000e+00 0.000000e+00 -1.000000e+00
    outer loop
      vertex 61.3158 104.1511 0.0000
      vertex 67.0574 102.4094 0.0000
      vertex 66.8595 101.6192 0.0000
    endloop
  endfacet
  facet normal 0.000000e+00 -0.000000e+00 -1.000000e+00
    outer loop
      vertex 61.3158 104.1511 0.0000
      vertex 66.8595 101.6192 0.0000
      vertex 60.9748 102.7898 0.0000
    endloop
  endfacet
  facet normal 0.000000e+00 0.000000e+00 1.000000e+00
    outer loop
      vertex 61.3158 104.1511 4.0000
      vertex 60.9748 102.7898 4.0000
      vertex 66.8595 101.6192 4.0000
    endloop
  endfacet
  facet normal 0.000000e+00 0.000000e+00 1.000000e+00
    outer loop
      vertex 61.3158 104.1511 4.0000
      vertex 66.8595 101.6192 4.0000
      vertex 67.0574 102.4094 4.0000
    endloop
  endfacet
  facet normal -9.891765e-01 1.467305e-01 0.000000e+00
    outer loop
      vertex 60.9748 102.7898 0.0000
      vertex 60.7689 101.4016 0.0000
      vertex 60.7689 101.4016 4.0000
    endloop
  endfacet
  facet normal -9.891765e-01 1.467305e-01 0.000000e+00
    outer loop
      vertex 60.9748 102.7898 0.0000
      vertex 60.7689 101.4016 4.0000
      vertex 60.9748 102.7898 4.0000
    endloop
  endfacet
  facet normal 9.891765e-01 -1.467305e-01 0.000000e+00
    outer loop
      vertex 66.8595 101.6192 0.0000
      vertex 66.8595 101.6192 4.0000
      vertex 66.7400 100.8135 4.0000
    endloop
  endfacet
  facet normal 9.891765e-01 -1.467305e-01 0.000000e+00
    outer loop
      vertex 66.8595 101.6192 0.0000
      vertex 66.7400 100.8135 4.0000
      vertex 66.7400 100.8135 0.0000
    endloop
  endfacet
  facet normal 0.000000e+00 0.000000e+00 -1.000000e+00
    outer loop
      vertex 60.9748 102.7898 0.0000
      vertex 66.8595 101.6192 0.0000
      vertex 66.7400 100.8135 0.0000
    endloop
  endfacet
  facet normal 0.000000e+00 -0.000000e+00 -1.000000e+00
    outer loop
      vertex 60.9748 102.7898 0.0000
      vertex 66.7400 100.8135 0.0000
      vertex 60.7689 101.4016 0.0000
    endloop
  endfacet
  facet normal 0.000000e+00 0.000000e+00 1.000000e+00
    outer loop
      vertex 60.9748 102.7898 4.0000
      vertex 60.7689 101.4016 4.0000
      vertex 66.7400 100.8135 4.0000
    endloop
  endfacet
  facet normal 0.000000e+00 0.000000e+00 1.000000e+00
    outer loop
      vertex 60.9748 102.7898 4.0000
      vertex 66.7400 100.8135 4.0000
      vertex 66.8595 101.6192 4.0000
    endloop
  endfacet
  facet normal -9.987955e-01 4.906767e-02 0.000000e+00
    outer loop
      vertex 60.7689 101.4016 0.0000
      vertex 60.7000 100.0000 0.0000
      vertex 60.7000 100.0000 4.0000
    endloop
  endfacet
  facet normal -9.987955e-01 4.906767e-02 0.000000e+00
    outer loop
      vertex 60.7689 101.4016 0.0000
      vertex 60.7000 100.0000 4.0000
      vertex 60.7689 101.4016 4.0000
    endloop
  endfacet
  facet normal 9.987955e-01 -4.906767e-02 0.000000e+00
    outer loop
      vertex 66.7400 100.8135 0.0000
      vertex 66.7400 100.8135 4.0000
      vertex 66.7000 100.0000 4.0000
    endloop
  endfacet
  facet normal 9.987955e-01 -4.906767e-02 0.000000e+00
    outer loop
      vertex 66.7400 100.8135 0.0000
      vertex 66.7000 100.0000 4.0000
      vertex 66.7000 100.0000 0.0000
    endloop
  endfacet
  facet normal 0.000000e+00 0.000000e+00 -1.000000e+00
    outer loop
      vertex 60.7689 101.4016 0.0000
      vertex 66.7400 100.8135 0.0000
      vertex 66.7000 100.0000 0.0000
    endloop
  endfacet
  facet normal 0.000000e+00 -0.000000e+00 -1.000000e+00
    outer loop
      vertex 60.7689 101.4016 0.0000
      vertex 66.7000 100.0000 0.0000
      vertex 60.7000 100.0000 0.0000
    endloop
  endfacet
  facet normal 0.000000e+00 0.000000e+00 1.000000e+00
    outer loop
      vertex 60.7689 101.4016 4.0000
      vertex 60.7000 100.0000 4.0000
      vertex 66.7000 100.0000 4.0000
    endloop
  endfacet
  facet normal 0.000000e+00 0.000000e+00 1.000000e+00
    outer loop
      vertex 60.7689 101.4016 4.0000
      vertex 66.7000 100.0000 4.0000
      vertex 66.7400 100.8135 4.0000
    endloop
  endfacet
  facet normal -9.987955e-01 -4.906767e-02 0.000000e+00
    outer loop
      vertex 60.7000 100.0000 0.0000
      vertex 60.7689 98.5984 0.0000
      vertex 60.7689 98.5984 4.0000
    endloop
  endfacet
  facet normal -9.987955e-01 -4.906767e-02 0.000000e+00
    outer loop
      vertex 60.7000 100.0000 0.0000
      vertex 60.7689 98.5984 4.0000
      vertex 60.7000 100.0000 4.0000
    endloop
  endfacet
  facet normal 9.987955e-01 4.906767e-02 -0.000000e+00
    outer loop
      vertex 66.7000 100.0000 0.0000
      vertex 66.7000 100.0000 4.0000
      vertex 66.7400 99.1865 4.0000
    endloop
  endfacet
  facet normal 9.987955e-01 4.906767e-02 0.000000e+00
    outer loop
      vertex 66.7000 100.0000 0.0000
      vertex 66.7400 99.1865 4.0000
      vertex 66.7400 99.1865 0.0000
    endloop
  endfacet
  facet normal 0.000000e+00 0.000000e+00 -1.000000e+00
    outer loop
      vertex 60.7000 100.0000 0.0000
      vertex 66.7000 100.0000 0.0000
      vertex 66.7400 99.1865 0.0000
    endloop
  endfacet
  facet normal 0.000000e+00 0.000000e+00 -1.000000e+00
    outer loop
      vertex 60.7000 100.0000 0.0000
      vertex 66.7400 99.1865 0.0000
      vertex 60.7689 98.5984 0.0000
    endloop
  endfacet
  facet normal 0.000000e+00 0.000000e+00 1.000000e+00
    outer loop
      vertex 60.7000 100.0000 4.0000
      vertex 60.7689 98.5984 4.0000
      vertex 66.7400 99.1865 4.0000
    endloop
  endfacet
  facet normal -0.000000e+00 0.000000e+00 1.000000e+00
    outer loop
      vertex 60.7000 100.0000 4.0000
      vertex 66.7400 99.1865 4.0000
      vertex 66.7000 100.0000 4.0000
    endloop
  endfacet
  facet normal -9.891765e-01 -1.467305e-01 0.000000e+00
    outer loop
      vertex 60.7689 98.5984 0.0000
      vertex 60.9748 97.2102 0.0000
      vertex 60.9748 97.2102 4.0000
    endloop
  endfacet
  facet normal -9.891765e-01 -1.467305e-01 0.000000e+00
    outer loop
      vertex 60.7689 98.5984 0.0000
      vertex 60.9748 97.2102 4.0000
      vertex 60.7689 98.5984 4.0000
    endloop
  endfacet
  facet normal 9.891765e-01 1.467305e-01 -0.000000e+00
    outer loop
      vertex 66.7400 99.1865 0.0000
      vertex 66.7400 99.1865 4.0000
      vertex 66.8595 98.3808 4.0000
    endloop
  endfacet
  facet normal 9.891765e-01 1.467305e-01 0.000000e+00
    outer loop
      vertex 66.7400 99.1865 0.0000
      vertex 66.8595 98.3808 4.0000
      vertex 66.8595 98.3808 0.0000
    endloop
  endfacet
  facet normal 0.000000e+00 0.000000e+00 -1.000000e+00
    outer loop
      vertex 60.7689 98.5984 0.0000
      vertex 66.7400 99.1865 0.0000
      vertex 66.8595 98.3808 0.0000
    endloop
  endfacet
  facet normal 0.000000e+00 0.000000e+00 -1.000000e+00
    outer loop
      vertex 60.7689 98.5984 0.0000
      vertex 66.8595 98.3808 0.0000
      vertex 60.9748 97.2102 0.0000
    endloop
  endfacet
  facet normal 0.000000e+00 0.000000e+00 1.000000e+00
    outer loop
      vertex 60.7689 98.5984 4.0000
      vertex 60.9748 97.2102 4.0000
      vertex 66.8595 98.3808 4.0000
    endloop
  endfacet
  facet normal -0.000000e+00 0.000000e+00 1.000000e+00
    outer loop
      vertex 60.7689 98.5984 4.0000
      vertex 66.8595 98.3808 4.0000
      vertex 66.7400 99.1865 4.0000
    endloop
  endfacet
  facet normal -9.700313e-01 -2.429802e-01 0.000000e+00
    outer loop
      vertex 60.9748 97.2102 0.0000
      vertex 61.3158 95.8489 0.0000
      vertex 61.3158 95.8489 4.0000
    endloop
  endfacet
  facet normal -9.700313e-01 -2.429802e-01 0.000000e+00
    outer loop
      vertex 60.9748 97.2102 0.0000
      vertex 61.3158 95.8489 4.0000
      vertex 60.9748 97.2102 4.0000
    endloop
  endfacet
  facet normal 9.700313e-01 2.429802e-01 -0.000000e+00
    outer loop
      vertex 66.8595 98.3808 0.0000
      vertex 66.8595 98.3808 4.0000
      vertex 67.0574 97.5906 4.0000
    endloop
  endfacet
  facet normal 9.700313e-01 2.429802e-01 0.000000e+00
    outer loop
      vertex 66.8595 98.3808 0.0000
      vertex 67.0574 97.5906 4.0000
      vertex 67.0574 97.5906 0.0000
    endloop
  endfacet
  facet normal 0.000000e+00 0.000000e+00 -1.000000e+00
    outer loop
      vertex 60.9748 97.2102 0.0000
      vertex 66.8595 98.3808 0.0000
      vertex 67.0574 97.5906 0.0000
    endloop
  endfacet
  facet normal 0.000000e+00 0.000000e+00 -1.000000e+00
    outer loop
      vertex 60.9748 97.2102 0.0000
      vertex 67.0574 97.5906 0.0000
      vertex 61.3158 95.8489 0.0000
    endloop
  endfacet
  facet normal -0.000000e+00 0.000000e+00 1.000000e+00
    outer loop
      vertex 60.9748 97.2102 4.0000
      vertex 61.3158 95.8489 4.0000
      vertex 67.0574 97.5906 4.0000
    endloop
  endfacet
  facet normal 0.000000e+00 0.000000e+00 1.000000e+00
    outer loop
      vertex 60.9748 97.2102 4.0000
      vertex 67.0574 97.5906 4.0000
      vertex 66.8595 98.3808 4.0000
    endloop
  endfacet
  facet normal -9.415441e-01 -3.368899e-01 0.000000e+00
    outer loop
      vertex 61.3158 95.8489 0.0000
      vertex 61.7885 94.5276 0.0000
      vertex 61.7885 94.5276 4.0000
    endloop
  endfacet
  facet normal -9.415441e-01 -3.368899e-01 0.000000e+00
    outer loop
      vertex 61.3158 95.8489 0.0000
      vertex 61.7885 94.5276 4.0000
      vertex 61.3158 95.8489 4.0000
    endloop
  endfacet
  facet normal 9.415441e-01 3.368899e-01 -0.000000e+00
    outer loop
      vertex 67.0574 97.5906 0.0000
      vertex 67.0574 97.5906 4.0000
      vertex 67.3318 96.8237 4.0000
    endloop
  endfacet
  facet normal 9.415441e-01 3.368899e-01 0.000000e+00
    outer loop
      vertex 67.0574 97.5906 0.0000
      vertex 67.3318 96.8237 4.0000
      vertex 67.3318 96.8237 0.0000
    endloop
  endfacet
  facet normal 0.000000e+00 0.000000e+00 -1.000000e+00
    outer loop
      vertex 61.3158 95.8489 0.0000
      vertex 67.0574 97.5906 0.0000
      vertex 67.3318 96.8237 0.0000
    endloop
  endfacet
  facet normal 0.000000e+00 0.000000e+00 -1.000000e+00
    outer loop
      vertex 61.3158 95.8489 0.0000
      vertex 67.3318 96.8237 0.0000
      vertex 61.7885 94.5276 0.0000
    endloop
  endfacet
  facet normal -0.000000e+00 0.000000e+00 1.000000e+00
    outer loop
      vertex 61.3158 95.8489 4.0000
      vertex 61.7885 94.5276 4.0000
      vertex 67.3318 96.8237 4.0000
    endloop
  endfacet
  facet normal 0.000000e+00 0.000000e+00 1.000000e+00
    outer loop
      vertex 61.3158 95.8489 4.0000
      vertex 67.3318 96.8237 4.0000
      vertex 67.0574 97.5906 4.0000
    endloop
  endfacet
  facet normal -9.039893e-01 -4.275551e-01 0.000000e+00
    outer loop
      vertex 61.7885 94.5276 0.0000
      vertex 62.3885 93.2590 0.0000
      vertex 62.3885 93.2590 4.0000
    endloop
  endfacet
  facet normal -9.039893e-01 -4.275551e-01 0.000000e+00
    outer loop
      vertex 61.7885 94.5276 0.0000
      vertex 62.3885 93.2590 4.0000
      vertex 61.7885 94.5276 4.0000
    endloop
  endfacet
  facet normal 9.039893e-01 4.275551e-01 -0.000000e+00
    outer loop
      vertex 67.3318 96.8237 0.0000
      vertex 67.3318 96.8237 4.0000
      vertex 67.6801 96.0874 4.0000
    endloop
  endfacet
  facet normal 9.039893e-01 4.275551e-01 0.000000e+00
    outer loop
      vertex 67.3318 96.8237 0.0000
      vertex 67.6801 96.0874 4.0000
      vertex 67.6801 96.0874 0.0000
    endloop
  endfacet
  facet normal 0.000000e+00 0.000000e+00 -1.000000e+00
    outer loop
      vertex 61.7885 94.5276 0.0000
      vertex 67.3318 96.8237 0.0000
      vertex 67.6801 96.0874 0.0000
    endloop
  endfacet
  facet normal 0.000000e+00 0.000000e+00 -1.000000e+00
    outer loop
      vertex 61.7885 94.5276 0.0000
      vertex 67.6801 96.0874 0.0000
      vertex 62.3885 93.2590 0.0000
    endloop
  endfacet
  facet normal -0.000000e+00 0.000000e+00 1.000000e+00
    outer loop
      vertex 61.7885 94.5276 4.0000
      vertex 62.3885 93.2590 4.0000
      vertex 67.6801 96.0874 4.0000
    endloop
  endfacet
  facet normal 0.000000e+00 0.000000e+00 1.000000e+00
    outer loop
      vertex 61.7885 94.5276 4.0000
      vertex 67.6801 96.0874 4.0000
      vertex 67.3318 96.8237 4.0000
    endloop
  endfacet
  facet normal -8.577286e-01 -5.141027e-01 0.000000e+00
    outer loop
      vertex 62.3885 93.2590 0.0000
      vertex 63.1100 92.0553 0.0000
      vertex 63.1100 92.0553 4.0000
    endloop
  endfacet
  facet normal -8.577286e-01 -5.141027e-01 0.000000e+00
    outer loop
      vertex 62.3885 93.2590 0.0000
      vertex 63.1100 92.0553 4.0000
      vertex 62.3885 93.2590 4.0000
    endloop
  endfacet
  facet normal 8.577286e-01 5.141027e-01 -0.000000e+00
    outer loop
      vertex 67.6801 96.0874 0.0000
      vertex 67.6801 96.0874 4.0000
      vertex 68.0988 95.3888 4.0000
    endloop
  endfacet
  facet normal 8.577286e-01 5.141027e-01 0.000000e+00
    outer loop
      vertex 67.6801 96.0874 0.0000
      vertex 68.0988 95.3888 4.0000
      vertex 68.0988 95.3888 0.0000
    endloop
  endfacet
  facet normal 0.000000e+00 0.000000e+00 -1.000000e+00
    outer loop
      vertex 62.3885 93.2590 0.0000
      vertex 67.6801 96.0874 0.0000
      vertex 68.0988 95.3888 0.0000
    endloop
  endfacet
  facet normal 0.000000e+00 0.000000e+00 -1.000000e+00
    outer loop
      vertex 62.3885 93.2590 0.0000
      vertex 68.0988 95.3888 0.0000
      vertex 63.1100 92.0553 0.0000
    endloop
  endfacet
  facet normal -0.000000e+00 0.000000e+00 1.000000e+00
    outer loop
      vertex 62.3885 93.2590 4.0000
      vertex 63.1100 92.0553 4.0000
      vertex 68.0988 95.3888 4.0000
    endloop
  endfacet
  facet normal 0.000000e+00 0.000000e+00 1.000000e+00
    outer loop
      vertex 62.3885 93.2590 4.0000
      vertex 68.0988 95.3888 4.0000
      vertex 67.6801 96.0874 4.0000
    endloop
  endfacet
  facet normal -8.032075e-01 -5.956993e-01 0.000000e+00
    outer loop
      vertex 63.1100 92.0553 0.0000
      vertex 63.9460 90.9282 0.0000
      vertex 63.9460 90.9282 4.0000
    endloop
  endfacet
  facet normal -8.032075e-01 -5.956993e-01 0.000000e+00
    outer loop
      vertex 63.1100 92.0553 0.0000
      vertex 63.9460 90.9282 4.0000
      vertex 63.1100 92.0553 4.0000
    endloop
  endfacet
  facet normal 8.032075e-01 5.956993e-01 -0.000000e+00
    outer loop
      vertex 68.0988 95.3888 0.0000
      vertex 68.0988 95.3888 4.0000
      vertex 68.5840 94.7345 4.0000
    endloop
  endfacet
  facet normal 8.032075e-01 5.956993e-01 0.000000e+00
    outer loop
      vertex 68.0988 95.3888 0.0000
      vertex 68.5840 94.7345 4.0000
      vertex 68.5840 94.7345 0.0000
    endloop
  endfacet
  facet normal 0.000000e+00 0.000000e+00 -1.000000e+00
    outer loop
      vertex 63.1100 92.0553 0.0000
      vertex 68.0988 95.3888 0.0000
      vertex 68.5840 94.7345 0.0000
    endloop
  endfacet
  facet normal 0.000000e+00 0.000000e+00 -1.000000e+00
    outer loop
      vertex 63.1100 92.0553 0.0000
      vertex 68.5840 94.7345 0.0000
      vertex 63.9460 90.9282 0.0000
    endloop
  endfacet
  facet normal -0.000000e+00 0.000000e+00 1.000000e+00
    outer loop
      vertex 63.1100 92.0553 4.0000
      vertex 63.9460 90.9282 4.0000
      vertex 68.5840 94.7345 4.0000
    endloop
  endfacet
  facet normal 0.000000e+00 0.000000e+00 1.000000e+00
    outer loop
      vertex 63.1100 92.0553 4.0000
      vertex 68.5840 94.7345 4.0000
      vertex 68.0988 95.3888 4.0000
    endloop
  endfacet
  facet normal -7.409511e-01 -6.715590e-01 0.000000e+00
    outer loop
      vertex 63.9460 90.9282 0.0000
      vertex 64.8884 89.8884 0.0000
      vertex 64.8884 89.8884 4.0000
    endloop
  endfacet
  facet normal -7.409511e-01 -6.715590e-01 0.000000e+00
    outer loop
      vertex 63.9460 90.9282 0.0000
      vertex 64.8884 89.8884 4.0000
      vertex 63.9460 90.9282 4.0000
    endloop
  endfacet
  facet normal 7.409511e-01 6.715590e-01 -0.000000e+00
    outer loop
      vertex 68.5840 94.7345 0.0000
      vertex 68.5840 94.7345 4.0000
      vertex 69.1310 94.1310 4.0000
    endloop
  endfacet
  facet normal 7.409511e-01 6.715590e-01 0.000000e+00
    outer loop
      vertex 68.5840 94.7345 0.0000
      vertex 69.1310 94.1310 4.0000
      vertex 69.1310 94.1310 0.0000
    endloop
  endfacet
  facet normal 0.000000e+00 0.000000e+00 -1.000000e+00
    outer loop
      vertex 63.9460 90.9282 0.0000
      vertex 68.5840 94.7345 0.0000
      vertex 69.1310 94.1310 0.0000
    endloop
  endfacet
  facet normal 0.000000e+00 0.000000e+00 -1.000000e+00
    outer loop
      vertex 63.9460 90.9282 0.0000
      vertex 69.1310 94.1310 0.0000
      vertex 64.8884 89.8884 0.0000
    endloop
  endfacet
  facet normal -0.000000e+00 0.000000e+00 1.000000e+00
    outer loop
      vertex 63.9460 90.9282 4.0000
      vertex 64.8884 89.8884 4.0000
      vertex 69.1310 94.1310 4.0000
    endloop
  endfacet
  facet normal 0.000000e+00 0.000000e+00 1.000000e+00
    outer loop
      vertex 63.9460 90.9282 4.0000
      vertex 69.1310 94.1310 4.0000
      vertex 68.5840 94.7345 4.0000
    endloop
  endfacet
  facet normal -6.715590e-01 -7.409511e-01 0.000000e+00
    outer loop
      vertex 64.8884 89.8884 0.0000
      vertex 65.9282 88.9460 0.0000
      vertex 65.9282 88.9460 4.0000
    endloop
  endfacet
  facet normal -6.715590e-01 -7.409511e-01 0.000000e+00
    outer loop
      vertex 64.8884 89.8884 0.0000
      vertex 65.9282 88.9460 4.0000
      vertex 64.8884 89.8884 4.0000
    endloop
  endfacet
  facet normal 6.715590e-01 7.409511e-01 -0.000000e+00
    outer loop
      vertex 69.1310 94.1310 0.0000
      vertex 69.1310 94.1310 4.0000
      vertex 69.7345 93.5840 4.0000
    endloop
  endfacet
  facet normal 6.715590e-01 7.409511e-01 0.000000e+00
    outer loop
      vertex 69.1310 94.1310 0.0000
      vertex 69.7345 93.5840 4.0000
      vertex 69.7345 93.5840 0.0000
    endloop
  endfacet
  facet normal 0.000000e+00 0.000000e+00 -1.000000e+00
    outer loop
      vertex 64.8884 89.8884 0.0000
      vertex 69.1310 94.1310 0.0000
      vertex 69.7345 93.5840 0.0000
    endloop
  endfacet
  facet normal 0.000000e+00 0.000000e+00 -1.000000e+00
    outer loop
      vertex 64.8884 89.8884 0.0000
      vertex 69.7345 93.5840 0.0000
      vertex 65.9282 88.9460 0.0000
    endloop
  endfacet
  facet normal -0.000000e+00 0.000000e+00 1.000000e+00
    outer loop
      vertex 64.8884 89.8884 4.0000
      vertex 65.9282 88.9460 4.0000
      vertex 69.7345 93.5840 4.0000
    endloop
  endfacet
  facet normal 0.000000e+00 0.000000e+00 1.000000e+00
    outer loop
      vertex 64.8884 89.8884 4.0000
      vertex 69.7345 93.5840 4.0000
      vertex 69.1310 94.1310 4.0000
    endloop
  endfacet
  facet normal -5.956993e-01 -8.032075e-01 0.000000e+00
    outer loop
      vertex 65.9282 88.9460 0.0000
      vertex 67.0553 88.1100 0.0000
      vertex 67.0553 88.1100 4.0000
    endloop
  endfacet
  facet normal -5.956993e-01 -8.032075e-01 0.000000e+00
    outer loop
      vertex 65.9282 88.9460 0.0000
      vertex 67.0553 88.1100 4.0000
      vertex 65.9282 88.9460 4.0000
    endloop
  endfacet
  facet normal 5.956993e-01 8.032075e-01 -0.000000e+00
    outer loop
      vertex 69.7345 93.5840 0.0000
      vertex 69.7345 93.5840 4.0000
      vertex 70.3888 93.0988 4.0000
    endloop
  endfacet
  facet normal 5.956993e-01 8.032075e-01 0.000000e+00
    outer loop
      vertex 69.7345 93.5840 0.0000
      vertex 70.3888 93.0988 4.0000
      vertex 70.3888 93.0988 0.0000
    endloop
  endfacet
  facet normal 0.000000e+00 0.000000e+00 -1.000000e+00
    outer loop
      vertex 65.9282 88.9460 0.0000
      vertex 69.7345 93.5840 0.0000
      vertex 70.3888 93.0988 0.0000
    endloop
  endfacet
  facet normal 0.000000e+00 0.000000e+00 -1.000000e+00
    outer loop
      vertex 65.9282 88.9460 0.0000
      vertex 70.3888 93.0988 0.0000
      vertex 67.0553 88.1100 0.0000
    endloop
  endfacet
  facet normal -0.000000e+00 0.000000e+00 1.000000e+00
    outer loop
      vertex 65.9282 88.9460 4.0000
      vertex 67.0553 88.1100 4.0000
      vertex 70.3888 93.0988 4.0000
    endloop
  endfacet
  facet normal 0.000000e+00 0.000000e+00 1.000000e+00
    outer loop
      vertex 65.9282 88.9460 4.0000
      vertex 70.3888 93.0988 4.0000
      vertex 69.7345 93.5840 4.0000
    endloop
  endfacet
  facet normal -5.141027e-01 -8.577286e-01 0.000000e+00
    outer loop
      vertex 67.0553 88.1100 0.0000
      vertex 68.2590 87.3885 0.0000
      vertex 68.2590 87.3885 4.0000
    endloop
  endfacet
  facet normal -5.141027e-01 -8.577286e-01 0.000000e+00
    outer loop
      vertex 67.0553 88.1100 0.0000
      vertex 68.2590 87.3885 4.0000
      vertex 67.0553 88.1100 4.0000
    endloop
  endfacet
  facet normal 5.141027e-01 8.577286e-01 -0.000000e+00
    outer loop
      vertex 70.3888 93.0988 0.0000
      vertex 70.3888 93.0988 4.0000
      vertex 71.0874 92.6801 4.0000
    endloop
  endfacet
  facet normal 5.141027e-01 8.577286e-01 0.000000e+00
    outer loop
      vertex 70.3888 93.0988 0.0000
      vertex 71.0874 92.6801 4.0000
      vertex 71.0874 92.6801 0.0000
    endloop
  endfacet
  facet normal 0.000000e+00 0.000000e+00 -1.000000e+00
    outer loop
      vertex 67.0553 88.1100 0.0000
      vertex 70.3888 93.0988 0.0000
      vertex 71.0874 92.6801 0.0000
    endloop
  endfacet
  facet normal 0.000000e+00 0.000000e+00 -1.000000e+00
    outer loop
      vertex 67.0553 88.1100 0.0000
      vertex 71.0874 92.6801 0.0000
      vertex 68.2590 87.3885 0.0000
    endloop
  endfacet
  facet normal -0.000000e+00 0.000000e+00 1.000000e+00
    outer loop
      vertex 67.0553 88.1100 4.0000
      vertex 68.2590 87.3885 4.0000
      vertex 71.0874 92.6801 4.0000
    endloop
  endfacet
  facet normal 0.000000e+00 0.000000e+00 1.000000e+00
    outer loop
      vertex 67.0553 88.1100 4.0000
      vertex 71.0874 92.6801 4.0000
      vertex 70.3888 93.0988 4.0000
    endloop
  endfacet
  facet normal -4.275551e-01 -9.039893e-01 0.000000e+00
    outer loop
      vertex 68.2590 87.3885 0.0000
      vertex 69.5276 86.7885 0.0000
      vertex 69.5276 86.7885 4.0000
    endloop
  endfacet
  facet normal -4.275551e-01 -9.039893e-01 0.000000e+00
    outer loop
      vertex 68.2590 87.3885 0.0000
      vertex 69.5276 86.7885 4.0000
      vertex 68.2590 87.3885 4.0000
    endloop
  endfacet
  facet normal 4.275551e-01 9.039893e-01 -0.000000e+00
    outer loop
      vertex 71.0874 92.6801 0.0000
      vertex 71.0874 92.6801 4.0000
      vertex 71.8237 92.3318 4.0000
    endloop
  endfacet
  facet normal 4.275551e-01 9.039893e-01 0.000000e+00
    outer loop
      vertex 71.0874 92.6801 0.0000
      vertex 71.8237 92.3318 4.0000
      vertex 71.8237 92.3318 0.0000
    endloop
  endfacet
  facet normal 0.000000e+00 0.000000e+00 -1.000000e+00
    outer loop
      vertex 68.2590 87.3885 0.0000
      vertex 71.0874 92.6801 0.0000
      vertex 71.8237 92.3318 0.0000
    endloop
  endfacet
  facet normal 0.000000e+00 0.000000e+00 -1.000000e+00
    outer loop
      vertex 68.2590 87.3885 0.0000
      vertex 71.8237 92.3318 0.0000
      vertex 69.5276 86.7885 0.0000
    endloop
  endfacet
  facet normal -0.000000e+00 0.000000e+00 1.000000e+00
    outer loop
      vertex 68.2590 87.3885 4.0000
      vertex 69.5276 86.7885 4.0000
      vertex 71.8237 92.3318 4.0000
    endloop
  endfacet
  facet normal 0.000000e+00 0.000000e+00 1.000000e+00
    outer loop
      vertex 68.2590 87.3885 4.0000
      vertex 71.8237 92.3318 4.0000
      vertex 71.0874 92.6801 4.0000
    endloop
  endfacet
  facet normal -3.368899e-01 -9.415441e-01 0.000000e+00
    outer loop
      vertex 69.5276 86.7885 0.0000
      vertex 70.8489 86.3158 0.0000
      vertex 70.8489 86.3158 4.0000
    endloop
  endfacet
  facet normal -3.368899e-01 -9.415441e-01 0.000000e+00
    outer loop
      vertex 69.5276 86.7885 0.0000
      vertex 70.8489 86.3158 4.0000
      vertex 69.5276 86.7885 4.0000
    endloop
  endfacet
  facet normal 3.368899e-01 9.415441e-01 -0.000000e+00
    outer loop
      vertex 71.8237 92.3318 0.0000
      vertex 71.8237 92.3318 4.0000
      vertex 72.5906 92.0574 4.0000
    endloop
  endfacet
  facet normal 3.368899e-01 9.415441e-01 0.000000e+00
    outer loop
      vertex 71.8237 92.3318 0.0000
      vertex 72.5906 92.0574 4.0000
      vertex 72.5906 92.0574 0.0000
    endloop
  endfacet
  facet normal 0.000000e+00 0.000000e+00 -1.000000e+00
    outer loop
      vertex 69.5276 86.7885 0.0000
      vertex 71.8237 92.3318 0.0000
      vertex 72.5906 92.0574 0.0000
    endloop
  endfacet
  facet normal 0.000000e+00 0.000000e+00 -1.000000e+00
    outer loop
      vertex 69.5276 86.7885 0.0000
      vertex 72.5906 92.0574 0.0000
      vertex 70.8489 86.3158 0.0000
    endloop
  endfacet
  facet normal -0.000000e+00 0.000000e+00 1.000000e+00
    outer loop
      vertex 69.5276 86.7885 4.0000
      vertex 70.8489 86.3158 4.0000
      vertex 72.5906 92.0574 4.0000
    endloop
  endfacet
  facet normal 0.000000e+00 0.000000e+00 1.000000e+00
    outer loop
      vertex 69.5276 86.7885 4.0000
      vertex 72.5906 92.0574 4.0000
      vertex 71.8237 92.3318 4.0000
    endloop
  endfacet
  facet normal -2.429802e-01 -9.700313e-01 0.000000e+00
    outer loop
      vertex 70.8489 86.3158 0.0000
      vertex 72.2102 85.9748 0.0000
      vertex 72.2102 85.9748 4.0000
    endloop
  endfacet
  facet normal -2.429802e-01 -9.700313e-01 0.000000e+00
    outer loop
      vertex 70.8489 86.3158 0.0000
      vertex 72.2102 85.9748 4.0000
      vertex 70.8489 86.3158 4.0000
    endloop
  endfacet
  facet normal 2.429802e-01 9.700313e-01 -0.000000e+00
    outer loop
      vertex 72.5906 92.0574 0.0000
      vertex 72.5906 92.0574 4.0000
      vertex 73.3808 91.8595 4.0000
    endloop
  endfacet
  facet normal 2.429802e-01 9.700313e-01 0.000000e+00
    outer loop
      vertex 72.5906 92.0574 0.0000
      vertex 73.3808 91.8595 4.0000
      vertex 73.3808 91.8595 0.0000
    endloop
  endfacet
  facet normal 0.000000e+00 0.000000e+00 -1.000000e+00
    outer loop
      vertex 70.8489 86.3158 0.0000
      vertex 72.5906 92.0574 0.0000
      vertex 73.3808 91.8595 0.0000
    endloop
  endfacet
  facet normal 0.000000e+00 0.000000e+00 -1.000000e+00
    outer loop
      vertex 70.8489 86.3158 0.0000
      vertex 73.3808 91.8595 0.0000
      vertex 72.2102 85.9748 0.0000
    endloop
  endfacet
  facet normal -0.000000e+00 0.000000e+00 1.000000e+00
    outer loop
      vertex 70.8489 86.3158 4.0000
      vertex 72.2102 85.9748 4.0000
      vertex 73.3808 91.8595 4.0000
    endloop
  endfacet
  facet normal 0.000000e+00 0.000000e+00 1.000000e+00
    outer loop
      vertex 70.8489 86.3158 4.0000
      vertex 73.3808 91.8595 4.0000
      vertex 72.5906 92.0574 4.0000
    endloop
  endfacet
  facet normal -1.467305e-01 -9.891765e-01 0.000000e+00
    outer loop
      vertex 72.2102 85.9748 0.0000
      vertex 73.5984 85.7689 0.0000
      vertex 73.5984 85.7689 4.0000
    endloop
  endfacet
  facet normal -1.467305e-01 -9.891765e-01 0.000000e+00
    outer loop
      vertex 72.2102 85.9748 0.0000
      vertex 73.5984 85.7689 4.0000
      vertex 72.2102 85.9748 4.0000
    endloop
  endfacet
  facet normal 1.467305e-01 9.891765e-01 -0.000000e+00
    outer loop
      vertex 73.3808 91.8595 0.0000
      vertex 73.3808 91.8595 4.0000
      vertex 74.1865 91.7400 4.0000
    endloop
  endfacet
  facet normal 1.467305e-01 9.891765e-01 0.000000e+00
    outer loop
      vertex 73.3808 91.8595 0.0000
      vertex 74.1865 91.7400 4.0000
      vertex 74.1865 91.7400 0.0000
    endloop
  endfacet
  facet normal 0.000000e+00 0.000000e+00 -1.000000e+00
    outer loop
      vertex 72.2102 85.9748 0.0000
      vertex 73.3808 91.8595 0.0000
      vertex 74.1865 91.7400 0.0000
    endloop
  endfacet
  facet normal 0.000000e+00 0.000000e+00 -1.000000e+00
    outer loop
      vertex 72.2102 85.9748 0.0000
      vertex 74.1865 91.7400 0.0000
      vertex 73.5984 85.7689 0.0000
    endloop
  endfacet
  facet normal -0.000000e+00 0.000000e+00 1.000000e+00
    outer loop
      vertex 72.2102 85.9748 4.0000
      vertex 73.5984 85.7689 4.0000
      vertex 74.1865 91.7400 4.0000
    endloop
  endfacet
  facet normal 0.000000e+00 0.000000e+00 1.000000e+00
    outer loop
      vertex 72.2102 85.9748 4.0000
      vertex 74.1865 91.7400 4.0000
      vertex 73.3808 91.8595 4.0000
    endloop
  endfacet
  facet normal -4.906767e-02 -9.987955e-01 0.000000e+00
    outer loop
      vertex 73.5984 85.7689 0.0000
      vertex 75.0000 85.7000 0.0000
      vertex 75.0000 85.7000 4.0000
    endloop
  endfacet
  facet normal -4.906767e-02 -9.987955e-01 0.000000e+00
    outer loop
      vertex 73.5984 85.7689 0.0000
      vertex 75.0000 85.7000 4.0000
      vertex 73.5984 85.7689 4.0000
    endloop
  endfacet
  facet normal 4.906767e-02 9.987955e-01 -0.000000e+00
    outer loop
      vertex 74.1865 91.7400 0.0000
      vertex 74.1865 91.7400 4.0000
      vertex 75.0000 91.7000 4.0000
    endloop
  endfacet
  facet normal 4.906767e-02 9.987955e-01 0.000000e+00
    outer loop
      vertex 74.1865 91.7400 0.0000
      vertex 75.0000 91.7000 4.0000
      vertex 75.0000 91.7000 0.0000
    endloop
  endfacet
  facet normal 0.000000e+00 0.000000e+00 -1.000000e+00
    outer loop
      vertex 73.5984 85.7689 0.0000
      vertex 74.1865 91.7400 0.0000
      vertex 75.0000 91.7000 0.0000
    endloop
  endfacet
  facet normal 0.000000e+00 0.000000e+00 -1.000000e+00
    outer loop
      vertex 73.5984 85.7689 0.0000
      vertex 75.0000 91.7000 0.0000
      vertex 75.0000 85.7000 0.0000
    endloop
  endfacet
  facet normal -0.000000e+00 0.000000e+00 1.000000e+00
    outer loop
      vertex 73.5984 85.7689 4.0000
      vertex 75.0000 85.7000 4.0000
      vertex 75.0000 91.7000 4.0000
    endloop
  endfacet
  facet normal 0.000000e+00 0.000000e+00 1.000000e+00
    outer loop
      vertex 73.5984 85.7689 4.0000
      vertex 75.0000 91.7000 4.0000
      vertex 74.1865 91.7400 4.0000
    endloop
  endfacet
  facet normal 4.906767e-02 -9.987955e-01 0.000000e+00
    outer loop
      vertex 75.0000 85.7000 0.0000
      vertex 76.4016 85.7689 0.0000
      vertex 76.4016 85.7689 4.0000
    endloop
  endfacet
  facet normal 4.906767e-02 -9.987955e-01 0.000000e+00
    outer loop
      vertex 75.0000 85.7000 0.0000
      vertex 76.4016 85.7689 4.0000
      vertex 75.0000 85.7000 4.0000
    endloop
  endfacet
  facet normal -4.906767e-02 9.987955e-01 0.000000e+00
    outer loop
      vertex 75.0000 91.7000 0.0000
      vertex 75.0000 91.7000 4.0000
      vertex 75.8135 91.7400 4.0000
    endloop
  endfacet
  facet normal -4.906767e-02 9.987955e-01 0.000000e+00
    outer loop
      vertex 75.0000 91.7000 0.0000
      vertex 75.8135 91.7400 4.0000
      vertex 75.8135 91.7400 0.0000
    endloop
  endfacet
  facet normal 0.000000e+00 0.000000e+00 -1.000000e+00
    outer loop
      vertex 75.0000 85.7000 0.0000
      vertex 75.0000 91.7000 0.0000
      vertex 75.8135 91.7400 0.0000
    endloop
  endfacet
  facet normal 0.000000e+00 0.000000e+00 -1.000000e+00
    outer loop
      vertex 75.0000 85.7000 0.0000
      vertex 75.8135 91.7400 0.0000
      vertex 76.4016 85.7689 0.0000
    endloop
  endfacet
  facet normal 0.000000e+00 0.000000e+00 1.000000e+00
    outer loop
      vertex 75.0000 85.7000 4.0000
      vertex 76.4016 85.7689 4.0000
      vertex 75.8135 91.7400 4.0000
    endloop
  endfacet
  facet normal 0.000000e+00 0.000000e+00 1.000000e+00
    outer loop
      vertex 75.0000 85.7000 4.0000
      vertex 75.8135 91.7400 4.0000
      vertex 75.0000 91.7000 4.0000
    endloop
  endfacet
  facet normal 1.467305e-01 -9.891765e-01 0.000000e+00
    outer loop
      vertex 76.4016 85.7689 0.0000
      vertex 77.7898 85.9748 0.0000
      vertex 77.7898 85.9748 4.0000
    endloop
  endfacet
  facet normal 1.467305e-01 -9.891765e-01 0.000000e+00
    outer loop
      vertex 76.4016 85.7689 0.0000
      vertex 77.7898 85.9748 4.0000
      vertex 76.4016 85.7689 4.0000
    endloop
  endfacet
  facet normal -1.467305e-01 9.891765e-01 0.000000e+00
    outer loop
      vertex 75.8135 91.7400 0.0000
      vertex 75.8135 91.7400 4.0000
      vertex 76.6192 91.8595 4.0000
    endloop
  endfacet
  facet normal -1.467305e-01 9.891765e-01 0.000000e+00
    outer loop
      vertex 75.8135 91.7400 0.0000
      vertex 76.6192 91.8595 4.0000
      vertex 76.6192 91.8595 0.0000
    endloop
  endfacet
  facet normal 0.000000e+00 0.000000e+00 -1.000000e+00
    outer loop
      vertex 76.4016 85.7689 0.0000
      vertex 75.8135 91.7400 0.0000
      vertex 76.6192 91.8595 0.0000
    endloop
  endfacet
  facet normal 0.000000e+00 0.000000e+00 -1.000000e+00
    outer loop
      vertex 76.4016 85.7689 0.0000
      vertex 76.6192 91.8595 0.0000
      vertex 77.7898 85.9748 0.0000
    endloop
  endfacet
  facet normal 0.000000e+00 0.000000e+00 1.000000e+00
    outer loop
      vertex 76.4016 85.7689 4.0000
      vertex 77.7898 85.9748 4.0000
      vertex 76.6192 91.8595 4.0000
    endloop
  endfacet
  facet normal 0.000000e+00 -0.000000e+00 1.000000e+00
    outer loop
      vertex 76.4016 85.7689 4.0000
      vertex 76.6192 91.8595 4.0000
      vertex 75.8135 91.7400 4.0000
    endloop
  endfacet
  facet normal 2.429802e-01 -9.700313e-01 0.000000e+00
    outer loop
      vertex 77.7898 85.9748 0.0000
      vertex 79.1511 86.3158 0.0000
      vertex 79.1511 86.3158 4.0000
    endloop
  endfacet
  facet normal 2.429802e-01 -9.700313e-01 0.000000e+00
    outer loop
      vertex 77.7898 85.9748 0.0000
      vertex 79.1511 86.3158 4.0000
      vertex 77.7898 85.9748 4.0000
    endloop
  endfacet
  facet normal -2.429802e-01 9.700313e-01 0.000000e+00
    outer loop
      vertex 76.6192 91.8595 0.0000
      vertex 76.6192 91.8595 4.0000
      vertex 77.4094 92.0574 4.0000
    endloop
  endfacet
  facet normal -2.429802e-01 9.700313e-01 0.000000e+00
    outer loop
      vertex 76.6192 91.8595 0.0000
      vertex 77.4094 92.0574 4.0000
      vertex 77.4094 92.0574 0.0000
    endloop
  endfacet
  facet normal 0.000000e+00 0.000000e+00 -1.000000e+00
    outer loop
      vertex 77.7898 85.9748 0.0000
      vertex 76.6192 91.8595 0.0000
      vertex 77.4094 92.0574 0.0000
    endloop
  endfacet
  facet normal 0.000000e+00 0.000000e+00 -1.000000e+00
    outer loop
      vertex 77.7898 85.9748 0.0000
      vertex 77.4094 92.0574 0.0000
      vertex 79.1511 86.3158 0.0000
    endloop
  endfacet
  facet normal 0.000000e+00 -0.000000e+00 1.000000e+00
    outer loop
      vertex 77.7898 85.9748 4.0000
      vertex 79.1511 86.3158 4.0000
      vertex 77.4094 92.0574 4.0000
    endloop
  endfacet
  facet normal 0.000000e+00 0.000000e+00 1.000000e+00
    outer loop
      vertex 77.7898 85.9748 4.0000
      vertex 77.4094 92.0574 4.0000
      vertex 76.6192 91.8595 4.0000
    endloop
  endfacet
  facet normal 3.368899e-01 -9.415441e-01 0.000000e+00
    outer loop
      vertex 79.1511 86.3158 0.0000
      vertex 80.4724 86.7885 0.0000
      vertex 80.4724 86.7885 4.0000
    endloop
  endfacet
  facet normal 3.368899e-01 -9.415441e-01 0.000000e+00
    outer loop
      vertex 79.1511 86.3158 0.0000
      vertex 80.4724 86.7885 4.0000
      vertex 79.1511 86.3158 4.0000
    endloop
  endfacet
  facet normal -3.368899e-01 9.415441e-01 0.000000e+00
    outer loop
      vertex 77.4094 92.0574 0.0000
      vertex 77.4094 92.0574 4.0000
      vertex 78.1763 92.3318 4.0000
    endloop
  endfacet
  facet normal -3.368899e-01 9.415441e-01 0.000000e+00
    outer loop
      vertex 77.4094 92.0574 0.0000
      vertex 78.1763 92.3318 4.0000
      vertex 78.1763 92.3318 0.0000
    endloop
  endfacet
  facet normal 0.000000e+00 0.000000e+00 -1.000000e+00
    outer loop
      vertex 79.1511 86.3158 0.0000
      vertex 77.4094 92.0574 0.0000
      vertex 78.1763 92.3318 0.0000
    endloop
  endfacet
  facet normal 0.000000e+00 0.000000e+00 -1.000000e+00
    outer loop
      vertex 79.1511 86.3158 0.0000
      vertex 78.1763 92.3318 0.0000
      vertex 80.4724 86.7885 0.0000
    endloop
  endfacet
  facet normal 0.000000e+00 -0.000000e+00 1.000000e+00
    outer loop
      vertex 79.1511 86.3158 4.0000
      vertex 80.4724 86.7885 4.0000
      vertex 78.1763 92.3318 4.0000
    endloop
  endfacet
  facet normal 0.000000e+00 0.000000e+00 1.000000e+00
    outer loop
      vertex 79.1511 86.3158 4.0000
      vertex 78.1763 92.3318 4.0000
      vertex 77.4094 92.0574 4.0000
    endloop
  endfacet
  facet normal 4.275551e-01 -9.039893e-01 0.000000e+00
    outer loop
      vertex 80.4724 86.7885 0.0000
      vertex 81.7410 87.3885 0.0000
      vertex 81.7410 87.3885 4.0000
    endloop
  endfacet
  facet normal 4.275551e-01 -9.039893e-01 0.000000e+00
    outer loop
      vertex 80.4724 86.7885 0.0000
      vertex 81.7410 87.3885 4.0000
      vertex 80.4724 86.7885 4.0000
    endloop
  endfacet
  facet normal -4.275551e-01 9.039893e-01 0.000000e+00
    outer loop
      vertex 78.1763 92.3318 0.0000
      vertex 78.1763 92.3318 4.0000
      vertex 78.9126 92.6801 4.0000
    endloop
  endfacet
  facet normal -4.275551e-01 9.039893e-01 0.000000e+00
    outer loop
      vertex 78.1763 92.3318 0.0000
      vertex 78.9126 92.6801 4.0000
      vertex 78.9126 92.6801 0.0000
    endloop
  endfacet
  facet normal 0.000000e+00 0.000000e+00 -1.000000e+00
    outer loop
      vertex 80.4724 86.7885 0.0000
      vertex 78.1763 92.3318 0.0000
      vertex 78.9126 92.6801 0.0000
    endloop
  endfacet
  facet normal 0.000000e+00 0.000000e+00 -1.000000e+00
    outer loop
      vertex 80.4724 86.7885 0.0000
      vertex 78.9126 92.6801 0.0000
      vertex 81.7410 87.3885 0.0000
    endloop
  endfacet
  facet normal 0.000000e+00 -0.000000e+00 1.000000e+00
    outer loop
      vertex 80.4724 86.7885 4.0000
      vertex 81.7410 87.3885 4.0000
      vertex 78.9126 92.6801 4.0000
    endloop
  endfacet
  facet normal 0.000000e+00 0.000000e+00 1.000000e+00
    outer loop
      vertex 80.4724 86.7885 4.0000
      vertex 78.9126 92.6801 4.0000
      vertex 78.1763 92.3318 4.0000
    endloop
  endfacet
  facet normal 5.141027e-01 -8.577286e-01 0.000000e+00
    outer loop
      vertex 81.7410 87.3885 0.0000
      vertex 82.9447 88.1100 0.0000
      vertex 82.9447 88.1100 4.0000
    endloop
  endfacet
  facet normal 5.141027e-01 -8.577286e-01 0.000000e+00
    outer loop
      vertex 81.7410 87.3885 0.0000
      vertex 82.9447 88.1100 4.0000
      vertex 81.7410 87.3885 4.0000
    endloop
  endfacet
  facet normal -5.141027e-01 8.577286e-01 0.000000e+00
    outer loop
      vertex 78.9126 92.6801 0.0000
      vertex 78.9126 92.6801 4.0000
      vertex 79.6112 93.0988 4.0000
    endloop
  endfacet
  facet normal -5.141027e-01 8.577286e-01 0.000000e+00
    outer loop
      vertex 78.9126 92.6801 0.0000
      vertex 79.6112 93.0988 4.0000
      vertex 79.6112 93.0988 0.0000
    endloop
  endfacet
  facet normal 0.000000e+00 0.000000e+00 -1.000000e+00
    outer loop
      vertex 81.7410 87.3885 0.0000
      vertex 78.9126 92.6801 0.0000
      vertex 79.6112 93.0988 0.0000
    endloop
  endfacet
  facet normal 0.000000e+00 0.000000e+00 -1.000000e+00
    outer loop
      vertex 81.7410 87.3885 0.0000
      vertex 79.6112 93.0988 0.0000
      vertex 82.9447 88.1100 0.0000
    endloop
  endfacet
  facet normal 0.000000e+00 -0.000000e+00 1.000000e+00
    outer loop
      vertex 81.7410 87.3885 4.0000
      vertex 82.9447 88.1100 4.0000
      vertex 79.6112 93.0988 4.0000
    endloop
  endfacet
  facet normal 0.000000e+00 0.000000e+00 1.000000e+00
    outer loop
      vertex 81.7410 87.3885 4.0000
      vertex 79.6112 93.0988 4.0000
      vertex 78.9126 92.6801 4.0000
    endloop
  endfacet
  facet normal 5.956993e-01 -8.032075e-01 0.000000e+00
    outer loop
      vertex 82.9447 88.1100 0.0000
      vertex 84.0718 88.9460 0.0000
      vertex 84.0718 88.9460 4.0000
    endloop
  endfacet
  facet normal 5.956993e-01 -8.032075e-01 0.000000e+00
    outer loop
      vertex 82.9447 88.1100 0.0000
      vertex 84.0718 88.9460 4.0000
      vertex 82.9447 88.1100 4.0000
    endloop
  endfacet
  facet normal -5.956993e-01 8.032075e-01 0.000000e+00
    outer loop
      vertex 79.6112 93.0988 0.0000
      vertex 79.6112 93.0988 4.0000
      vertex 80.2655 93.5840 4.0000
    endloop
  endfacet
  facet normal -5.956993e-01 8.032075e-01 0.000000e+00
    outer loop
      vertex 79.6112 93.0988 0.0000
      vertex 80.2655 93.5840 4.0000
      vertex 80.2655 93.5840 0.0000
    endloop
  endfacet
  facet normal 0.000000e+00 0.000000e+00 -1.000000e+00
    outer loop
      vertex 82.9447 88.1100 0.0000
      vertex 79.6112 93.0988 0.0000
      vertex 80.2655 93.5840 0.0000
    endloop
  endfacet
  facet normal 0.000000e+00 0.000000e+00 -1.000000e+00
    outer loop
      vertex 82.9447 88.1100 0.0000
      vertex 80.2655 93.5840 0.0000
      vertex 84.0718 88.9460 0.0000
    endloop
  endfacet
  facet normal 0.000000e+00 -0.000000e+00 1.000000e+00
    outer loop
      vertex 82.9447 88.1100 4.0000
      vertex 84.0718 88.9460 4.0000
      vertex 80.2655 93.5840 4.0000
    endloop
  endfacet
  facet normal 0.000000e+00 0.000000e+00 1.000000e+00
    outer loop
      vertex 82.9447 88.1100 4.0000
      vertex 80.2655 93.5840 4.0000
      vertex 79.6112 93.0988 4.0000
    endloop
  endfacet
  facet normal 6.715590e-01 -7.409511e-01 0.000000e+00
    outer loop
      vertex 84.0718 88.9460 0.0000
      vertex 85.1116 89.8884 0.0000
      vertex 85.1116 89.8884 4.0000
    endloop
  endfacet
  facet normal 6.715590e-01 -7.409511e-01 0.000000e+00
    outer loop
      vertex 84.0718 88.9460 0.0000
      vertex 85.1116 89.8884 4.0000
      vertex 84.0718 88.9460 4.0000
    endloop
  endfacet
  facet normal -6.715590e-01 7.409511e-01 0.000000e+00
    outer loop
      vertex 80.2655 93.5840 0.0000
      vertex 80.2655 93.5840 4.0000
      vertex 80.8690 94.1310 4.0000
    endloop
  endfacet
  facet normal -6.715590e-01 7.409511e-01 0.000000e+00
    outer loop
      vertex 80.2655 93.5840 0.0000
      vertex 80.8690 94.1310 4.0000
      vertex 80.8690 94.1310 0.0000
    endloop
  endfacet
  facet normal 0.000000e+00 0.000000e+00 -1.000000e+00
    outer loop
      vertex 84.0718 88.9460 0.0000
      vertex 80.2655 93.5840 0.0000
      vertex 80.8690 94.1310 0.0000
    endloop
  endfacet
  facet normal 0.000000e+00 0.000000e+00 -1.000000e+00
    outer loop
      vertex 84.0718 88.9460 0.0000
      vertex 80.8690 94.1310 0.0000
      vertex 85.1116 89.8884 0.0000
    endloop
  endfacet
  facet normal 0.000000e+00 -0.000000e+00 1.000000e+00
    outer loop
      vertex 84.0718 88.9460 4.0000
      vertex 85.1116 89.8884 4.0000
      vertex 80.8690 94.1310 4.0000
    endloop
  endfacet
  facet normal 0.000000e+00 0.000000e+00 1.000000e+00
    outer loop
      vertex 84.0718 88.9460 4.0000
      vertex 80.8690 94.1310 4.0000
      vertex 80.2655 93.5840 4.0000
    endloop
  endfacet
  facet normal 7.409511e-01 -6.715590e-01 0.000000e+00
    outer loop
      vertex 85.1116 89.8884 0.0000
      vertex 86.0540 90.9282 0.0000
      vertex 86.0540 90.9282 4.0000
    endloop
  endfacet
  facet normal 7.409511e-01 -6.715590e-01 0.000000e+00
    outer loop
      vertex 85.1116 89.8884 0.0000
      vertex 86.0540 90.9282 4.0000
      vertex 85.1116 89.8884 4.0000
    endloop
  endfacet
  facet normal -7.409511e-01 6.715590e-01 0.000000e+00
    outer loop
      vertex 80.8690 94.1310 0.0000
      vertex 80.8690 94.1310 4.0000
      vertex 81.4160 94.7345 4.0000
    endloop
  endfacet
  facet normal -7.409511e-01 6.715590e-01 0.000000e+00
    outer loop
      vertex 80.8690 94.1310 0.0000
      vertex 81.4160 94.7345 4.0000
      vertex 81.4160 94.7345 0.0000
    endloop
  endfacet
  facet normal 0.000000e+00 0.000000e+00 -1.000000e+00
    outer loop
      vertex 85.1116 89.8884 0.0000
      vertex 80.8690 94.1310 0.0000
      vertex 81.4160 94.7345 0.0000
    endloop
  endfacet
  facet normal 0.000000e+00 0.000000e+00 -1.000000e+00
    outer loop
      vertex 85.1116 89.8884 0.0000
      vertex 81.4160 94.7345 0.0000
      vertex 86.0540 90.9282 0.0000
    endloop
  endfacet
  facet normal 0.000000e+00 -0.000000e+00 1.000000e+00
    outer loop
      vertex 85.1116 89.8884 4.0000
      vertex 86.0540 90.9282 4.0000
      vertex 81.4160 94.7345 4.0000
    endloop
  endfacet
  facet normal 0.000000e+00 0.000000e+00 1.000000e+00
    outer loop
      vertex 85.1116 89.8884 4.0000
      vertex 81.4160 94.7345 4.0000
      vertex 80.8690 94.1310 4.0000
    endloop
  endfacet
  facet normal 8.032075e-01 -5.956993e-01 0.000000e+00
    outer loop
      vertex 86.0540 90.9282 0.0000
      vertex 86.8900 92.0553 0.0000
      vertex 86.8900 92.0553 4.0000
    endloop
  endfacet
  facet normal 8.032075e-01 -5.956993e-01 0.000000e+00
    outer loop
      vertex 86.0540 90.9282 0.0000
      vertex 86.8900 92.0553 4.0000
      vertex 86.0540 90.9282 4.0000
    endloop
  endfacet
  facet normal -8.032075e-01 5.956993e-01 0.000000e+00
    outer loop
      vertex 81.4160 94.7345 0.0000
      vertex 81.4160 94.7345 4.0000
      vertex 81.9012 95.3888 4.0000
    endloop
  endfacet
  facet normal -8.032075e-01 5.956993e-01 0.000000e+00
    outer loop
      vertex 81.4160 94.7345 0.0000
      vertex 81.9012 95.3888 4.0000
      vertex 81.9012 95.3888 0.0000
    endloop
  endfacet
  facet normal 0.000000e+00 0.000000e+00 -1.000000e+00
    outer loop
      vertex 86.0540 90.9282 0.0000
      vertex 81.4160 94.7345 0.0000
      vertex 81.9012 95.3888 0.0000
    endloop
  endfacet
  facet normal 0.000000e+00 0.000000e+00 -1.000000e+00
    outer loop
      vertex 86.0540 90.9282 0.0000
      vertex 81.9012 95.3888 0.0000
      vertex 86.8900 92.0553 0.0000
    endloop
  endfacet
  facet normal 0.000000e+00 -0.000000e+00 1.000000e+00
    outer loop
      vertex 86.0540 90.9282 4.0000
      vertex 86.8900 92.0553 4.0000
      vertex 81.9012 95.3888 4.0000
    endloop
  endfacet
  facet normal 0.000000e+00 0.000000e+00 1.000000e+00
    outer loop
      vertex 86.0540 90.9282 4.0000
      vertex 81.9012 95.3888 4.0000
      vertex 81.4160 94.7345 4.0000
    endloop
  endfacet
  facet normal 8.577286e-01 -5.141027e-01 0.000000e+00
    outer loop
      vertex 86.8900 92.0553 0.0000
      vertex 87.6115 93.2590 0.0000
      vertex 87.6115 93.2590 4.0000
    endloop
  endfacet
  facet normal 8.577286e-01 -5.141027e-01 0.000000e+00
    outer loop
      vertex 86.8900 92.0553 0.0000
      vertex 87.6115 93.2590 4.0000
      vertex 86.8900 92.0553 4.0000
    endloop
  endfacet
  facet normal -8.577286e-01 5.141027e-01 0.000000e+00
    outer loop
      vertex 81.9012 95.3888 0.0000
      vertex 81.9012 95.3888 4.0000
      vertex 82.3199 96.0874 4.0000
    endloop
  endfacet
  facet normal -8.577286e-01 5.141027e-01 0.000000e+00
    outer loop
      vertex 81.9012 95.3888 0.0000
      vertex 82.3199 96.0874 4.0000
      vertex 82.3199 96.0874 0.0000
    endloop
  endfacet
  facet normal 0.000000e+00 0.000000e+00 -1.000000e+00
    outer loop
      vertex 86.8900 92.0553 0.0000
      vertex 81.9012 95.3888 0.0000
      vertex 82.3199 96.0874 0.0000
    endloop
  endfacet
  facet normal 0.000000e+00 0.000000e+00 -1.000000e+00
    outer loop
      vertex 86.8900 92.0553 0.0000
      vertex 82.3199 96.0874 0.0000
      vertex 87.6115 93.2590 0.0000
    endloop
  endfacet
  facet normal 0.000000e+00 -0.000000e+00 1.000000e+00
    outer loop
      vertex 86.8900 92.0553 4.0000
      vertex 87.6115 93.2590 4.0000
      vertex 82.3199 96.0874 4.0000
    endloop
  endfacet
  facet normal 0.000000e+00 0.000000e+00 1.000000e+00
    outer loop
      vertex 86.8900 92.0553 4.0000
      vertex 82.3199 96.0874 4.0000
      vertex 81.9012 95.3888 4.0000
    endloop
  endfacet
  facet normal 9.039893e-01 -4.275551e-01 0.000000e+00
    outer loop
      vertex 87.6115 93.2590 0.0000
      vertex 88.2115 94.5276 0.0000
      vertex 88.2115 94.5276 4.0000
    endloop
  endfacet
  facet normal 9.039893e-01 -4.275551e-01 0.000000e+00
    outer loop
      vertex 87.6115 93.2590 0.0000
      vertex 88.2115 94.5276 4.0000
      vertex 87.6115 93.2590 4.0000
    endloop
  endfacet
  facet normal -9.039893e-01 4.275551e-01 0.000000e+00
    outer loop
      vertex 82.3199 96.0874 0.0000
      vertex 82.3199 96.0874 4.0000
      vertex 82.6682 96.8237 4.0000
    endloop
  endfacet
  facet normal -9.039893e-01 4.275551e-01 0.000000e+00
    outer loop
      vertex 82.3199 96.0874 0.0000
      vertex 82.6682 96.8237 4.0000
      vertex 82.6682 96.8237 0.0000
    endloop
  endfacet
  facet normal 0.000000e+00 0.000000e+00 -1.000000e+00
    outer loop
      vertex 87.6115 93.2590 0.0000
      vertex 82.3199 96.0874 0.0000
      vertex 82.6682 96.8237 0.0000
    endloop
  endfacet
  facet normal 0.000000e+00 0.000000e+00 -1.000000e+00
    outer loop
      vertex 87.6115 93.2590 0.0000
      vertex 82.6682 96.8237 0.0000
      vertex 88.2115 94.5276 0.0000
    endloop
  endfacet
  facet normal 0.000000e+00 -0.000000e+00 1.000000e+00
    outer loop
      vertex 87.6115 93.2590 4.0000
      vertex 88.2115 94.5276 4.0000
      vertex 82.6682 96.8237 4.0000
    endloop
  endfacet
  facet normal 0.000000e+00 0.000000e+00 1.000000e+00
    outer loop
      vertex 87.6115 93.2590 4.0000
      vertex 82.6682 96.8237 4.0000
      vertex 82.3199 96.0874 4.0000
    endloop
  endfacet
  facet normal 9.415441e-01 -3.368899e-01 0.000000e+00
    outer loop
      vertex 88.2115 94.5276 0.0000
      vertex 88.6842 95.8489 0.0000
      vertex 88.6842 95.8489 4.0000
    endloop
  endfacet
  facet normal 9.415441e-01 -3.368899e-01 0.000000e+00
    outer loop
      vertex 88.2115 94.5276 0.0000
      vertex 88.6842 95.8489 4.0000
      vertex 88.2115 94.5276 4.0000
    endloop
  endfacet
  facet normal -9.415441e-01 3.368899e-01 0.000000e+00
    outer loop
      vertex 82.6682 96.8237 0.0000
      vertex 82.6682 96.8237 4.0000
      vertex 82.9426 97.5906 4.0000
    endloop
  endfacet
  facet normal -9.415441e-01 3.368899e-01 0.000000e+00
    outer loop
      vertex 82.6682 96.8237 0.0000
      vertex 82.9426 97.5906 4.0000
      vertex 82.9426 97.5906 0.0000
    endloop
  endfacet
  facet normal 0.000000e+00 0.000000e+00 -1.000000e+00
    outer loop
      vertex 88.2115 94.5276 0.0000
      vertex 82.6682 96.8237 0.0000
      vertex 82.9426 97.5906 0.0000
    endloop
  endfacet
  facet normal 0.000000e+00 0.000000e+00 -1.000000e+00
    outer loop
      vertex 88.2115 94.5276 0.0000
      vertex 82.9426 97.5906 0.0000
      vertex 88.6842 95.8489 0.0000
    endloop
  endfacet
  facet normal 0.000000e+00 -0.000000e+00 1.000000e+00
    outer loop
      vertex 88.2115 94.5276 4.0000
      vertex 88.6842 95.8489 4.0000
      vertex 82.9426 97.5906 4.0000
    endloop
  endfacet
  facet normal 0.000000e+00 0.000000e+00 1.000000e+00
    outer loop
      vertex 88.2115 94.5276 4.0000
      vertex 82.9426 97.5906 4.0000
      vertex 82.6682 96.8237 4.0000
    endloop
  endfacet
  facet normal 9.700313e-01 -2.429802e-01 0.000000e+00
    outer loop
      vertex 88.6842 95.8489 0.0000
      vertex 89.0252 97.2102 0.0000
      vertex 89.0252 97.2102 4.0000
    endloop
  endfacet
  facet normal 9.700313e-01 -2.429802e-01 0.000000e+00
    outer loop
      vertex 88.6842 95.8489 0.0000
      vertex 89.0252 97.2102 4.0000
      vertex 88.6842 95.8489 4.0000
    endloop
  endfacet
  facet normal -9.700313e-01 2.429802e-01 0.000000e+00
    outer loop
      vertex 82.9426 97.5906 0.0000
      vertex 82.9426 97.5906 4.0000
      vertex 83.1405 98.3808 4.0000
    endloop
  endfacet
  facet normal -9.700313e-01 2.429802e-01 0.000000e+00
    outer loop
      vertex 82.9426 97.5906 0.0000
      vertex 83.1405 98.3808 4.0000
      vertex 83.1405 98.3808 0.0000
    endloop
  endfacet
  facet normal 0.000000e+00 0.000000e+00 -1.000000e+00
    outer loop
      vertex 88.6842 95.8489 0.0000
      vertex 82.9426 97.5906 0.0000
      vertex 83.1405 98.3808 0.0000
    endloop
  endfacet
  facet normal 0.000000e+00 0.000000e+00 -1.000000e+00
    outer loop
      vertex 88.6842 95.8489 0.0000
      vertex 83.1405 98.3808 0.0000
      vertex 89.0252 97.2102 0.0000
    endloop
  endfacet
  facet normal 0.000000e+00 -0.000000e+00 1.000000e+00
    outer loop
      vertex 88.6842 95.8489 4.0000
      vertex 89.0252 97.2102 4.0000
      vertex 83.1405 98.3808 4.0000
    endloop
  endfacet
  facet normal 0.000000e+00 0.000000e+00 1.000000e+00
    outer loop
      vertex 88.6842 95.8489 4.0000
      vertex 83.1405 98.3808 4.0000
      vertex 82.9426 97.5906 4.0000
    endloop
  endfacet
  facet normal 9.891765e-01 -1.467305e-01 0.000000e+00
    outer loop
      vertex 89.0252 97.2102 0.0000
      vertex 89.2311 98.5984 0.0000
      vertex 89.2311 98.5984 4.0000
    endloop
  endfacet
  facet normal 9.891765e-01 -1.467305e-01 0.000000e+00
    outer loop
      vertex 89.0252 97.2102 0.0000
      vertex 89.2311 98.5984 4.0000
      vertex 89.0252 97.2102 4.0000
    endloop
  endfacet
  facet normal -9.891765e-01 1.467305e-01 0.000000e+00
    outer loop
      vertex 83.1405 98.3808 0.0000
      vertex 83.1405 98.3808 4.0000
      vertex 83.2600 99.1865 4.0000
    endloop
  endfacet
  facet normal -9.891765e-01 1.467305e-01 0.000000e+00
    outer loop
      vertex 83.1405 98.3808 0.0000
      vertex 83.2600 99.1865 4.0000
      vertex 83.2600 99.1865 0.0000
    endloop
  endfacet
  facet normal 0.000000e+00 0.000000e+00 -1.000000e+00
    outer loop
      vertex 89.0252 97.2102 0.0000
      vertex 83.1405 98.3808 0.0000
      vertex 83.2600 99.1865 0.0000
    endloop
  endfacet
  facet normal 0.000000e+00 0.000000e+00 -1.000000e+00
    outer loop
      vertex 89.0252 97.2102 0.0000
      vertex 83.2600 99.1865 0.0000
      vertex 89.2311 98.5984 0.0000
    endloop
  endfacet
  facet normal 0.000000e+00 -0.000000e+00 1.000000e+00
    outer loop
      vertex 89.0252 97.2102 4.0000
      vertex 89.2311 98.5984 4.0000
      vertex 83.2600 99.1865 4.0000
    endloop
  endfacet
  facet normal 0.000000e+00 0.000000e+00 1.000000e+00
    outer loop
      vertex 89.0252 97.2102 4.0000
      vertex 83.2600 99.1865 4.0000
      vertex 83.1405 98.3808 4.0000
    endloop
  endfacet
  facet normal 9.987955e-01 -4.906767e-02 0.000000e+00
    outer loop
      vertex 89.2311 98.5984 0.0000
      vertex 89.3000 100.0000 0.0000
      vertex 89.3000 100.0000 4.0000
    endloop
  endfacet
  facet normal 9.987955e-01 -4.906767e-02 0.000000e+00
    outer loop
      vertex 89.2311 98.5984 0.0000
      vertex 89.3000 100.0000 4.0000
      vertex 89.2311 98.5984 4.0000
    endloop
  endfacet
  facet normal -9.987955e-01 4.906767e-02 0.000000e+00
    outer loop
      vertex 83.2600 99.1865 0.0000
      vertex 83.2600 99.1865 4.0000
      vertex 83.3000 100.0000 4.0000
    endloop
  endfacet
  facet normal -9.987955e-01 4.906767e-02 0.000000e+00
    outer loop
      vertex 83.2600 99.1865 0.0000
      vertex 83.3000 100.0000 4.0000
      vertex 83.3000 100.0000 0.0000
    endloop
  endfacet
  facet normal 0.000000e+00 0.000000e+00 -1.000000e+00
    outer loop
      vertex 89.2311 98.5984 0.0000
      vertex 83.2600 99.1865 0.0000
      vertex 83.3000 100.0000 0.0000
    endloop
  endfacet
  facet normal 0.000000e+00 0.000000e+00 -1.000000e+00
    outer loop
      vertex 89.2311 98.5984 0.0000
      vertex 83.3000 100.0000 0.0000
      vertex 89.3000 100.0000 0.0000
    endloop
  endfacet
  facet normal 0.000000e+00 -0.000000e+00 1.000000e+00
    outer loop
      vertex 89.2311 98.5984 4.0000
      vertex 89.3000 100.0000 4.0000
      vertex 83.3000 100.0000 4.0000
    endloop
  endfacet
  facet normal 0.000000e+00 0.000000e+00 1.000000e+00
    outer loop
      vertex 89.2311 98.5984 4.0000
      vertex 83.3000 100.0000 4.0000
      vertex 83.2600 99.1865 4.0000
    endloop
  endfacet
endsolid frame_stop
solid frame_socket220
  facet normal 9.987955e-01 4.906767e-02 0.000000e+00
    outer loop
      vertex 86.3000 45.0000 0.0000
      vertex 86.1734 47.5779 0.0000
      vertex 86.1734 47.5779 4.0000
    endloop
  endfacet
  facet normal 9.987955e-01 4.906767e-02 -0.000000e+00
    outer loop
      vertex 86.3000 45.0000 0.0000
      vertex 86.1734 47.5779 4.0000
      vertex 86.3000 45.0000 4.0000
    endloop
  endfacet
  facet normal -9.987955e-01 -4.906767e-02 0.000000e+00
    outer loop
      vertex 80.3000 45.0000 0.0000
      vertex 80.3000 45.0000 4.0000
      vertex 80.2022 46.9897 4.0000
    endloop
  endfacet
  facet normal -9.987955e-01 -4.906767e-02 0.000000e+00
    outer loop
      vertex 80.3000 45.0000 0.0000
      vertex 80.2022 46.9897 4.0000
      vertex 80.2022 46.9897 0.0000
    endloop
  endfacet
  facet normal 0.000000e+00 0.000000e+00 -1.000000e+00
    outer loop
      vertex 86.3000 45.0000 0.0000
      vertex 80.3000 45.0000 0.0000
      vertex 80.2022 46.9897 0.0000
    endloop
  endfacet
  facet normal 0.000000e+00 0.000000e+00 -1.000000e+00
    outer loop
      vertex 86.3000 45.0000 0.0000
      vertex 80.2022 46.9897 0.0000
      vertex 86.1734 47.5779 0.0000
    endloop
  endfacet
  facet normal 0.000000e+00 0.000000e+00 1.000000e+00
    outer loop
      vertex 86.3000 45.0000 4.0000
      vertex 86.1734 47.5779 4.0000
      vertex 80.2022 46.9897 4.0000
    endloop
  endfacet
  facet normal 0.000000e+00 0.000000e+00 1.000000e+00
    outer loop
      vertex 86.3000 45.0000 4.0000
      vertex 80.2022 46.9897 4.0000
      vertex 80.3000 45.0000 4.0000
    endloop
  endfacet
  facet normal 9.891765e-01 1.467305e-01 0.000000e+00
    outer loop
      vertex 86.1734 47.5779 0.0000
      vertex 85.7947 50.1309 0.0000
      vertex 85.7947 50.1309 4.0000
    endloop
  endfacet
  facet normal 9.891765e-01 1.467305e-01 -0.000000e+00
    outer loop
      vertex 86.1734 47.5779 0.0000
      vertex 85.7947 50.1309 4.0000
      vertex 86.1734 47.5779 4.0000
    endloop
  endfacet
  facet normal -9.891765e-01 -1.467305e-01 0.000000e+00
    outer loop
      vertex 80.2022 46.9897 0.0000
      vertex 80.2022 46.9897 4.0000
      vertex 79.9099 48.9603 4.0000
    endloop
  endfacet
  facet normal -9.891765e-01 -1.467305e-01 0.000000e+00
    outer loop
      vertex 80.2022 46.9897 0.0000
      vertex 79.9099 48.9603 4.0000
      vertex 79.9099 48.9603 0.0000
    endloop
  endfacet
  facet normal -0.000000e+00 0.000000e+00 -1.000000e+00
    outer loop
      vertex 86.1734 47.5779 0.0000
      vertex 80.2022 46.9897 0.0000
      vertex 79.9099 48.9603 0.0000
    endloop
  endfacet
  facet normal 0.000000e+00 0.000000e+00 -1.000000e+00
    outer loop
      vertex 86.1734 47.5779 0.0000
      vertex 79.9099 48.9603 0.0000
      vertex 85.7947 50.1309 0.0000
    endloop
  endfacet
  facet normal 0.000000e+00 0.000000e+00 1.000000e+00
    outer loop
      vertex 86.1734 47.5779 4.0000
      vertex 85.7947 50.1309 4.0000
      vertex 79.9099 48.9603 4.0000
    endloop
  endfacet
  facet normal 0.000000e+00 0.000000e+00 1.000000e+00
    outer loop
      vertex 86.1734 47.5779 4.0000
      vertex 79.9099 48.9603 4.0000
      vertex 80.2022 46.9897 4.0000
    endloop
  endfacet
  facet normal 9.700313e-01 2.429802e-01 0.000000e+00
    outer loop
      vertex 85.7947 50.1309 0.0000
      vertex 85.1675 52.6345 0.0000
      vertex 85.1675 52.6345 4.0000
    endloop
  endfacet
  facet normal 9.700313e-01 2.429802e-01 -0.000000e+00
    outer loop
      vertex 85.7947 50.1309 0.0000
      vertex 85.1675 52.6345 4.0000
      vertex 85.7947 50.1309 4.0000
    endloop
  endfacet
  facet normal -9.700313e-01 -2.429802e-01 0.000000e+00
    outer loop
      vertex 79.9099 48.9603 0.0000
      vertex 79.9099 48.9603 4.0000
      vertex 79.4259 50.8928 4.0000
    endloop
  endfacet
  facet normal -9.700313e-01 -2.429802e-01 0.000000e+00
    outer loop
      vertex 79.9099 48.9603 0.0000
      vertex 79.4259 50.8928 4.0000
      vertex 79.4259 50.8928 0.0000
    endloop
  endfacet
  facet normal -0.000000e+00 0.000000e+00 -1.000000e+00
    outer loop
      vertex 85.7947 50.1309 0.0000
      vertex 79.9099 48.9603 0.0000
      vertex 79.4259 50.8928 0.0000
    endloop
  endfacet
  facet normal 0.000000e+00 0.000000e+00 -1.000000e+00
    outer loop
      vertex 85.7947 50.1309 0.0000
      vertex 79.4259 50.8928 0.0000
      vertex 85.1675 52.6345 0.0000
    endloop
  endfacet
  facet normal 0.000000e+00 0.000000e+00 1.000000e+00
    outer loop
      vertex 85.7947 50.1309 4.0000
      vertex 85.1675 52.6345 4.0000
      vertex 79.4259 50.8928 4.0000
    endloop
  endfacet
  facet normal 0.000000e+00 0.000000e+00 1.000000e+00
    outer loop
      vertex 85.7947 50.1309 4.0000
      vertex 79.4259 50.8928 4.0000
      vertex 79.9099 48.9603 4.0000
    endloop
  endfacet
  facet normal 9.415441e-01 3.368899e-01 0.000000e+00
    outer loop
      vertex 85.1675 52.6345 0.0000
      vertex 84.2980 55.0646 0.0000
      vertex 84.2980 55.0646 4.0000
    endloop
  endfacet
  facet normal 9.415441e-01 3.368899e-01 -0.000000e+00
    outer loop
      vertex 85.1675 52.6345 0.0000
      vertex 84.2980 55.0646 4.0000
      vertex 85.1675 52.6345 4.0000
    endloop
  endfacet
  facet normal -9.415441e-01 -3.368899e-01 0.000000e+00
    outer loop
      vertex 79.4259 50.8928 0.0000
      vertex 79.4259 50.8928 4.0000
      vertex 78.7548 52.7685 4.0000
    endloop
  endfacet
  facet normal -9.415441e-01 -3.368899e-01 0.000000e+00
    outer loop
      vertex 79.4259 50.8928 0.0000
      vertex 78.7548 52.7685 4.0000
      vertex 78.7548 52.7685 0.0000
    endloop
  endfacet
  facet normal -0.000000e+00 0.000000e+00 -1.000000e+00
    outer loop
      vertex 85.1675 52.6345 0.0000
      vertex 79.4259 50.8928 0.0000
      vertex 78.7548 52.7685 0.0000
    endloop
  endfacet
  facet normal 0.000000e+00 0.000000e+00 -1.000000e+00
    outer loop
      vertex 85.1675 52.6345 0.0000
      vertex 78.7548 52.7685 0.0000
      vertex 84.2980 55.0646 0.0000
    endloop
  endfacet
  facet normal 0.000000e+00 0.000000e+00 1.000000e+00
    outer loop
      vertex 85.1675 52.6345 4.0000
      vertex 84.2980 55.0646 4.0000
      vertex 78.7548 52.7685 4.0000
    endloop
  endfacet
  facet normal 0.000000e+00 0.000000e+00 1.000000e+00
    outer loop
      vertex 85.1675 52.6345 4.0000
      vertex 78.7548 52.7685 4.0000
      vertex 79.4259 50.8928 4.0000
    endloop
  endfacet
  facet normal 9.039893e-01 4.275551e-01 0.000000e+00
    outer loop
      vertex 84.2980 55.0646 0.0000
      vertex 83.1945 57.3977 0.0000
      vertex 83.1945 57.3977 4.0000
    endloop
  endfacet
  facet normal 9.039893e-01 4.275551e-01 -0.000000e+00
    outer loop
      vertex 84.2980 55.0646 0.0000
      vertex 83.1945 57.3977 4.0000
      vertex 84.2980 55.0646 4.0000
    endloop
  endfacet
  facet normal -9.039893e-01 -4.275551e-01 0.000000e+00
    outer loop
      vertex 78.7548 52.7685 0.0000
      vertex 78.7548 52.7685 4.0000
      vertex 77.9030 54.5694 4.0000
    endloop
  endfacet
  facet normal -9.039893e-01 -4.275551e-01 0.000000e+00
    outer loop
      vertex 78.7548 52.7685 0.0000
      vertex 77.9030 54.5694 4.0000
      vertex 77.9030 54.5694 0.0000
    endloop
  endfacet
  facet normal 0.000000e+00 0.000000e+00 -1.000000e+00
    outer loop
      vertex 84.2980 55.0646 0.0000
      vertex 78.7548 52.7685 0.0000
      vertex 77.9030 54.5694 0.0000
    endloop
  endfacet
  facet normal -0.000000e+00 0.000000e+00 -1.000000e+00
    outer loop
      vertex 84.2980 55.0646 0.0000
      vertex 77.9030 54.5694 0.0000
      vertex 83.1945 57.3977 0.0000
    endloop
  endfacet
  facet normal 0.000000e+00 0.000000e+00 1.000000e+00
    outer loop
      vertex 84.2980 55.0646 4.0000
      vertex 83.1945 57.3977 4.0000
      vertex 77.9030 54.5694 4.0000
    endloop
  endfacet
  facet normal 0.000000e+00 0.000000e+00 1.000000e+00
    outer loop
      vertex 84.2980 55.0646 4.0000
      vertex 77.9030 54.5694 4.0000
      vertex 78.7548 52.7685 4.0000
    endloop
  endfacet
  facet normal 8.577286e-01 5.141027e-01 0.000000e+00
    outer loop
      vertex 83.1945 57.3977 0.0000
      vertex 81.8677 59.6115 0.0000
      vertex 81.8677 59.6115 4.0000
    endloop
  endfacet
  facet normal 8.577286e-01 5.141027e-01 -0.000000e+00
    outer loop
      vertex 83.1945 57.3977 0.0000
      vertex 81.8677 59.6115 4.0000
      vertex 83.1945 57.3977 4.0000
    endloop
  endfacet
  facet normal -8.577286e-01 -5.141027e-01 0.000000e+00
    outer loop
      vertex 77.9030 54.5694 0.0000
      vertex 77.9030 54.5694 4.0000
      vertex 76.8788 56.2781 4.0000
    endloop
  endfacet
  facet normal -8.577286e-01 -5.141027e-01 0.000000e+00
    outer loop
      vertex 77.9030 54.5694 0.0000
      vertex 76.8788 56.2781 4.0000
      vertex 76.8788 56.2781 0.0000
    endloop
  endfacet
  facet normal 0.000000e+00 0.000000e+00 -1.000000e+00
    outer loop
      vertex 83.1945 57.3977 0.0000
      vertex 77.9030 54.5694 0.0000
      vertex 76.8788 56.2781 0.0000
    endloop
  endfacet
  facet normal -0.000000e+00 0.000000e+00 -1.000000e+00
    outer loop
      vertex 83.1945 57.3977 0.0000
      vertex 76.8788 56.2781 0.0000
      vertex 81.8677 59.6115 0.0000
    endloop
  endfacet
  facet normal 0.000000e+00 0.000000e+00 1.000000e+00
    outer loop
      vertex 83.1945 57.3977 4.0000
      vertex 81.8677 59.6115 4.0000
      vertex 76.8788 56.2781 4.0000
    endloop
  endfacet
  facet normal 0.000000e+00 0.000000e+00 1.000000e+00
    outer loop
      vertex 83.1945 57.3977 4.0000
      vertex 76.8788 56.2781 4.0000
      vertex 77.9030 54.5694 4.0000
    endloop
  endfacet
  facet normal 8.032075e-01 5.956993e-01 0.000000e+00
    outer loop
      vertex 81.8677 59.6115 0.0000
      vertex 80.3302 61.6845 0.0000
      vertex 80.3302 61.6845 4.0000
    endloop
  endfacet
  facet normal 8.032075e-01 5.956993e-01 -0.000000e+00
    outer loop
      vertex 81.8677 59.6115 0.0000
      vertex 80.3302 61.6845 4.0000
      vertex 81.8677 59.6115 4.0000
    endloop
  endfacet
  facet normal -8.032075e-01 -5.956993e-01 0.000000e+00
    outer loop
      vertex 76.8788 56.2781 0.0000
      vertex 76.8788 56.2781 4.0000
      vertex 75.6921 57.8782 4.0000
    endloop
  endfacet
  facet normal -8.032075e-01 -5.956993e-01 0.000000e+00
    outer loop
      vertex 76.8788 56.2781 0.0000
      vertex 75.6921 57.8782 4.0000
      vertex 75.6921 57.8782 0.0000
    endloop
  endfacet
  facet normal 0.000000e+00 0.000000e+00 -1.000000e+00
    outer loop
      vertex 81.8677 59.6115 0.0000
      vertex 76.8788 56.2781 0.0000
      vertex 75.6921 57.8782 0.0000
    endloop
  endfacet
  facet normal -0.000000e+00 0.000000e+00 -1.000000e+00
    outer loop
      vertex 81.8677 59.6115 0.0000
      vertex 75.6921 57.8782 0.0000
      vertex 80.3302 61.6845 0.0000
    endloop
  endfacet
  facet normal 0.000000e+00 0.000000e+00 1.000000e+00
    outer loop
      vertex 81.8677 59.6115 4.0000
      vertex 80.3302 61.6845 4.0000
      vertex 75.6921 57.8782 4.0000
    endloop
  endfacet
  facet normal 0.000000e+00 0.000000e+00 1.000000e+00
    outer loop
      vertex 81.8677 59.6115 4.0000
      vertex 75.6921 57.8782 4.0000
      vertex 76.8788 56.2781 4.0000
    endloop
  endfacet
  facet normal 7.409511e-01 6.715590e-01 0.000000e+00
    outer loop
      vertex 80.3302 61.6845 0.0000
      vertex 78.5969 63.5969 0.0000
      vertex 78.5969 63.5969 4.0000
    endloop
  endfacet
  facet normal 7.409511e-01 6.715590e-01 -0.000000e+00
    outer loop
      vertex 80.3302 61.6845 0.0000
      vertex 78.5969 63.5969 4.0000
      vertex 80.3302 61.6845 4.0000
    endloop
  endfacet
  facet normal -7.409511e-01 -6.715590e-01 0.000000e+00
    outer loop
      vertex 75.6921 57.8782 0.0000
      vertex 75.6921 57.8782 4.0000
      vertex 74.3543 59.3543 4.0000
    endloop
  endfacet
  facet normal -7.409511e-01 -6.715590e-01 0.000000e+00
    outer loop
      vertex 75.6921 57.8782 0.0000
      vertex 74.3543 59.3543 4.0000
      vertex 74.3543 59.3543 0.0000
    endloop
  endfacet
  facet normal 0.000000e+00 0.000000e+00 -1.000000e+00
    outer loop
      vertex 80.3302 61.6845 0.0000
      vertex 75.6921 57.8782 0.0000
      vertex 74.3543 59.3543 0.0000
    endloop
  endfacet
  facet normal -0.000000e+00 0.000000e+00 -1.000000e+00
    outer loop
      vertex 80.3302 61.6845 0.0000
      vertex 74.3543 59.3543 0.0000
      vertex 78.5969 63.5969 0.0000
    endloop
  endfacet
  facet normal 0.000000e+00 0.000000e+00 1.000000e+00
    outer loop
      vertex 80.3302 61.6845 4.0000
      vertex 78.5969 63.5969 4.0000
      vertex 74.3543 59.3543 4.0000
    endloop
  endfacet
  facet normal 0.000000e+00 0.000000e+00 1.000000e+00
    outer loop
      vertex 80.3302 61.6845 4.0000
      vertex 74.3543 59.3543 4.0000
      vertex 75.6921 57.8782 4.0000
    endloop
  endfacet
  facet normal 6.715590e-01 7.409511e-01 0.000000e+00
    outer loop
      vertex 78.5969 63.5969 0.0000
      vertex 76.6845 65.3302 0.0000
      vertex 76.6845 65.3302 4.0000
    endloop
  endfacet
  facet normal 6.715590e-01 7.409511e-01 -0.000000e+00
    outer loop
      vertex 78.5969 63.5969 0.0000
      vertex 76.6845 65.3302 4.0000
      vertex 78.5969 63.5969 4.0000
    endloop
  endfacet
  facet normal -6.715590e-01 -7.409511e-01 0.000000e+00
    outer loop
      vertex 74.3543 59.3543 0.0000
      vertex 74.3543 59.3543 4.0000
      vertex 72.8782 60.6921 4.0000
    endloop
  endfacet
  facet normal -6.715590e-01 -7.409511e-01 0.000000e+00
    outer loop
      vertex 74.3543 59.3543 0.0000
      vertex 72.8782 60.6921 4.0000
      vertex 72.8782 60.6921 0.0000
    endloop
  endfacet
  facet normal 0.000000e+00 0.000000e+00 -1.000000e+00
    outer loop
      vertex 78.5969 63.5969 0.0000
      vertex 74.3543 59.3543 0.0000
      vertex 72.8782 60.6921 0.0000
    endloop
  endfacet
  facet normal -0.000000e+00 0.000000e+00 -1.000000e+00
    outer loop
      vertex 78.5969 63.5969 0.0000
      vertex 72.8782 60.6921 0.0000
      vertex 76.6845 65.3302 0.0000
    endloop
  endfacet
  facet normal 0.000000e+00 0.000000e+00 1.000000e+00
    outer loop
      vertex 78.5969 63.5969 4.0000
      vertex 76.6845 65.3302 4.0000
      vertex 72.8782 60.6921 4.0000
    endloop
  endfacet
  facet normal 0.000000e+00 0.000000e+00 1.000000e+00
    outer loop
      vertex 78.5969 63.5969 4.0000
      vertex 72.8782 60.6921 4.0000
      vertex 74.3543 59.3543 4.0000
    endloop
  endfacet
  facet normal 5.956993e-01 8.032075e-01 0.000000e+00
    outer loop
      vertex 76.6845 65.3302 0.0000
      vertex 74.6115 66.8677 0.0000
      vertex 74.6115 66.8677 4.0000
    endloop
  endfacet
  facet normal 5.956993e-01 8.032075e-01 -0.000000e+00
    outer loop
      vertex 76.6845 65.3302 0.0000
      vertex 74.6115 66.8677 4.0000
      vertex 76.6845 65.3302 4.0000
    endloop
  endfacet
  facet normal -5.956993e-01 -8.032075e-01 0.000000e+00
    outer loop
      vertex 72.8782 60.6921 0.0000
      vertex 72.8782 60.6921 4.0000
      vertex 71.2781 61.8788 4.0000
    endloop
  endfacet
  facet normal -5.956993e-01 -8.032075e-01 0.000000e+00
    outer loop
      vertex 72.8782 60.6921 0.0000
      vertex 71.2781 61.8788 4.0000
      vertex 71.2781 61.8788 0.0000
    endloop
  endfacet
  facet normal 0.000000e+00 0.000000e+00 -1.000000e+00
    outer loop
      vertex 76.6845 65.3302 0.0000
      vertex 72.8782 60.6921 0.0000
      vertex 71.2781 61.8788 0.0000
    endloop
  endfacet
  facet normal -0.000000e+00 0.000000e+00 -1.000000e+00
    outer loop
      vertex 76.6845 65.3302 0.0000
      vertex 71.2781 61.8788 0.0000
      vertex 74.6115 66.8677 0.0000
    endloop
  endfacet
  facet normal 0.000000e+00 0.000000e+00 1.000000e+00
    outer loop
      vertex 76.6845 65.3302 4.0000
      vertex 74.6115 66.8677 4.0000
      vertex 71.2781 61.8788 4.0000
    endloop
  endfacet
  facet normal 0.000000e+00 0.000000e+00 1.000000e+00
    outer loop
      vertex 76.6845 65.3302 4.0000
      vertex 71.2781 61.8788 4.0000
      vertex 72.8782 60.6921 4.0000
    endloop
  endfacet
  facet normal 5.141027e-01 8.577286e-01 0.000000e+00
    outer loop
      vertex 74.6115 66.8677 0.0000
      vertex 72.3977 68.1945 0.0000
      vertex 72.3977 68.1945 4.0000
    endloop
  endfacet
  facet normal 5.141027e-01 8.577286e-01 -0.000000e+00
    outer loop
      vertex 74.6115 66.8677 0.0000
      vertex 72.3977 68.1945 4.0000
      vertex 74.6115 66.8677 4.0000
    endloop
  endfacet
  facet normal -5.141027e-01 -8.577286e-01 0.000000e+00
    outer loop
      vertex 71.2781 61.8788 0.0000
      vertex 71.2781 61.8788 4.0000
      vertex 69.5694 62.9030 4.0000
    endloop
  endfacet
  facet normal -5.141027e-01 -8.577286e-01 0.000000e+00
    outer loop
      vertex 71.2781 61.8788 0.0000
      vertex 69.5694 62.9030 4.0000
      vertex 69.5694 62.9030 0.0000
    endloop
  endfacet
  facet normal 0.000000e+00 0.000000e+00 -1.000000e+00
    outer loop
      vertex 74.6115 66.8677 0.0000
      vertex 71.2781 61.8788 0.0000
      vertex 69.5694 62.9030 0.0000
    endloop
  endfacet
  facet normal -0.000000e+00 0.000000e+00 -1.000000e+00
    outer loop
      vertex 74.6115 66.8677 0.0000
      vertex 69.5694 62.9030 0.0000
      vertex 72.3977 68.1945 0.0000
    endloop
  endfacet
  facet normal 0.000000e+00 0.000000e+00 1.000000e+00
    outer loop
      vertex 74.6115 66.8677 4.0000
      vertex 72.3977 68.1945 4.0000
      vertex 69.5694 62.9030 4.0000
    endloop
  endfacet
  facet normal 0.000000e+00 0.000000e+00 1.000000e+00
    outer loop
      vertex 74.6115 66.8677 4.0000
      vertex 69.5694 62.9030 4.0000
      vertex 71.2781 61.8788 4.0000
    endloop
  endfacet
  facet normal 4.275551e-01 9.039893e-01 0.000000e+00
    outer loop
      vertex 72.3977 68.1945 0.0000
      vertex 70.0646 69.2980 0.0000
      vertex 70.0646 69.2980 4.0000
    endloop
  endfacet
  facet normal 4.275551e-01 9.039893e-01 -0.000000e+00
    outer loop
      vertex 72.3977 68.1945 0.0000
      vertex 70.0646 69.2980 4.0000
      vertex 72.3977 68.1945 4.0000
    endloop
  endfacet
  facet normal -4.275551e-01 -9.039893e-01 0.000000e+00
    outer loop
      vertex 69.5694 62.9030 0.0000
      vertex 69.5694 62.9030 4.0000
      vertex 67.7685 63.7548 4.0000
    endloop
  endfacet
  facet normal -4.275551e-01 -9.039893e-01 0.000000e+00
    outer loop
      vertex 69.5694 62.9030 0.0000
      vertex 67.7685 63.7548 4.0000
      vertex 67.7685 63.7548 0.0000
    endloop
  endfacet
  facet normal 0.000000e+00 0.000000e+00 -1.000000e+00
    outer loop
      vertex 72.3977 68.1945 0.0000
      vertex 69.5694 62.9030 0.0000
      vertex 67.7685 63.7548 0.0000
    endloop
  endfacet
  facet normal -0.000000e+00 0.000000e+00 -1.000000e+00
    outer loop
      vertex 72.3977 68.1945 0.0000
      vertex 67.7685 63.7548 0.0000
      vertex 70.0646 69.2980 0.0000
    endloop
  endfacet
  facet normal 0.000000e+00 0.000000e+00 1.000000e+00
    outer loop
      vertex 72.3977 68.1945 4.0000
      vertex 70.0646 69.2980 4.0000
      vertex 67.7685 63.7548 4.0000
    endloop
  endfacet
  facet normal 0.000000e+00 0.000000e+00 1.000000e+00
    outer loop
      vertex 72.3977 68.1945 4.0000
      vertex 67.7685 63.7548 4.0000
      vertex 69.5694 62.9030 4.0000
    endloop
  endfacet
  facet normal 3.368899e-01 9.415441e-01 0.000000e+00
    outer loop
      vertex 70.0646 69.2980 0.0000
      vertex 67.6345 70.1675 0.0000
      vertex 67.6345 70.1675 4.0000
    endloop
  endfacet
  facet normal 3.368899e-01 9.415441e-01 -0.000000e+00
    outer loop
      vertex 70.0646 69.2980 0.0000
      vertex 67.6345 70.1675 4.0000
      vertex 70.0646 69.2980 4.0000
    endloop
  endfacet
  facet normal -3.368899e-01 -9.415441e-01 0.000000e+00
    outer loop
      vertex 67.7685 63.7548 0.0000
      vertex 67.7685 63.7548 4.0000
      vertex 65.8928 64.4259 4.0000
    endloop
  endfacet
  facet normal -3.368899e-01 -9.415441e-01 0.000000e+00
    outer loop
      vertex 67.7685 63.7548 0.0000
      vertex 65.8928 64.4259 4.0000
      vertex 65.8928 64.4259 0.0000
    endloop
  endfacet
  facet normal 0.000000e+00 0.000000e+00 -1.000000e+00
    outer loop
      vertex 70.0646 69.2980 0.0000
      vertex 67.7685 63.7548 0.0000
      vertex 65.8928 64.4259 0.0000
    endloop
  endfacet
  facet normal -0.000000e+00 0.000000e+00 -1.000000e+00
    outer loop
      vertex 70.0646 69.2980 0.0000
      vertex 65.8928 64.4259 0.0000
      vertex 67.6345 70.1675 0.0000
    endloop
  endfacet
  facet normal 0.000000e+00 0.000000e+00 1.000000e+00
    outer loop
      vertex 70.0646 69.2980 4.0000
      vertex 67.6345 70.1675 4.0000
      vertex 65.8928 64.4259 4.0000
    endloop
  endfacet
  facet normal 0.000000e+00 0.000000e+00 1.000000e+00
    outer loop
      vertex 70.0646 69.2980 4.0000
      vertex 65.8928 64.4259 4.0000
      vertex 67.7685 63.7548 4.0000
    endloop
  endfacet
  facet normal 2.429802e-01 9.700313e-01 0.000000e+00
    outer loop
      vertex 67.6345 70.1675 0.0000
      vertex 65.1309 70.7947 0.0000
      vertex 65.1309 70.7947 4.0000
    endloop
  endfacet
  facet normal 2.429802e-01 9.700313e-01 -0.000000e+00
    outer loop
      vertex 67.6345 70.1675 0.0000
      vertex 65.1309 70.7947 4.0000
      vertex 67.6345 70.1675 4.0000
    endloop
  endfacet
  facet normal -2.429802e-01 -9.700313e-01 0.000000e+00
    outer loop
      vertex 65.8928 64.4259 0.0000
      vertex 65.8928 64.4259 4.0000
      vertex 63.9603 64.9099 4.0000
    endloop
  endfacet
  facet normal -2.429802e-01 -9.700313e-01 0.000000e+00
    outer loop
      vertex 65.8928 64.4259 0.0000
      vertex 63.9603 64.9099 4.0000
      vertex 63.9603 64.9099 0.0000
    endloop
  endfacet
  facet normal 0.000000e+00 0.000000e+00 -1.000000e+00
    outer loop
      vertex 67.6345 70.1675 0.0000
      vertex 65.8928 64.4259 0.0000
      vertex 63.9603 64.9099 0.0000
    endloop
  endfacet
  facet normal -0.000000e+00 0.000000e+00 -1.000000e+00
    outer loop
      vertex 67.6345 70.1675 0.0000
      vertex 63.9603 64.9099 0.0000
      vertex 65.1309 70.7947 0.0000
    endloop
  endfacet
  facet normal 0.000000e+00 0.000000e+00 1.000000e+00
    outer loop
      vertex 67.6345 70.1675 4.0000
      vertex 65.1309 70.7947 4.0000
      vertex 63.9603 64.9099 4.0000
    endloop
  endfacet
  facet normal 0.000000e+00 0.000000e+00 1.000000e+00
    outer loop
      vertex 67.6345 70.1675 4.0000
      vertex 63.9603 64.9099 4.0000
      vertex 65.8928 64.4259 4.0000
    endloop
  endfacet
  facet normal 1.467305e-01 9.891765e-01 0.000000e+00
    outer loop
      vertex 65.1309 70.7947 0.0000
      vertex 62.5779 71.1734 0.0000
      vertex 62.5779 71.1734 4.0000
    endloop
  endfacet
  facet normal 1.467305e-01 9.891765e-01 -0.000000e+00
    outer loop
      vertex 65.1309 70.7947 0.0000
      vertex 62.5779 71.1734 4.0000
      vertex 65.1309 70.7947 4.0000
    endloop
  endfacet
  facet normal -1.467305e-01 -9.891765e-01 0.000000e+00
    outer loop
      vertex 63.9603 64.9099 0.0000
      vertex 63.9603 64.9099 4.0000
      vertex 61.9897 65.2022 4.0000
    endloop
  endfacet
  facet normal -1.467305e-01 -9.891765e-01 0.000000e+00
    outer loop
      vertex 63.9603 64.9099 0.0000
      vertex 61.9897 65.2022 4.0000
      vertex 61.9897 65.2022 0.0000
    endloop
  endfacet
  facet normal 0.000000e+00 0.000000e+00 -1.000000e+00
    outer loop
      vertex 65.1309 70.7947 0.0000
      vertex 63.9603 64.9099 0.0000
      vertex 61.9897 65.2022 0.0000
    endloop
  endfacet
  facet normal -0.000000e+00 0.000000e+00 -1.000000e+00
    outer loop
      vertex 65.1309 70.7947 0.0000
      vertex 61.9897 65.2022 0.0000
      vertex 62.5779 71.1734 0.0000
    endloop
  endfacet
  facet normal 0.000000e+00 0.000000e+00 1.000000e+00
    outer loop
      vertex 65.1309 70.7947 4.0000
      vertex 62.5779 71.1734 4.0000
      vertex 61.9897 65.2022 4.0000
    endloop
  endfacet
  facet normal 0.000000e+00 0.000000e+00 1.000000e+00
    outer loop
      vertex 65.1309 70.7947 4.0000
      vertex 61.9897 65.2022 4.0000
      vertex 63.9603 64.9099 4.0000
    endloop
  endfacet
  facet normal 4.906767e-02 9.987955e-01 0.000000e+00
    outer loop
      vertex 62.5779 71.1734 0.0000
      vertex 60.0000 71.3000 0.0000
      vertex 60.0000 71.3000 4.0000
    endloop
  endfacet
  facet normal 4.906767e-02 9.987955e-01 -0.000000e+00
    outer loop
      vertex 62.5779 71.1734 0.0000
      vertex 60.0000 71.3000 4.0000
      vertex 62.5779 71.1734 4.0000
    endloop
  endfacet
  facet normal -4.906767e-02 -9.987955e-01 0.000000e+00
    outer loop
      vertex 61.9897 65.2022 0.0000
      vertex 61.9897 65.2022 4.0000
      vertex 60.0000 65.3000 4.0000
    endloop
  endfacet
  facet normal -4.906767e-02 -9.987955e-01 0.000000e+00
    outer loop
      vertex 61.9897 65.2022 0.0000
      vertex 60.0000 65.3000 4.0000
      vertex 60.0000 65.3000 0.0000
    endloop
  endfacet
  facet normal 0.000000e+00 0.000000e+00 -1.000000e+00
    outer loop
      vertex 62.5779 71.1734 0.0000
      vertex 61.9897 65.2022 0.0000
      vertex 60.0000 65.3000 0.0000
    endloop
  endfacet
  facet normal -0.000000e+00 0.000000e+00 -1.000000e+00
    outer loop
      vertex 62.5779 71.1734 0.0000
      vertex 60.0000 65.3000 0.0000
      vertex 60.0000 71.3000 0.0000
    endloop
  endfacet
  facet normal 0.000000e+00 0.000000e+00 1.000000e+00
    outer loop
      vertex 62.5779 71.1734 4.0000
      vertex 60.0000 71.3000 4.0000
      vertex 60.0000 65.3000 4.0000
    endloop
  endfacet
  facet normal 0.000000e+00 0.000000e+00 1.000000e+00
    outer loop
      vertex 62.5779 71.1734 4.0000
      vertex 60.0000 65.3000 4.0000
      vertex 61.9897 65.2022 4.0000
    endloop
  endfacet
  facet normal -4.906767e-02 9.987955e-01 0.000000e+00
    outer loop
      vertex 60.0000 71.3000 0.0000
      vertex 57.4221 71.1734 0.0000
      vertex 57.4221 71.1734 4.0000
    endloop
  endfacet
  facet normal -4.906767e-02 9.987955e-01 0.000000e+00
    outer loop
      vertex 60.0000 71.3000 0.0000
      vertex 57.4221 71.1734 4.0000
      vertex 60.0000 71.3000 4.0000
    endloop
  endfacet
  facet normal 4.906767e-02 -9.987955e-01 0.000000e+00
    outer loop
      vertex 60.0000 65.3000 0.0000
      vertex 60.0000 65.3000 4.0000
      vertex 58.0103 65.2022 4.0000
    endloop
  endfacet
  facet normal 4.906767e-02 -9.987955e-01 0.000000e+00
    outer loop
      vertex 60.0000 65.3000 0.0000
      vertex 58.0103 65.2022 4.0000
      vertex 58.0103 65.2022 0.0000
    endloop
  endfacet
  facet normal 0.000000e+00 -0.000000e+00 -1.000000e+00
    outer loop
      vertex 60.0000 71.3000 0.0000
      vertex 60.0000 65.3000 0.0000
      vertex 58.0103 65.2022 0.0000
    endloop
  endfacet
  facet normal 0.000000e+00 0.000000e+00 -1.000000e+00
    outer loop
      vertex 60.0000 71.3000 0.0000
      vertex 58.0103 65.2022 0.0000
      vertex 57.4221 71.1734 0.0000
    endloop
  endfacet
  facet normal 0.000000e+00 0.000000e+00 1.000000e+00
    outer loop
      vertex 60.0000 71.3000 4.0000
      vertex 57.4221 71.1734 4.0000
      vertex 58.0103 65.2022 4.0000
    endloop
  endfacet
  facet normal 0.000000e+00 0.000000e+00 1.000000e+00
    outer loop
      vertex 60.0000 71.3000 4.0000
      vertex 58.0103 65.2022 4.0000
      vertex 60.0000 65.3000 4.0000
    endloop
  endfacet
  facet normal -1.467305e-01 9.891765e-01 0.000000e+00
    outer loop
      vertex 57.4221 71.1734 0.0000
      vertex 54.8691 70.7947 0.0000
      vertex 54.8691 70.7947 4.0000
    endloop
  endfacet
  facet normal -1.467305e-01 9.891765e-01 0.000000e+00
    outer loop
      vertex 57.4221 71.1734 0.0000
      vertex 54.8691 70.7947 4.0000
      vertex 57.4221 71.1734 4.0000
    endloop
  endfacet
  facet normal 1.467305e-01 -9.891765e-01 0.000000e+00
    outer loop
      vertex 58.0103 65.2022 0.0000
      vertex 58.0103 65.2022 4.0000
      vertex 56.0397 64.9099 4.0000
    endloop
  endfacet
  facet normal 1.467305e-01 -9.891765e-01 0.000000e+00
    outer loop
      vertex 58.0103 65.2022 0.0000
      vertex 56.0397 64.9099 4.0000
      vertex 56.0397 64.9099 0.0000
    endloop
  endfacet
  facet normal 0.000000e+00 -0.000000e+00 -1.000000e+00
    outer loop
      vertex 57.4221 71.1734 0.0000
      vertex 58.0103 65.2022 0.0000
      vertex 56.0397 64.9099 0.0000
    endloop
  endfacet
  facet normal 0.000000e+00 0.000000e+00 -1.000000e+00
    outer loop
      vertex 57.4221 71.1734 0.0000
      vertex 56.0397 64.9099 0.0000
      vertex 54.8691 70.7947 0.0000
    endloop
  endfacet
  facet normal 0.000000e+00 0.000000e+00 1.000000e+00
    outer loop
      vertex 57.4221 71.1734 4.0000
      vertex 54.8691 70.7947 4.0000
      vertex 56.0397 64.9099 4.0000
    endloop
  endfacet
  facet normal 0.000000e+00 0.000000e+00 1.000000e+00
    outer loop
      vertex 57.4221 71.1734 4.0000
      vertex 56.0397 64.9099 4.0000
      vertex 58.0103 65.2022 4.0000
    endloop
  endfacet
  facet normal -2.429802e-01 9.700313e-01 0.000000e+00
    outer loop
      vertex 54.8691 70.7947 0.0000
      vertex 52.3655 70.1675 0.0000
      vertex 52.3655 70.1675 4.0000
    endloop
  endfacet
  facet normal -2.429802e-01 9.700313e-01 0.000000e+00
    outer loop
      vertex 54.8691 70.7947 0.0000
      vertex 52.3655 70.1675 4.0000
      vertex 54.8691 70.7947 4.0000
    endloop
  endfacet
  facet normal 2.429802e-01 -9.700313e-01 0.000000e+00
    outer loop
      vertex 56.0397 64.9099 0.0000
      vertex 56.0397 64.9099 4.0000
      vertex 54.1072 64.4259 4.0000
    endloop
  endfacet
  facet normal 2.429802e-01 -9.700313e-01 0.000000e+00
    outer loop
      vertex 56.0397 64.9099 0.0000
      vertex 54.1072 64.4259 4.0000
      vertex 54.1072 64.4259 0.0000
    endloop
  endfacet
  facet normal 0.000000e+00 -0.000000e+00 -1.000000e+00
    outer loop
      vertex 54.8691 70.7947 0.0000
      vertex 56.0397 64.9099 0.0000
      vertex 54.1072 64.4259 0.0000
    endloop
  endfacet
  facet normal 0.000000e+00 0.000000e+00 -1.000000e+00
    outer loop
      vertex 54.8691 70.7947 0.0000
      vertex 54.1072 64.4259 0.0000
      vertex 52.3655 70.1675 0.0000
    endloop
  endfacet
  facet normal 0.000000e+00 0.000000e+00 1.000000e+00
    outer loop
      vertex 54.8691 70.7947 4.0000
      vertex 52.3655 70.1675 4.0000
      vertex 54.1072 64.4259 4.0000
    endloop
  endfacet
  facet normal 0.000000e+00 0.000000e+00 1.000000e+00
    outer loop
      vertex 54.8691 70.7947 4.0000
      vertex 54.1072 64.4259 4.0000
      vertex 56.0397 64.9099 4.0000
    endloop
  endfacet
  facet normal -3.368899e-01 9.415441e-01 0.000000e+00
    outer loop
      vertex 52.3655 70.1675 0.0000
      vertex 49.9354 69.2980 0.0000
      vertex 49.9354 69.2980 4.0000
    endloop
  endfacet
  facet normal -3.368899e-01 9.415441e-01 0.000000e+00
    outer loop
      vertex 52.3655 70.1675 0.0000
      vertex 49.9354 69.2980 4.0000
      vertex 52.3655 70.1675 4.0000
    endloop
  endfacet
  facet normal 3.368899e-01 -9.415441e-01 0.000000e+00
    outer loop
      vertex 54.1072 64.4259 0.0000
      vertex 54.1072 64.4259 4.0000
      vertex 52.2315 63.7548 4.0000
    endloop
  endfacet
  facet normal 3.368899e-01 -9.415441e-01 0.000000e+00
    outer loop
      vertex 54.1072 64.4259 0.0000
      vertex 52.2315 63.7548 4.0000
      vertex 52.2315 63.7548 0.0000
    endloop
  endfacet
  facet normal 0.000000e+00 -0.000000e+00 -1.000000e+00
    outer loop
      vertex 52.3655 70.1675 0.0000
      vertex 54.1072 64.4259 0.0000
      vertex 52.2315 63.7548 0.0000
    endloop
  endfacet
  facet normal 0.000000e+00 0.000000e+00 -1.000000e+00
    outer loop
      vertex 52.3655 70.1675 0.0000
      vertex 52.2315 63.7548 0.0000
      vertex 49.9354 69.2980 0.0000
    endloop
  endfacet
  facet normal 0.000000e+00 0.000000e+00 1.000000e+00
    outer loop
      vertex 52.3655 70.1675 4.0000
      vertex 49.9354 69.2980 4.0000
      vertex 52.2315 63.7548 4.0000
    endloop
  endfacet
  facet normal 0.000000e+00 0.000000e+00 1.000000e+00
    outer loop
      vertex 52.3655 70.1675 4.0000
      vertex 52.2315 63.7548 4.0000
      vertex 54.1072 64.4259 4.0000
    endloop
  endfacet
  facet normal -4.275551e-01 9.039893e-01 0.000000e+00
    outer loop
      vertex 49.9354 69.2980 0.0000
      vertex 47.6023 68.1945 0.0000
      vertex 47.6023 68.1945 4.0000
    endloop
  endfacet
  facet normal -4.275551e-01 9.039893e-01 0.000000e+00
    outer loop
      vertex 49.9354 69.2980 0.0000
      vertex 47.6023 68.1945 4.0000
      vertex 49.9354 69.2980 4.0000
    endloop
  endfacet
  facet normal 4.275551e-01 -9.039893e-01 0.000000e+00
    outer loop
      vertex 52.2315 63.7548 0.0000
      vertex 52.2315 63.7548 4.0000
      vertex 50.4306 62.9030 4.0000
    endloop
  endfacet
  facet normal 4.275551e-01 -9.039893e-01 0.000000e+00
    outer loop
      vertex 52.2315 63.7548 0.0000
      vertex 50.4306 62.9030 4.0000
      vertex 50.4306 62.9030 0.0000
    endloop
  endfacet
  facet normal 0.000000e+00 0.000000e+00 -1.000000e+00
    outer loop
      vertex 49.9354 69.2980 0.0000
      vertex 52.2315 63.7548 0.0000
      vertex 50.4306 62.9030 0.0000
    endloop
  endfacet
  facet normal 0.000000e+00 -0.000000e+00 -1.000000e+00
    outer loop
      vertex 49.9354 69.2980 0.0000
      vertex 50.4306 62.9030 0.0000
      vertex 47.6023 68.1945 0.0000
    endloop
  endfacet
  facet normal 0.000000e+00 0.000000e+00 1.000000e+00
    outer loop
      vertex 49.9354 69.2980 4.0000
      vertex 47.6023 68.1945 4.0000
      vertex 50.4306 62.9030 4.0000
    endloop
  endfacet
  facet normal 0.000000e+00 0.000000e+00 1.000000e+00
    outer loop
      vertex 49.9354 69.2980 4.0000
      vertex 50.4306 62.9030 4.0000
      vertex 52.2315 63.7548 4.0000
    endloop
  endfacet
  facet normal -5.141027e-01 8.577286e-01 0.000000e+00
    outer loop
      vertex 47.6023 68.1945 0.0000
      vertex 45.3885 66.8677 0.0000
      vertex 45.3885 66.8677 4.0000
    endloop
  endfacet
  facet normal -5.141027e-01 8.577286e-01 0.000000e+00
    outer loop
      vertex 47.6023 68.1945 0.0000
      vertex 45.3885 66.8677 4.0000
      vertex 47.6023 68.1945 4.0000
    endloop
  endfacet
  facet normal 5.141027e-01 -8.577286e-01 0.000000e+00
    outer loop
      vertex 50.4306 62.9030 0.0000
      vertex 50.4306 62.9030 4.0000
      vertex 48.7219 61.8788 4.0000
    endloop
  endfacet
  facet normal 5.141027e-01 -8.577286e-01 0.000000e+00
    outer loop
      vertex 50.4306 62.9030 0.0000
      vertex 48.7219 61.8788 4.0000
      vertex 48.7219 61.8788 0.0000
    endloop
  endfacet
  facet normal 0.000000e+00 0.000000e+00 -1.000000e+00
    outer loop
      vertex 47.6023 68.1945 0.0000
      vertex 50.4306 62.9030 0.0000
      vertex 48.7219 61.8788 0.0000
    endloop
  endfacet
  facet normal 0.000000e+00 -0.000000e+00 -1.000000e+00
    outer loop
      vertex 47.6023 68.1945 0.0000
      vertex 48.7219 61.8788 0.0000
      vertex 45.3885 66.8677 0.0000
    endloop
  endfacet
  facet normal 0.000000e+00 0.000000e+00 1.000000e+00
    outer loop
      vertex 47.6023 68.1945 4.0000
      vertex 45.3885 66.8677 4.0000
      vertex 48.7219 61.8788 4.0000
    endloop
  endfacet
  facet normal 0.000000e+00 0.000000e+00 1.000000e+00
    outer loop
      vertex 47.6023 68.1945 4.0000
      vertex 48.7219 61.8788 4.0000
      vertex 50.4306 62.9030 4.0000
    endloop
  endfacet
  facet normal -5.956993e-01 8.032075e-01 0.000000e+00
    outer loop
      vertex 45.3885 66.8677 0.0000
      vertex 43.3155 65.3302 0.0000
      vertex 43.3155 65.3302 4.0000
    endloop
  endfacet
  facet normal -5.956993e-01 8.032075e-01 0.000000e+00
    outer loop
      vertex 45.3885 66.8677 0.0000
      vertex 43.3155 65.3302 4.0000
      vertex 45.3885 66.8677 4.0000
    endloop
  endfacet
  facet normal 5.956993e-01 -8.032075e-01 0.000000e+00
    outer loop
      vertex 48.7219 61.8788 0.0000
      vertex 48.7219 61.8788 4.0000
      vertex 47.1218 60.6921 4.0000
    endloop
  endfacet
  facet normal 5.956993e-01 -8.032075e-01 0.000000e+00
    outer loop
      vertex 48.7219 61.8788 0.0000
      vertex 47.1218 60.6921 4.0000
      vertex 47.1218 60.6921 0.0000
    endloop
  endfacet
  facet normal 0.000000e+00 0.000000e+00 -1.000000e+00
    outer loop
      vertex 45.3885 66.8677 0.0000
      vertex 48.7219 61.8788 0.0000
      vertex 47.1218 60.6921 0.0000
    endloop
  endfacet
  facet normal 0.000000e+00 -0.000000e+00 -1.000000e+00
    outer loop
      vertex 45.3885 66.8677 0.0000
      vertex 47.1218 60.6921 0.0000
      vertex 43.3155 65.3302 0.0000
    endloop
  endfacet
  facet normal 0.000000e+00 0.000000e+00 1.000000e+00
    outer loop
      vertex 45.3885 66.8677 4.0000
      vertex 43.3155 65.3302 4.0000
      vertex 47.1218 60.6921 4.0000
    endloop
  endfacet
  facet normal 0.000000e+00 0.000000e+00 1.000000e+00
    outer loop
      vertex 45.3885 66.8677 4.0000
      vertex 47.1218 60.6921 4.0000
      vertex 48.7219 61.8788 4.0000
    endloop
  endfacet
  facet normal -6.715590e-01 7.409511e-01 0.000000e+00
    outer loop
      vertex 43.3155 65.3302 0.0000
      vertex 41.4031 63.5969 0.0000
      vertex 41.4031 63.5969 4.0000
    endloop
  endfacet
  facet normal -6.715590e-01 7.409511e-01 0.000000e+00
    outer loop
      vertex 43.3155 65.3302 0.0000
      vertex 41.4031 63.5969 4.0000
      vertex 43.3155 65.3302 4.0000
    endloop
  endfacet
  facet normal 6.715590e-01 -7.409511e-01 0.000000e+00
    outer loop
      vertex 47.1218 60.6921 0.0000
      vertex 47.1218 60.6921 4.0000
      vertex 45.6457 59.3543 4.0000
    endloop
  endfacet
  facet normal 6.715590e-01 -7.409511e-01 0.000000e+00
    outer loop
      vertex 47.1218 60.6921 0.0000
      vertex 45.6457 59.3543 4.0000
      vertex 45.6457 59.3543 0.0000
    endloop
  endfacet
  facet normal 0.000000e+00 0.000000e+00 -1.000000e+00
    outer loop
      vertex 43.3155 65.3302 0.0000
      vertex 47.1218 60.6921 0.0000
      vertex 45.6457 59.3543 0.0000
    endloop
  endfacet
  facet normal 0.000000e+00 -0.000000e+00 -1.000000e+00
    outer loop
      vertex 43.3155 65.3302 0.0000
      vertex 45.6457 59.3543 0.0000
      vertex 41.4031 63.5969 0.0000
    endloop
  endfacet
  facet normal 0.000000e+00 0.000000e+00 1.000000e+00
    outer loop
      vertex 43.3155 65.3302 4.0000
      vertex 41.4031 63.5969 4.0000
      vertex 45.6457 59.3543 4.0000
    endloop
  endfacet
  facet normal 0.000000e+00 0.000000e+00 1.000000e+00
    outer loop
      vertex 43.3155 65.3302 4.0000
      vertex 45.6457 59.3543 4.0000
      vertex 47.1218 60.6921 4.0000
    endloop
  endfacet
  facet normal -7.409511e-01 6.715590e-01 0.000000e+00
    outer loop
      vertex 41.4031 63.5969 0.0000
      vertex 39.6698 61.6845 0.0000
      vertex 39.6698 61.6845 4.0000
    endloop
  endfacet
  facet normal -7.409511e-01 6.715590e-01 0.000000e+00
    outer loop
      vertex 41.4031 63.5969 0.0000
      vertex 39.6698 61.6845 4.0000
      vertex 41.4031 63.5969 4.0000
    endloop
  endfacet
  facet normal 7.409511e-01 -6.715590e-01 0.000000e+00
    outer loop
      vertex 45.6457 59.3543 0.0000
      vertex 45.6457 59.3543 4.0000
      vertex 44.3079 57.8782 4.0000
    endloop
  endfacet
  facet normal 7.409511e-01 -6.715590e-01 0.000000e+00
    outer loop
      vertex 45.6457 59.3543 0.0000
      vertex 44.3079 57.8782 4.0000
      vertex 44.3079 57.8782 0.0000
    endloop
  endfacet
  facet normal 0.000000e+00 0.000000e+00 -1.000000e+00
    outer loop
      vertex 41.4031 63.5969 0.0000
      vertex 45.6457 59.3543 0.0000
      vertex 44.3079 57.8782 0.0000
    endloop
  endfacet
  facet normal 0.000000e+00 -0.000000e+00 -1.000000e+00
    outer loop
      vertex 41.4031 63.5969 0.0000
      vertex 44.3079 57.8782 0.0000
      vertex 39.6698 61.6845 0.0000
    endloop
  endfacet
  facet normal 0.000000e+00 0.000000e+00 1.000000e+00
    outer loop
      vertex 41.4031 63.5969 4.0000
      vertex 39.6698 61.6845 4.0000
      vertex 44.3079 57.8782 4.0000
    endloop
  endfacet
  facet normal 0.000000e+00 0.000000e+00 1.000000e+00
    outer loop
      vertex 41.4031 63.5969 4.0000
      vertex 44.3079 57.8782 4.0000
      vertex 45.6457 59.3543 4.0000
    endloop
  endfacet
  facet normal -8.032075e-01 5.956993e-01 0.000000e+00
    outer loop
      vertex 39.6698 61.6845 0.0000
      vertex 38.1323 59.6115 0.0000
      vertex 38.1323 59.6115 4.0000
    endloop
  endfacet
  facet normal -8.032075e-01 5.956993e-01 0.000000e+00
    outer loop
      vertex 39.6698 61.6845 0.0000
      vertex 38.1323 59.6115 4.0000
      vertex 39.6698 61.6845 4.0000
    endloop
  endfacet
  facet normal 8.032075e-01 -5.956993e-01 0.000000e+00
    outer loop
      vertex 44.3079 57.8782 0.0000
      vertex 44.3079 57.8782 4.0000
      vertex 43.1212 56.2781 4.0000
    endloop
  endfacet
  facet normal 8.032075e-01 -5.956993e-01 0.000000e+00
    outer loop
      vertex 44.3079 57.8782 0.0000
      vertex 43.1212 56.2781 4.0000
      vertex 43.1212 56.2781 0.0000
    endloop
  endfacet
  facet normal 0.000000e+00 0.000000e+00 -1.000000e+00
    outer loop
      vertex 39.6698 61.6845 0.0000
      vertex 44.3079 57.8782 0.0000
      vertex 43.1212 56.2781 0.0000
    endloop
  endfacet
  facet normal 0.000000e+00 -0.000000e+00 -1.000000e+00
    outer loop
      vertex 39.6698 61.6845 0.0000
      vertex 43.1212 56.2781 0.0000
      vertex 38.1323 59.6115 0.0000
    endloop
  endfacet
  facet normal 0.000000e+00 0.000000e+00 1.000000e+00
    outer loop
      vertex 39.6698 61.6845 4.0000
      vertex 38.1323 59.6115 4.0000
      vertex 43.1212 56.2781 4.0000
    endloop
  endfacet
  facet normal 0.000000e+00 0.000000e+00 1.000000e+00
    outer loop
      vertex 39.6698 61.6845 4.0000
      vertex 43.1212 56.2781 4.0000
      vertex 44.3079 57.8782 4.0000
    endloop
  endfacet
  facet normal -8.577286e-01 5.141027e-01 0.000000e+00
    outer loop
      vertex 38.1323 59.6115 0.0000
      vertex 36.8055 57.3977 0.0000
      vertex 36.8055 57.3977 4.0000
    endloop
  endfacet
  facet normal -8.577286e-01 5.141027e-01 0.000000e+00
    outer loop
      vertex 38.1323 59.6115 0.0000
      vertex 36.8055 57.3977 4.0000
      vertex 38.1323 59.6115 4.0000
    endloop
  endfacet
  facet normal 8.577286e-01 -5.141027e-01 0.000000e+00
    outer loop
      vertex 43.1212 56.2781 0.0000
      vertex 43.1212 56.2781 4.0000
      vertex 42.0970 54.5694 4.0000
    endloop
  endfacet
  facet normal 8.577286e-01 -5.141027e-01 0.000000e+00
    outer loop
      vertex 43.1212 56.2781 0.0000
      vertex 42.0970 54.5694 4.0000
      vertex 42.0970 54.5694 0.0000
    endloop
  endfacet
  facet normal 0.000000e+00 0.000000e+00 -1.000000e+00
    outer loop
      vertex 38.1323 59.6115 0.0000
      vertex 43.1212 56.2781 0.0000
      vertex 42.0970 54.5694 0.0000
    endloop
  endfacet
  facet normal 0.000000e+00 -0.000000e+00 -1.000000e+00
    outer loop
      vertex 38.1323 59.6115 0.0000
      vertex 42.0970 54.5694 0.0000
      vertex 36.8055 57.3977 0.0000
    endloop
  endfacet
  facet normal 0.000000e+00 0.000000e+00 1.000000e+00
    outer loop
      vertex 38.1323 59.6115 4.0000
      vertex 36.8055 57.3977 4.0000
      vertex 42.0970 54.5694 4.0000
    endloop
  endfacet
  facet normal 0.000000e+00 0.000000e+00 1.000000e+00
    outer loop
      vertex 38.1323 59.6115 4.0000
      vertex 42.0970 54.5694 4.0000
      vertex 43.1212 56.2781 4.0000
    endloop
  endfacet
  facet normal -9.039893e-01 4.275551e-01 0.000000e+00
    outer loop
      vertex 36.8055 57.3977 0.0000
      vertex 35.7020 55.0646 0.0000
      vertex 35.7020 55.0646 4.0000
    endloop
  endfacet
  facet normal -9.039893e-01 4.275551e-01 0.000000e+00
    outer loop
      vertex 36.8055 57.3977 0.0000
      vertex 35.7020 55.0646 4.0000
      vertex 36.8055 57.3977 4.0000
    endloop
  endfacet
  facet normal 9.039893e-01 -4.275551e-01 0.000000e+00
    outer loop
      vertex 42.0970 54.5694 0.0000
      vertex 42.0970 54.5694 4.0000
      vertex 41.2452 52.7685 4.0000
    endloop
  endfacet
  facet normal 9.039893e-01 -4.275551e-01 0.000000e+00
    outer loop
      vertex 42.0970 54.5694 0.0000
      vertex 41.2452 52.7685 4.0000
      vertex 41.2452 52.7685 0.0000
    endloop
  endfacet
  facet normal 0.000000e+00 0.000000e+00 -1.000000e+00
    outer loop
      vertex 36.8055 57.3977 0.0000
      vertex 42.0970 54.5694 0.0000
      vertex 41.2452 52.7685 0.0000
    endloop
  endfacet
  facet normal 0.000000e+00 -0.000000e+00 -1.000000e+00
    outer loop
      vertex 36.8055 57.3977 0.0000
      vertex 41.2452 52.7685 0.0000
      vertex 35.7020 55.0646 0.0000
    endloop
  endfacet
  facet normal 0.000000e+00 0.000000e+00 1.000000e+00
    outer loop
      vertex 36.8055 57.3977 4.0000
      vertex 35.7020 55.0646 4.0000
      vertex 41.2452 52.7685 4.0000
    endloop
  endfacet
  facet normal 0.000000e+00 0.000000e+00 1.000000e+00
    outer loop
      vertex 36.8055 57.3977 4.0000
      vertex 41.2452 52.7685 4.0000
      vertex 42.0970 54.5694 4.0000
    endloop
  endfacet
  facet normal -9.415441e-01 3.368899e-01 0.000000e+00
    outer loop
      vertex 35.7020 55.0646 0.0000
      vertex 34.8325 52.6345 0.0000
      vertex 34.8325 52.6345 4.0000
    endloop
  endfacet
  facet normal -9.415441e-01 3.368899e-01 0.000000e+00
    outer loop
      vertex 35.7020 55.0646 0.0000
      vertex 34.8325 52.6345 4.0000
      vertex 35.7020 55.0646 4.0000
    endloop
  endfacet
  facet normal 9.415441e-01 -3.368899e-01 0.000000e+00
    outer loop
      vertex 41.2452 52.7685 0.0000
      vertex 41.2452 52.7685 4.0000
      vertex 40.5741 50.8928 4.0000
    endloop
  endfacet
  facet normal 9.415441e-01 -3.368899e-01 0.000000e+00
    outer loop
      vertex 41.2452 52.7685 0.0000
      vertex 40.5741 50.8928 4.0000
      vertex 40.5741 50.8928 0.0000
    endloop
  endfacet
  facet normal 0.000000e+00 0.000000e+00 -1.000000e+00
    outer loop
      vertex 35.7020 55.0646 0.0000
      vertex 41.2452 52.7685 0.0000
      vertex 40.5741 50.8928 0.0000
    endloop
  endfacet
  facet normal 0.000000e+00 -0.000000e+00 -1.000000e+00
    outer loop
      vertex 35.7020 55.0646 0.0000
      vertex 40.5741 50.8928 0.0000
      vertex 34.8325 52.6345 0.0000
    endloop
  endfacet
  facet normal 0.000000e+00 0.000000e+00 1.000000e+00
    outer loop
      vertex 35.7020 55.0646 4.0000
      vertex 34.8325 52.6345 4.0000
      vertex 40.5741 50.8928 4.0000
    endloop
  endfacet
  facet normal 0.000000e+00 0.000000e+00 1.000000e+00
    outer loop
      vertex 35.7020 55.0646 4.0000
      vertex 40.5741 50.8928 4.0000
      vertex 41.2452 52.7685 4.0000
    endloop
  endfacet
  facet normal -9.700313e-01 2.429802e-01 0.000000e+00
    outer loop
      vertex 34.8325 52.6345 0.0000
      vertex 34.2053 50.1309 0.0000
      vertex 34.2053 50.1309 4.0000
    endloop
  endfacet
  facet normal -9.700313e-01 2.429802e-01 0.000000e+00
    outer loop
      vertex 34.8325 52.6345 0.0000
      vertex 34.2053 50.1309 4.0000
      vertex 34.8325 52.6345 4.0000
    endloop
  endfacet
  facet normal 9.700313e-01 -2.429802e-01 0.000000e+00
    outer loop
      vertex 40.5741 50.8928 0.0000
      vertex 40.5741 50.8928 4.0000
      vertex 40.0901 48.9603 4.0000
    endloop
  endfacet
  facet normal 9.700313e-01 -2.429802e-01 0.000000e+00
    outer loop
      vertex 40.5741 50.8928 0.0000
      vertex 40.0901 48.9603 4.0000
      vertex 40.0901 48.9603 0.0000
    endloop
  endfacet
  facet normal 0.000000e+00 0.000000e+00 -1.000000e+00
    outer loop
      vertex 34.8325 52.6345 0.0000
      vertex 40.5741 50.8928 0.0000
      vertex 40.0901 48.9603 0.0000
    endloop
  endfacet
  facet normal 0.000000e+00 -0.000000e+00 -1.000000e+00
    outer loop
      vertex 34.8325 52.6345 0.0000
      vertex 40.0901 48.9603 0.0000
      vertex 34.2053 50.1309 0.0000
    endloop
  endfacet
  facet normal 0.000000e+00 0.000000e+00 1.000000e+00
    outer loop
      vertex 34.8325 52.6345 4.0000
      vertex 34.2053 50.1309 4.0000
      vertex 40.0901 48.9603 4.0000
    endloop
  endfacet
  facet normal 0.000000e+00 0.000000e+00 1.000000e+00
    outer loop
      vertex 34.8325 52.6345 4.0000
      vertex 40.0901 48.9603 4.0000
      vertex 40.5741 50.8928 4.0000
    endloop
  endfacet
  facet normal -9.891765e-01 1.467305e-01 0.000000e+00
    outer loop
      vertex 34.2053 50.1309 0.0000
      vertex 33.8266 47.5779 0.0000
      vertex 33.8266 47.5779 4.0000
    endloop
  endfacet
  facet normal -9.891765e-01 1.467305e-01 0.000000e+00
    outer loop
      vertex 34.2053 50.1309 0.0000
      vertex 33.8266 47.5779 4.0000
      vertex 34.2053 50.1309 4.0000
    endloop
  endfacet
  facet normal 9.891765e-01 -1.467305e-01 0.000000e+00
    outer loop
      vertex 40.0901 48.9603 0.0000
      vertex 40.0901 48.9603 4.0000
      vertex 39.7978 46.9897 4.0000
    endloop
  endfacet
  facet normal 9.891765e-01 -1.467305e-01 0.000000e+00
    outer loop
      vertex 40.0901 48.9603 0.0000
      vertex 39.7978 46.9897 4.0000
      vertex 39.7978 46.9897 0.0000
    endloop
  endfacet
  facet normal 0.000000e+00 0.000000e+00 -1.000000e+00
    outer loop
      vertex 34.2053 50.1309 0.0000
      vertex 40.0901 48.9603 0.0000
      vertex 39.7978 46.9897 0.0000
    endloop
  endfacet
  facet normal 0.000000e+00 -0.000000e+00 -1.000000e+00
    outer loop
      vertex 34.2053 50.1309 0.0000
      vertex 39.7978 46.9897 0.0000
      vertex 33.8266 47.5779 0.0000
    endloop
  endfacet
  facet normal 0.000000e+00 0.000000e+00 1.000000e+00
    outer loop
      vertex 34.2053 50.1309 4.0000
      vertex 33.8266 47.5779 4.0000
      vertex 39.7978 46.9897 4.0000
    endloop
  endfacet
  facet normal 0.000000e+00 0.000000e+00 1.000000e+00
    outer loop
      vertex 34.2053 50.1309 4.0000
      vertex 39.7978 46.9897 4.0000
      vertex 40.0901 48.9603 4.0000
    endloop
  endfacet
  facet normal -9.987955e-01 4.906767e-02 0.000000e+00
    outer loop
      vertex 33.8266 47.5779 0.0000
      vertex 33.7000 45.0000 0.0000
      vertex 33.7000 45.0000 4.0000
    endloop
  endfacet
  facet normal -9.987955e-01 4.906767e-02 0.000000e+00
    outer loop
      vertex 33.8266 47.5779 0.0000
      vertex 33.7000 45.0000 4.0000
      vertex 33.8266 47.5779 4.0000
    endloop
  endfacet
  facet normal 9.987955e-01 -4.906767e-02 0.000000e+00
    outer loop
      vertex 39.7978 46.9897 0.0000
      vertex 39.7978 46.9897 4.0000
      vertex 39.7000 45.0000 4.0000
    endloop
  endfacet
  facet normal 9.987955e-01 -4.906767e-02 0.000000e+00
    outer loop
      vertex 39.7978 46.9897 0.0000
      vertex 39.7000 45.0000 4.0000
      vertex 39.7000 45.0000 0.0000
    endloop
  endfacet
  facet normal 0.000000e+00 0.000000e+00 -1.000000e+00
    outer loop
      vertex 33.8266 47.5779 0.0000
      vertex 39.7978 46.9897 0.0000
      vertex 39.7000 45.0000 0.0000
    endloop
  endfacet
  facet normal 0.000000e+00 -0.000000e+00 -1.000000e+00
    outer loop
      vertex 33.8266 47.5779 0.0000
      vertex 39.7000 45.0000 0.0000
      vertex 33.7000 45.0000 0.0000
    endloop
  endfacet
  facet normal 0.000000e+00 0.000000e+00 1.000000e+00
    outer loop
      vertex 33.8266 47.5779 4.0000
      vertex 33.7000 45.0000 4.0000
      vertex 39.7000 45.0000 4.0000
    endloop
  endfacet
  facet normal 0.000000e+00 0.000000e+00 1.000000e+00
    outer loop
      vertex 33.8266 47.5779 4.0000
      vertex 39.7000 45.0000 4.0000
      vertex 39.7978 46.9897 4.0000
    endloop
  endfacet
  facet normal -9.987955e-01 -4.906767e-02 0.000000e+00
    outer loop
      vertex 33.7000 45.0000 0.0000
      vertex 33.8266 42.4221 0.0000
      vertex 33.8266 42.4221 4.0000
    endloop
  endfacet
  facet normal -9.987955e-01 -4.906767e-02 0.000000e+00
    outer loop
      vertex 33.7000 45.0000 0.0000
      vertex 33.8266 42.4221 4.0000
      vertex 33.7000 45.0000 4.0000
    endloop
  endfacet
  facet normal 9.987955e-01 4.906767e-02 -0.000000e+00
    outer loop
      vertex 39.7000 45.0000 0.0000
      vertex 39.7000 45.0000 4.0000
      vertex 39.7978 43.0103 4.0000
    endloop
  endfacet
  facet normal 9.987955e-01 4.906767e-02 0.000000e+00
    outer loop
      vertex 39.7000 45.0000 0.0000
      vertex 39.7978 43.0103 4.0000
      vertex 39.7978 43.0103 0.0000
    endloop
  endfacet
  facet normal 0.000000e+00 0.000000e+00 -1.000000e+00
    outer loop
      vertex 33.7000 45.0000 0.0000
      vertex 39.7000 45.0000 0.0000
      vertex 39.7978 43.0103 0.0000
    endloop
  endfacet
  facet normal 0.000000e+00 0.000000e+00 -1.000000e+00
    outer loop
      vertex 33.7000 45.0000 0.0000
      vertex 39.7978 43.0103 0.0000
      vertex 33.8266 42.4221 0.0000
    endloop
  endfacet
  facet normal 0.000000e+00 0.000000e+00 1.000000e+00
    outer loop
      vertex 33.7000 45.0000 4.0000
      vertex 33.8266 42.4221 4.0000
      vertex 39.7978 43.0103 4.0000
    endloop
  endfacet
  facet normal -0.000000e+00 0.000000e+00 1.000000e+00
    outer loop
      vertex 33.7000 45.0000 4.0000
      vertex 39.7978 43.0103 4.0000
      vertex 39.7000 45.0000 4.0000
    endloop
  endfacet
  facet normal -9.891765e-01 -1.467305e-01 0.000000e+00
    outer loop
      vertex 33.8266 42.4221 0.0000
      vertex 34.2053 39.8691 0.0000
      vertex 34.2053 39.8691 4.0000
    endloop
  endfacet
  facet normal -9.891765e-01 -1.467305e-01 0.000000e+00
    outer loop
      vertex 33.8266 42.4221 0.0000
      vertex 34.2053 39.8691 4.0000
      vertex 33.8266 42.4221 4.0000
    endloop
  endfacet
  facet normal 9.891765e-01 1.467305e-01 -0.000000e+00
    outer loop
      vertex 39.7978 43.0103 0.0000
      vertex 39.7978 43.0103 4.0000
      vertex 40.0901 41.0397 4.0000
    endloop
  endfacet
  facet normal 9.891765e-01 1.467305e-01 0.000000e+00
    outer loop
      vertex 39.7978 43.0103 0.0000
      vertex 40.0901 41.0397 4.0000
      vertex 40.0901 41.0397 0.0000
    endloop
  endfacet
  facet normal 0.000000e+00 0.000000e+00 -1.000000e+00
    outer loop
      vertex 33.8266 42.4221 0.0000
      vertex 39.7978 43.0103 0.0000
      vertex 40.0901 41.0397 0.0000
    endloop
  endfacet
  facet normal 0.000000e+00 0.000000e+00 -1.000000e+00
    outer loop
      vertex 33.8266 42.4221 0.0000
      vertex 40.0901 41.0397 0.0000
      vertex 34.2053 39.8691 0.0000
    endloop
  endfacet
  facet normal 0.000000e+00 0.000000e+00 1.000000e+00
    outer loop
      vertex 33.8266 42.4221 4.0000
      vertex 34.2053 39.8691 4.0000
      vertex 40.0901 41.0397 4.0000
    endloop
  endfacet
  facet normal -0.000000e+00 0.000000e+00 1.000000e+00
    outer loop
      vertex 33.8266 42.4221 4.0000
      vertex 40.0901 41.0397 4.0000
      vertex 39.7978 43.0103 4.0000
    endloop
  endfacet
  facet normal -9.700313e-01 -2.429802e-01 0.000000e+00
    outer loop
      vertex 34.2053 39.8691 0.0000
      vertex 34.8325 37.3655 0.0000
      vertex 34.8325 37.3655 4.0000
    endloop
  endfacet
  facet normal -9.700313e-01 -2.429802e-01 0.000000e+00
    outer loop
      vertex 34.2053 39.8691 0.0000
      vertex 34.8325 37.3655 4.0000
      vertex 34.2053 39.8691 4.0000
    endloop
  endfacet
  facet normal 9.700313e-01 2.429802e-01 -0.000000e+00
    outer loop
      vertex 40.0901 41.0397 0.0000
      vertex 40.0901 41.0397 4.0000
      vertex 40.5741 39.1072 4.0000
    endloop
  endfacet
  facet normal 9.700313e-01 2.429802e-01 0.000000e+00
    outer loop
      vertex 40.0901 41.0397 0.0000
      vertex 40.5741 39.1072 4.0000
      vertex 40.5741 39.1072 0.0000
    endloop
  endfacet
  facet normal 0.000000e+00 0.000000e+00 -1.000000e+00
    outer loop
      vertex 34.2053 39.8691 0.0000
      vertex 40.0901 41.0397 0.0000
      vertex 40.5741 39.1072 0.0000
    endloop
  endfacet
  facet normal 0.000000e+00 0.000000e+00 -1.000000e+00
    outer loop
      vertex 34.2053 39.8691 0.0000
      vertex 40.5741 39.1072 0.0000
      vertex 34.8325 37.3655 0.0000
    endloop
  endfacet
  facet normal 0.000000e+00 0.000000e+00 1.000000e+00
    outer loop
      vertex 34.2053 39.8691 4.0000
      vertex 34.8325 37.3655 4.0000
      vertex 40.5741 39.1072 4.0000
    endloop
  endfacet
  facet normal -0.000000e+00 0.000000e+00 1.000000e+00
    outer loop
      vertex 34.2053 39.8691 4.0000
      vertex 40.5741 39.1072 4.0000
      vertex 40.0901 41.0397 4.0000
    endloop
  endfacet
  facet normal -9.415441e-01 -3.368899e-01 0.000000e+00
    outer loop
      vertex 34.8325 37.3655 0.0000
      vertex 35.7020 34.9354 0.0000
      vertex 35.7020 34.9354 4.0000
    endloop
  endfacet
  facet normal -9.415441e-01 -3.368899e-01 0.000000e+00
    outer loop
      vertex 34.8325 37.3655 0.0000
      vertex 35.7020 34.9354 4.0000
      vertex 34.8325 37.3655 4.0000
    endloop
  endfacet
  facet normal 9.415441e-01 3.368899e-01 -0.000000e+00
    outer loop
      vertex 40.5741 39.1072 0.0000
      vertex 40.5741 39.1072 4.0000
      vertex 41.2452 37.2315 4.0000
    endloop
  endfacet
  facet normal 9.415441e-01 3.368899e-01 0.000000e+00
    outer loop
      vertex 40.5741 39.1072 0.0000
      vertex 41.2452 37.2315 4.0000
      vertex 41.2452 37.2315 0.0000
    endloop
  endfacet
  facet normal 0.000000e+00 0.000000e+00 -1.000000e+00
    outer loop
      vertex 34.8325 37.3655 0.0000
      vertex 40.5741 39.1072 0.0000
      vertex 41.2452 37.2315 0.0000
    endloop
  endfacet
  facet normal 0.000000e+00 0.000000e+00 -1.000000e+00
    outer loop
      vertex 34.8325 37.3655 0.0000
      vertex 41.2452 37.2315 0.0000
      vertex 35.7020 34.9354 0.0000
    endloop
  endfacet
  facet normal 0.000000e+00 0.000000e+00 1.000000e+00
    outer loop
      vertex 34.8325 37.3655 4.0000
      vertex 35.7020 34.9354 4.0000
      vertex 41.2452 37.2315 4.0000
    endloop
  endfacet
  facet normal -0.000000e+00 0.000000e+00 1.000000e+00
    outer loop
      vertex 34.8325 37.3655 4.0000
      vertex 41.2452 37.2315 4.0000
      vertex 40.5741 39.1072 4.0000
    endloop
  endfacet
  facet normal -9.039893e-01 -4.275551e-01 0.000000e+00
    outer loop
      vertex 35.7020 34.9354 0.0000
      vertex 36.8055 32.6023 0.0000
      vertex 36.8055 32.6023 4.0000
    endloop
  endfacet
  facet normal -9.039893e-01 -4.275551e-01 0.000000e+00
    outer loop
      vertex 35.7020 34.9354 0.0000
      vertex 36.8055 32.6023 4.0000
      vertex 35.7020 34.9354 4.0000
    endloop
  endfacet
  facet normal 9.039893e-01 4.275551e-01 -0.000000e+00
    outer loop
      vertex 41.2452 37.2315 0.0000
      vertex 41.2452 37.2315 4.0000
      vertex 42.0970 35.4306 4.0000
    endloop
  endfacet
  facet normal 9.039893e-01 4.275551e-01 0.000000e+00
    outer loop
      vertex 41.2452 37.2315 0.0000
      vertex 42.0970 35.4306 4.0000
      vertex 42.0970 35.4306 0.0000
    endloop
  endfacet
  facet normal 0.000000e+00 0.000000e+00 -1.000000e+00
    outer loop
      vertex 35.7020 34.9354 0.0000
      vertex 41.2452 37.2315 0.0000
      vertex 42.0970 35.4306 0.0000
    endloop
  endfacet
  facet normal 0.000000e+00 0.000000e+00 -1.000000e+00
    outer loop
      vertex 35.7020 34.9354 0.0000
      vertex 42.0970 35.4306 0.0000
      vertex 36.8055 32.6023 0.0000
    endloop
  endfacet
  facet normal -0.000000e+00 0.000000e+00 1.000000e+00
    outer loop
      vertex 35.7020 34.9354 4.0000
      vertex 36.8055 32.6023 4.0000
      vertex 42.0970 35.4306 4.0000
    endloop
  endfacet
  facet normal 0.000000e+00 0.000000e+00 1.000000e+00
    outer loop
      vertex 35.7020 34.9354 4.0000
      vertex 42.0970 35.4306 4.0000
      vertex 41.2452 37.2315 4.0000
    endloop
  endfacet
  facet normal -8.577286e-01 -5.141027e-01 0.000000e+00
    outer loop
      vertex 36.8055 32.6023 0.0000
      vertex 38.1323 30.3885 0.0000
      vertex 38.1323 30.3885 4.0000
    endloop
  endfacet
  facet normal -8.577286e-01 -5.141027e-01 0.000000e+00
    outer loop
      vertex 36.8055 32.6023 0.0000
      vertex 38.1323 30.3885 4.0000
      vertex 36.8055 32.6023 4.0000
    endloop
  endfacet
  facet normal 8.577286e-01 5.141027e-01 -0.000000e+00
    outer loop
      vertex 42.0970 35.4306 0.0000
      vertex 42.0970 35.4306 4.0000
      vertex 43.1212 33.7219 4.0000
    endloop
  endfacet
  facet normal 8.577286e-01 5.141027e-01 0.000000e+00
    outer loop
      vertex 42.0970 35.4306 0.0000
      vertex 43.1212 33.7219 4.0000
      vertex 43.1212 33.7219 0.0000
    endloop
  endfacet
  facet normal 0.000000e+00 0.000000e+00 -1.000000e+00
    outer loop
      vertex 36.8055 32.6023 0.0000
      vertex 42.0970 35.4306 0.0000
      vertex 43.1212 33.7219 0.0000
    endloop
  endfacet
  facet normal 0.000000e+00 0.000000e+00 -1.000000e+00
    outer loop
      vertex 36.8055 32.6023 0.0000
      vertex 43.1212 33.7219 0.0000
      vertex 38.1323 30.3885 0.0000
    endloop
  endfacet
  facet normal -0.000000e+00 0.000000e+00 1.000000e+00
    outer loop
      vertex 36.8055 32.6023 4.0000
      vertex 38.1323 30.3885 4.0000
      vertex 43.1212 33.7219 4.0000
    endloop
  endfacet
  facet normal 0.000000e+00 0.000000e+00 1.000000e+00
    outer loop
      vertex 36.8055 32.6023 4.0000
      vertex 43.1212 33.7219 4.0000
      vertex 42.0970 35.4306 4.0000
    endloop
  endfacet
  facet normal -8.032075e-01 -5.956993e-01 0.000000e+00
    outer loop
      vertex 38.1323 30.3885 0.0000
      vertex 39.6698 28.3155 0.0000
      vertex 39.6698 28.3155 4.0000
    endloop
  endfacet
  facet normal -8.032075e-01 -5.956993e-01 0.000000e+00
    outer loop
      vertex 38.1323 30.3885 0.0000
      vertex 39.6698 28.3155 4.0000
      vertex 38.1323 30.3885 4.0000
    endloop
  endfacet
  facet normal 8.032075e-01 5.956993e-01 -0.000000e+00
    outer loop
      vertex 43.1212 33.7219 0.0000
      vertex 43.1212 33.7219 4.0000
      vertex 44.3079 32.1218 4.0000
    endloop
  endfacet
  facet normal 8.032075e-01 5.956993e-01 0.000000e+00
    outer loop
      vertex 43.1212 33.7219 0.0000
      vertex 44.3079 32.1218 4.0000
      vertex 44.3079 32.1218 0.0000
    endloop
  endfacet
  facet normal 0.000000e+00 0.000000e+00 -1.000000e+00
    outer loop
      vertex 38.1323 30.3885 0.0000
      vertex 43.1212 33.7219 0.0000
      vertex 44.3079 32.1218 0.0000
    endloop
  endfacet
  facet normal 0.000000e+00 0.000000e+00 -1.000000e+00
    outer loop
      vertex 38.1323 30.3885 0.0000
      vertex 44.3079 32.1218 0.0000
      vertex 39.6698 28.3155 0.0000
    endloop
  endfacet
  facet normal -0.000000e+00 0.000000e+00 1.000000e+00
    outer loop
      vertex 38.1323 30.3885 4.0000
      vertex 39.6698 28.3155 4.0000
      vertex 44.3079 32.1218 4.0000
    endloop
  endfacet
  facet normal 0.000000e+00 0.000000e+00 1.000000e+00
    outer loop
      vertex 38.1323 30.3885 4.0000
      vertex 44.3079 32.1218 4.0000
      vertex 43.1212 33.7219 4.0000
    endloop
  endfacet
  facet normal -7.409511e-01 -6.715590e-01 0.000000e+00
    outer loop
      vertex 39.6698 28.3155 0.0000
      vertex 41.4031 26.4031 0.0000
      vertex 41.4031 26.4031 4.0000
    endloop
  endfacet
  facet normal -7.409511e-01 -6.715590e-01 0.000000e+00
    outer loop
      vertex 39.6698 28.3155 0.0000
      vertex 41.4031 26.4031 4.0000
      vertex 39.6698 28.3155 4.0000
    endloop
  endfacet
  facet normal 7.409511e-01 6.715590e-01 -0.000000e+00
    outer loop
      vertex 44.3079 32.1218 0.0000
      vertex 44.3079 32.1218 4.0000
      vertex 45.6457 30.6457 4.0000
    endloop
  endfacet
  facet normal 7.409511e-01 6.715590e-01 0.000000e+00
    outer loop
      vertex 44.3079 32.1218 0.0000
      vertex 45.6457 30.6457 4.0000
      vertex 45.6457 30.6457 0.0000
    endloop
  endfacet
  facet normal 0.000000e+00 0.000000e+00 -1.000000e+00
    outer loop
      vertex 39.6698 28.3155 0.0000
      vertex 44.3079 32.1218 0.0000
      vertex 45.6457 30.6457 0.0000
    endloop
  endfacet
  facet normal 0.000000e+00 0.000000e+00 -1.000000e+00
    outer loop
      vertex 39.6698 28.3155 0.0000
      vertex 45.6457 30.6457 0.0000
      vertex 41.4031 26.4031 0.0000
    endloop
  endfacet
  facet normal -0.000000e+00 0.000000e+00 1.000000e+00
    outer loop
      vertex 39.6698 28.3155 4.0000
      vertex 41.4031 26.4031 4.0000
      vertex 45.6457 30.6457 4.0000
    endloop
  endfacet
  facet normal 0.000000e+00 0.000000e+00 1.000000e+00
    outer loop
      vertex 39.6698 28.3155 4.0000
      vertex 45.6457 30.6457 4.0000
      vertex 44.3079 32.1218 4.0000
    endloop
  endfacet
  facet normal -6.715590e-01 -7.409511e-01 0.000000e+00
    outer loop
      vertex 41.4031 26.4031 0.0000
      vertex 43.3155 24.6698 0.0000
      vertex 43.3155 24.6698 4.0000
    endloop
  endfacet
  facet normal -6.715590e-01 -7.409511e-01 0.000000e+00
    outer loop
      vertex 41.4031 26.4031 0.0000
      vertex 43.3155 24.6698 4.0000
      vertex 41.4031 26.4031 4.0000
    endloop
  endfacet
  facet normal 6.715590e-01 7.409511e-01 -0.000000e+00
    outer loop
      vertex 45.6457 30.6457 0.0000
      vertex 45.6457 30.6457 4.0000
      vertex 47.1218 29.3079 4.0000
    endloop
  endfacet
  facet normal 6.715590e-01 7.409511e-01 0.000000e+00
    outer loop
      vertex 45.6457 30.6457 0.0000
      vertex 47.1218 29.3079 4.0000
      vertex 47.1218 29.3079 0.0000
    endloop
  endfacet
  facet normal 0.000000e+00 0.000000e+00 -1.000000e+00
    outer loop
      vertex 41.4031 26.4031 0.0000
      vertex 45.6457 30.6457 0.0000
      vertex 47.1218 29.3079 0.0000
    endloop
  endfacet
  facet normal 0.000000e+00 0.000000e+00 -1.000000e+00
    outer loop
      vertex 41.4031 26.4031 0.0000
      vertex 47.1218 29.3079 0.0000
      vertex 43.3155 24.6698 0.0000
    endloop
  endfacet
  facet normal -0.000000e+00 0.000000e+00 1.000000e+00
    outer loop
      vertex 41.4031 26.4031 4.0000
      vertex 43.3155 24.6698 4.0000
      vertex 47.1218 29.3079 4.0000
    endloop
  endfacet
  facet normal 0.000000e+00 0.000000e+00 1.000000e+00
    outer loop
      vertex 41.4031 26.4031 4.0000
      vertex 47.1218 29.3079 4.0000
      vertex 45.6457 30.6457 4.0000
    endloop
  endfacet
  facet normal -5.956993e-01 -8.032075e-01 0.000000e+00
    outer loop
      vertex 43.3155 24.6698 0.0000
      vertex 45.3885 23.1323 0.0000
      vertex 45.3885 23.1323 4.0000
    endloop
  endfacet
  facet normal -5.956993e-01 -8.032075e-01 0.000000e+00
    outer loop
      vertex 43.3155 24.6698 0.0000
      vertex 45.3885 23.1323 4.0000
      vertex 43.3155 24.6698 4.0000
    endloop
  endfacet
  facet normal 5.956993e-01 8.032075e-01 -0.000000e+00
    outer loop
      vertex 47.1218 29.3079 0.0000
      vertex 47.1218 29.3079 4.0000
      vertex 48.7219 28.1212 4.0000
    endloop
  endfacet
  facet normal 5.956993e-01 8.032075e-01 0.000000e+00
    outer loop
      vertex 47.1218 29.3079 0.0000
      vertex 48.7219 28.1212 4.0000
      vertex 48.7219 28.1212 0.0000
    endloop
  endfacet
  facet normal 0.000000e+00 0.000000e+00 -1.000000e+00
    outer loop
      vertex 43.3155 24.6698 0.0000
      vertex 47.1218 29.3079 0.0000
      vertex 48.7219 28.1212 0.0000
    endloop
  endfacet
  facet normal 0.000000e+00 0.000000e+00 -1.000000e+00
    outer loop
      vertex 43.3155 24.6698 0.0000
      vertex 48.7219 28.1212 0.0000
      vertex 45.3885 23.1323 0.0000
    endloop
  endfacet
  facet normal -0.000000e+00 0.000000e+00 1.000000e+00
    outer loop
      vertex 43.3155 24.6698 4.0000
      vertex 45.3885 23.1323 4.0000
      vertex 48.7219 28.1212 4.0000
    endloop
  endfacet
  facet normal 0.000000e+00 0.000000e+00 1.000000e+00
    outer loop
      vertex 43.3155 24.6698 4.0000
      vertex 48.7219 28.1212 4.0000
      vertex 47.1218 29.3079 4.0000
    endloop
  endfacet
  facet normal -5.141027e-01 -8.577286e-01 0.000000e+00
    outer loop
      vertex 45.3885 23.1323 0.0000
      vertex 47.6023 21.8055 0.0000
      vertex 47.6023 21.8055 4.0000
    endloop
  endfacet
  facet normal -5.141027e-01 -8.577286e-01 0.000000e+00
    outer loop
      vertex 45.3885 23.1323 0.0000
      vertex 47.6023 21.8055 4.0000
      vertex 45.3885 23.1323 4.0000
    endloop
  endfacet
  facet normal 5.141027e-01 8.577286e-01 -0.000000e+00
    outer loop
      vertex 48.7219 28.1212 0.0000
      vertex 48.7219 28.1212 4.0000
      vertex 50.4306 27.0970 4.0000
    endloop
  endfacet
  facet normal 5.141027e-01 8.577286e-01 0.000000e+00
    outer loop
      vertex 48.7219 28.1212 0.0000
      vertex 50.4306 27.0970 4.0000
      vertex 50.4306 27.0970 0.0000
    endloop
  endfacet
  facet normal 0.000000e+00 0.000000e+00 -1.000000e+00
    outer loop
      vertex 45.3885 23.1323 0.0000
      vertex 48.7219 28.1212 0.0000
      vertex 50.4306 27.0970 0.0000
    endloop
  endfacet
  facet normal 0.000000e+00 0.000000e+00 -1.000000e+00
    outer loop
      vertex 45.3885 23.1323 0.0000
      vertex 50.4306 27.0970 0.0000
      vertex 47.6023 21.8055 0.0000
    endloop
  endfacet
  facet normal -0.000000e+00 0.000000e+00 1.000000e+00
    outer loop
      vertex 45.3885 23.1323 4.0000
      vertex 47.6023 21.8055 4.0000
      vertex 50.4306 27.0970 4.0000
    endloop
  endfacet
  facet normal 0.000000e+00 0.000000e+00 1.000000e+00
    outer loop
      vertex 45.3885 23.1323 4.0000
      vertex 50.4306 27.0970 4.0000
      vertex 48.7219 28.1212 4.0000
    endloop
  endfacet
  facet normal -4.275551e-01 -9.039893e-01 0.000000e+00
    outer loop
      vertex 47.6023 21.8055 0.0000
      vertex 49.9354 20.7020 0.0000
      vertex 49.9354 20.7020 4.0000
    endloop
  endfacet
  facet normal -4.275551e-01 -9.039893e-01 0.000000e+00
    outer loop
      vertex 47.6023 21.8055 0.0000
      vertex 49.9354 20.7020 4.0000
      vertex 47.6023 21.8055 4.0000
    endloop
  endfacet
  facet normal 4.275551e-01 9.039893e-01 -0.000000e+00
    outer loop
      vertex 50.4306 27.0970 0.0000
      vertex 50.4306 27.0970 4.0000
      vertex 52.2315 26.2452 4.0000
    endloop
  endfacet
  facet normal 4.275551e-01 9.039893e-01 0.000000e+00
    outer loop
      vertex 50.4306 27.0970 0.0000
      vertex 52.2315 26.2452 4.0000
      vertex 52.2315 26.2452 0.0000
    endloop
  endfacet
  facet normal 0.000000e+00 0.000000e+00 -1.000000e+00
    outer loop
      vertex 47.6023 21.8055 0.0000
      vertex 50.4306 27.0970 0.0000
      vertex 52.2315 26.2452 0.0000
    endloop
  endfacet
  facet normal 0.000000e+00 0.000000e+00 -1.000000e+00
    outer loop
      vertex 47.6023 21.8055 0.0000
      vertex 52.2315 26.2452 0.0000
      vertex 49.9354 20.7020 0.0000
    endloop
  endfacet
  facet normal -0.000000e+00 0.000000e+00 1.000000e+00
    outer loop
      vertex 47.6023 21.8055 4.0000
      vertex 49.9354 20.7020 4.0000
      vertex 52.2315 26.2452 4.0000
    endloop
  endfacet
  facet normal 0.000000e+00 0.000000e+00 1.000000e+00
    outer loop
      vertex 47.6023 21.8055 4.0000
      vertex 52.2315 26.2452 4.0000
      vertex 50.4306 27.0970 4.0000
    endloop
  endfacet
  facet normal -3.368899e-01 -9.415441e-01 0.000000e+00
    outer loop
      vertex 49.9354 20.7020 0.0000
      vertex 52.3655 19.8325 0.0000
      vertex 52.3655 19.8325 4.0000
    endloop
  endfacet
  facet normal -3.368899e-01 -9.415441e-01 0.000000e+00
    outer loop
      vertex 49.9354 20.7020 0.0000
      vertex 52.3655 19.8325 4.0000
      vertex 49.9354 20.7020 4.0000
    endloop
  endfacet
  facet normal 3.368899e-01 9.415441e-01 -0.000000e+00
    outer loop
      vertex 52.2315 26.2452 0.0000
      vertex 52.2315 26.2452 4.0000
      vertex 54.1072 25.5741 4.0000
    endloop
  endfacet
  facet normal 3.368899e-01 9.415441e-01 0.000000e+00
    outer loop
      vertex 52.2315 26.2452 0.0000
      vertex 54.1072 25.5741 4.0000
      vertex 54.1072 25.5741 0.0000
    endloop
  endfacet
  facet normal 0.000000e+00 0.000000e+00 -1.000000e+00
    outer loop
      vertex 49.9354 20.7020 0.0000
      vertex 52.2315 26.2452 0.0000
      vertex 54.1072 25.5741 0.0000
    endloop
  endfacet
  facet normal 0.000000e+00 0.000000e+00 -1.000000e+00
    outer loop
      vertex 49.9354 20.7020 0.0000
      vertex 54.1072 25.5741 0.0000
      vertex 52.3655 19.8325 0.0000
    endloop
  endfacet
  facet normal -0.000000e+00 0.000000e+00 1.000000e+00
    outer loop
      vertex 49.9354 20.7020 4.0000
      vertex 52.3655 19.8325 4.0000
      vertex 54.1072 25.5741 4.0000
    endloop
  endfacet
  facet normal 0.000000e+00 0.000000e+00 1.000000e+00
    outer loop
      vertex 49.9354 20.7020 4.0000
      vertex 54.1072 25.5741 4.0000
      vertex 52.2315 26.2452 4.0000
    endloop
  endfacet
  facet normal -2.429802e-01 -9.700313e-01 0.000000e+00
    outer loop
      vertex 52.3655 19.8325 0.0000
      vertex 54.8691 19.2053 0.0000
      vertex 54.8691 19.2053 4.0000
    endloop
  endfacet
  facet normal -2.429802e-01 -9.700313e-01 0.000000e+00
    outer loop
      vertex 52.3655 19.8325 0.0000
      vertex 54.8691 19.2053 4.0000
      vertex 52.3655 19.8325 4.0000
    endloop
  endfacet
  facet normal 2.429802e-01 9.700313e-01 -0.000000e+00
    outer loop
      vertex 54.1072 25.5741 0.0000
      vertex 54.1072 25.5741 4.0000
      vertex 56.0397 25.0901 4.0000
    endloop
  endfacet
  facet normal 2.429802e-01 9.700313e-01 0.000000e+00
    outer loop
      vertex 54.1072 25.5741 0.0000
      vertex 56.0397 25.0901 4.0000
      vertex 56.0397 25.0901 0.0000
    endloop
  endfacet
  facet normal 0.000000e+00 0.000000e+00 -1.000000e+00
    outer loop
      vertex 52.3655 19.8325 0.0000
      vertex 54.1072 25.5741 0.0000
      vertex 56.0397 25.0901 0.0000
    endloop
  endfacet
  facet normal 0.000000e+00 0.000000e+00 -1.000000e+00
    outer loop
      vertex 52.3655 19.8325 0.0000
      vertex 56.0397 25.0901 0.0000
      vertex 54.8691 19.2053 0.0000
    endloop
  endfacet
  facet normal -0.000000e+00 0.000000e+00 1.000000e+00
    outer loop
      vertex 52.3655 19.8325 4.0000
      vertex 54.8691 19.2053 4.0000
      vertex 56.0397 25.0901 4.0000
    endloop
  endfacet
  facet normal 0.000000e+00 0.000000e+00 1.000000e+00
    outer loop
      vertex 52.3655 19.8325 4.0000
      vertex 56.0397 25.0901 4.0000
      vertex 54.1072 25.5741 4.0000
    endloop
  endfacet
  facet normal -1.467305e-01 -9.891765e-01 0.000000e+00
    outer loop
      vertex 54.8691 19.2053 0.0000
      vertex 57.4221 18.8266 0.0000
      vertex 57.4221 18.8266 4.0000
    endloop
  endfacet
  facet normal -1.467305e-01 -9.891765e-01 0.000000e+00
    outer loop
      vertex 54.8691 19.2053 0.0000
      vertex 57.4221 18.8266 4.0000
      vertex 54.8691 19.2053 4.0000
    endloop
  endfacet
  facet normal 1.467305e-01 9.891765e-01 -0.000000e+00
    outer loop
      vertex 56.0397 25.0901 0.0000
      vertex 56.0397 25.0901 4.0000
      vertex 58.0103 24.7978 4.0000
    endloop
  endfacet
  facet normal 1.467305e-01 9.891765e-01 0.000000e+00
    outer loop
      vertex 56.0397 25.0901 0.0000
      vertex 58.0103 24.7978 4.0000
      vertex 58.0103 24.7978 0.0000
    endloop
  endfacet
  facet normal 0.000000e+00 0.000000e+00 -1.000000e+00
    outer loop
      vertex 54.8691 19.2053 0.0000
      vertex 56.0397 25.0901 0.0000
      vertex 58.0103 24.7978 0.0000
    endloop
  endfacet
  facet normal 0.000000e+00 0.000000e+00 -1.000000e+00
    outer loop
      vertex 54.8691 19.2053 0.0000
      vertex 58.0103 24.7978 0.0000
      vertex 57.4221 18.8266 0.0000
    endloop
  endfacet
  facet normal -0.000000e+00 0.000000e+00 1.000000e+00
    outer loop
      vertex 54.8691 19.2053 4.0000
      vertex 57.4221 18.8266 4.0000
      vertex 58.0103 24.7978 4.0000
    endloop
  endfacet
  facet normal 0.000000e+00 0.000000e+00 1.000000e+00
    outer loop
      vertex 54.8691 19.2053 4.0000
      vertex 58.0103 24.7978 4.0000
      vertex 56.0397 25.0901 4.0000
    endloop
  endfacet
  facet normal -4.906767e-02 -9.987955e-01 0.000000e+00
    outer loop
      vertex 57.4221 18.8266 0.0000
      vertex 60.0000 18.7000 0.0000
      vertex 60.0000 18.7000 4.0000
    endloop
  endfacet
  facet normal -4.906767e-02 -9.987955e-01 0.000000e+00
    outer loop
      vertex 57.4221 18.8266 0.0000
      vertex 60.0000 18.7000 4.0000
      vertex 57.4221 18.8266 4.0000
    endloop
  endfacet
  facet normal 4.906767e-02 9.987955e-01 -0.000000e+00
    outer loop
      vertex 58.0103 24.7978 0.0000
      vertex 58.0103 24.7978 4.0000
      vertex 60.0000 24.7000 4.0000
    endloop
  endfacet
  facet normal 4.906767e-02 9.987955e-01 0.000000e+00
    outer loop
      vertex 58.0103 24.7978 0.0000
      vertex 60.0000 24.7000 4.0000
      vertex 60.0000 24.7000 0.0000
    endloop
  endfacet
  facet normal 0.000000e+00 0.000000e+00 -1.000000e+00
    outer loop
      vertex 57.4221 18.8266 0.0000
      vertex 58.0103 24.7978 0.0000
      vertex 60.0000 24.7000 0.0000
    endloop
  endfacet
  facet normal 0.000000e+00 0.000000e+00 -1.000000e+00
    outer loop
      vertex 57.4221 18.8266 0.0000
      vertex 60.0000 24.7000 0.0000
      vertex 60.0000 18.7000 0.0000
    endloop
  endfacet
  facet normal -0.000000e+00 0.000000e+00 1.000000e+00
    outer loop
      vertex 57.4221 18.8266 4.0000
      vertex 60.0000 18.7000 4.0000
      vertex 60.0000 24.7000 4.0000
    endloop
  endfacet
  facet normal 0.000000e+00 0.000000e+00 1.000000e+00
    outer loop
      vertex 57.4221 18.8266 4.0000
      vertex 60.0000 24.7000 4.0000
      vertex 58.0103 24.7978 4.0000
    endloop
  endfacet
  facet normal 4.906767e-02 -9.987955e-01 0.000000e+00
    outer loop
      vertex 60.0000 18.7000 0.0000
      vertex 62.5779 18.8266 0.0000
      vertex 62.5779 18.8266 4.0000
    endloop
  endfacet
  facet normal 4.906767e-02 -9.987955e-01 0.000000e+00
    outer loop
      vertex 60.0000 18.7000 0.0000
      vertex 62.5779 18.8266 4.0000
      vertex 60.0000 18.7000 4.0000
    endloop
  endfacet
  facet normal -4.906767e-02 9.987955e-01 0.000000e+00
    outer loop
      vertex 60.0000 24.7000 0.0000
      vertex 60.0000 24.7000 4.0000
      vertex 61.9897 24.7978 4.0000
    endloop
  endfacet
  facet normal -4.906767e-02 9.987955e-01 0.000000e+00
    outer loop
      vertex 60.0000 24.7000 0.0000
      vertex 61.9897 24.7978 4.0000
      vertex 61.9897 24.7978 0.0000
    endloop
  endfacet
  facet normal 0.000000e+00 0.000000e+00 -1.000000e+00
    outer loop
      vertex 60.0000 18.7000 0.0000
      vertex 60.0000 24.7000 0.0000
      vertex 61.9897 24.7978 0.0000
    endloop
  endfacet
  facet normal 0.000000e+00 0.000000e+00 -1.000000e+00
    outer loop
      vertex 60.0000 18.7000 0.0000
      vertex 61.9897 24.7978 0.0000
      vertex 62.5779 18.8266 0.0000
    endloop
  endfacet
  facet normal 0.000000e+00 0.000000e+00 1.000000e+00
    outer loop
      vertex 60.0000 18.7000 4.0000
      vertex 62.5779 18.8266 4.0000
      vertex 61.9897 24.7978 4.0000
    endloop
  endfacet
  facet normal 0.000000e+00 0.000000e+00 1.000000e+00
    outer loop
      vertex 60.0000 18.7000 4.0000
      vertex 61.9897 24.7978 4.0000
      vertex 60.0000 24.7000 4.0000
    endloop
  endfacet
  facet normal 1.467305e-01 -9.891765e-01 0.000000e+00
    outer loop
      vertex 62.5779 18.8266 0.0000
      vertex 65.1309 19.2053 0.0000
      vertex 65.1309 19.2053 4.0000
    endloop
  endfacet
  facet normal 1.467305e-01 -9.891765e-01 0.000000e+00
    outer loop
      vertex 62.5779 18.8266 0.0000
      vertex 65.1309 19.2053 4.0000
      vertex 62.5779 18.8266 4.0000
    endloop
  endfacet
  facet normal -1.467305e-01 9.891765e-01 0.000000e+00
    outer loop
      vertex 61.9897 24.7978 0.0000
      vertex 61.9897 24.7978 4.0000
      vertex 63.9603 25.0901 4.0000
    endloop
  endfacet
  facet normal -1.467305e-01 9.891765e-01 0.000000e+00
    outer loop
      vertex 61.9897 24.7978 0.0000
      vertex 63.9603 25.0901 4.0000
      vertex 63.9603 25.0901 0.0000
    endloop
  endfacet
  facet normal 0.000000e+00 0.000000e+00 -1.000000e+00
    outer loop
      vertex 62.5779 18.8266 0.0000
      vertex 61.9897 24.7978 0.0000
      vertex 63.9603 25.0901 0.0000
    endloop
  endfacet
  facet normal 0.000000e+00 0.000000e+00 -1.000000e+00
    outer loop
      vertex 62.5779 18.8266 0.0000
      vertex 63.9603 25.0901 0.0000
      vertex 65.1309 19.2053 0.0000
    endloop
  endfacet
  facet normal 0.000000e+00 0.000000e+00 1.000000e+00
    outer loop
      vertex 62.5779 18.8266 4.0000
      vertex 65.1309 19.2053 4.0000
      vertex 63.9603 25.0901 4.0000
    endloop
  endfacet
  facet normal 0.000000e+00 -0.000000e+00 1.000000e+00
    outer loop
      vertex 62.5779 18.8266 4.0000
      vertex 63.9603 25.0901 4.0000
      vertex 61.9897 24.7978 4.0000
    endloop
  endfacet
  facet normal 2.429802e-01 -9.700313e-01 0.000000e+00
    outer loop
      vertex 65.1309 19.2053 0.0000
      vertex 67.6345 19.8325 0.0000
      vertex 67.6345 19.8325 4.0000
    endloop
  endfacet
  facet normal 2.429802e-01 -9.700313e-01 0.000000e+00
    outer loop
      vertex 65.1309 19.2053 0.0000
      vertex 67.6345 19.8325 4.0000
      vertex 65.1309 19.2053 4.0000
    endloop
  endfacet
  facet normal -2.429802e-01 9.700313e-01 0.000000e+00
    outer loop
      vertex 63.9603 25.0901 0.0000
      vertex 63.9603 25.0901 4.0000
      vertex 65.8928 25.5741 4.0000
    endloop
  endfacet
  facet normal -2.429802e-01 9.700313e-01 0.000000e+00
    outer loop
      vertex 63.9603 25.0901 0.0000
      vertex 65.8928 25.5741 4.0000
      vertex 65.8928 25.5741 0.0000
    endloop
  endfacet
  facet normal 0.000000e+00 0.000000e+00 -1.000000e+00
    outer loop
      vertex 65.1309 19.2053 0.0000
      vertex 63.9603 25.0901 0.0000
      vertex 65.8928 25.5741 0.0000
    endloop
  endfacet
  facet normal 0.000000e+00 0.000000e+00 -1.000000e+00
    outer loop
      vertex 65.1309 19.2053 0.0000
      vertex 65.8928 25.5741 0.0000
      vertex 67.6345 19.8325 0.0000
    endloop
  endfacet
  facet normal 0.000000e+00 0.000000e+00 1.000000e+00
    outer loop
      vertex 65.1309 19.2053 4.0000
      vertex 67.6345 19.8325 4.0000
      vertex 65.8928 25.5741 4.0000
    endloop
  endfacet
  facet normal 0.000000e+00 -0.000000e+00 1.000000e+00
    outer loop
      vertex 65.1309 19.2053 4.0000
      vertex 65.8928 25.5741 4.0000
      vertex 63.9603 25.0901 4.0000
    endloop
  endfacet
  facet normal 3.368899e-01 -9.415441e-01 0.000000e+00
    outer loop
      vertex 67.6345 19.8325 0.0000
      vertex 70.0646 20.7020 0.0000
      vertex 70.0646 20.7020 4.0000
    endloop
  endfacet
  facet normal 3.368899e-01 -9.415441e-01 0.000000e+00
    outer loop
      vertex 67.6345 19.8325 0.0000
      vertex 70.0646 20.7020 4.0000
      vertex 67.6345 19.8325 4.0000
    endloop
  endfacet
  facet normal -3.368899e-01 9.415441e-01 0.000000e+00
    outer loop
      vertex 65.8928 25.5741 0.0000
      vertex 65.8928 25.5741 4.0000
      vertex 67.7685 26.2452 4.0000
    endloop
  endfacet
  facet normal -3.368899e-01 9.415441e-01 0.000000e+00
    outer loop
      vertex 65.8928 25.5741 0.0000
      vertex 67.7685 26.2452 4.0000
      vertex 67.7685 26.2452 0.0000
    endloop
  endfacet
  facet normal 0.000000e+00 0.000000e+00 -1.000000e+00
    outer loop
      vertex 67.6345 19.8325 0.0000
      vertex 65.8928 25.5741 0.0000
      vertex 67.7685 26.2452 0.0000
    endloop
  endfacet
  facet normal 0.000000e+00 0.000000e+00 -1.000000e+00
    outer loop
      vertex 67.6345 19.8325 0.0000
      vertex 67.7685 26.2452 0.0000
      vertex 70.0646 20.7020 0.0000
    endloop
  endfacet
  facet normal 0.000000e+00 0.000000e+00 1.000000e+00
    outer loop
      vertex 67.6345 19.8325 4.0000
      vertex 70.0646 20.7020 4.0000
      vertex 67.7685 26.2452 4.0000
    endloop
  endfacet
  facet normal 0.000000e+00 -0.000000e+00 1.000000e+00
    outer loop
      vertex 67.6345 19.8325 4.0000
      vertex 67.7685 26.2452 4.0000
      vertex 65.8928 25.5741 4.0000
    endloop
  endfacet
  facet normal 4.275551e-01 -9.039893e-01 0.000000e+00
    outer loop
      vertex 70.0646 20.7020 0.0000
      vertex 72.3977 21.8055 0.0000
      vertex 72.3977 21.8055 4.0000
    endloop
  endfacet
  facet normal 4.275551e-01 -9.039893e-01 0.000000e+00
    outer loop
      vertex 70.0646 20.7020 0.0000
      vertex 72.3977 21.8055 4.0000
      vertex 70.0646 20.7020 4.0000
    endloop
  endfacet
  facet normal -4.275551e-01 9.039893e-01 0.000000e+00
    outer loop
      vertex 67.7685 26.2452 0.0000
      vertex 67.7685 26.2452 4.0000
      vertex 69.5694 27.0970 4.0000
    endloop
  endfacet
  facet normal -4.275551e-01 9.039893e-01 0.000000e+00
    outer loop
      vertex 67.7685 26.2452 0.0000
      vertex 69.5694 27.0970 4.0000
      vertex 69.5694 27.0970 0.0000
    endloop
  endfacet
  facet normal 0.000000e+00 0.000000e+00 -1.000000e+00
    outer loop
      vertex 70.0646 20.7020 0.0000
      vertex 67.7685 26.2452 0.0000
      vertex 69.5694 27.0970 0.0000
    endloop
  endfacet
  facet normal 0.000000e+00 0.000000e+00 -1.000000e+00
    outer loop
      vertex 70.0646 20.7020 0.0000
      vertex 69.5694 27.0970 0.0000
      vertex 72.3977 21.8055 0.0000
    endloop
  endfacet
  facet normal 0.000000e+00 -0.000000e+00 1.000000e+00
    outer loop
      vertex 70.0646 20.7020 4.0000
      vertex 72.3977 21.8055 4.0000
      vertex 69.5694 27.0970 4.0000
    endloop
  endfacet
  facet normal 0.000000e+00 0.000000e+00 1.000000e+00
    outer loop
      vertex 70.0646 20.7020 4.0000
      vertex 69.5694 27.0970 4.0000
      vertex 67.7685 26.2452 4.0000
    endloop
  endfacet
  facet normal 5.141027e-01 -8.577286e-01 0.000000e+00
    outer loop
      vertex 72.3977 21.8055 0.0000
      vertex 74.6115 23.1323 0.0000
      vertex 74.6115 23.1323 4.0000
    endloop
  endfacet
  facet normal 5.141027e-01 -8.577286e-01 0.000000e+00
    outer loop
      vertex 72.3977 21.8055 0.0000
      vertex 74.6115 23.1323 4.0000
      vertex 72.3977 21.8055 4.0000
    endloop
  endfacet
  facet normal -5.141027e-01 8.577286e-01 0.000000e+00
    outer loop
      vertex 69.5694 27.0970 0.0000
      vertex 69.5694 27.0970 4.0000
      vertex 71.2781 28.1212 4.0000
    endloop
  endfacet
  facet normal -5.141027e-01 8.577286e-01 0.000000e+00
    outer loop
      vertex 69.5694 27.0970 0.0000
      vertex 71.2781 28.1212 4.0000
      vertex 71.2781 28.1212 0.0000
    endloop
  endfacet
  facet normal 0.000000e+00 0.000000e+00 -1.000000e+00
    outer loop
      vertex 72.3977 21.8055 0.0000
      vertex 69.5694 27.0970 0.0000
      vertex 71.2781 28.1212 0.0000
    endloop
  endfacet
  facet normal 0.000000e+00 0.000000e+00 -1.000000e+00
    outer loop
      vertex 72.3977 21.8055 0.0000
      vertex 71.2781 28.1212 0.0000
      vertex 74.6115 23.1323 0.0000
    endloop
  endfacet
  facet normal 0.000000e+00 -0.000000e+00 1.000000e+00
    outer loop
      vertex 72.3977 21.8055 4.0000
      vertex 74.6115 23.1323 4.0000
      vertex 71.2781 28.1212 4.0000
    endloop
  endfacet
  facet normal 0.000000e+00 0.000000e+00 1.000000e+00
    outer loop
      vertex 72.3977 21.8055 4.0000
      vertex 71.2781 28.1212 4.0000
      vertex 69.5694 27.0970 4.0000
    endloop
  endfacet
  facet normal 5.956993e-01 -8.032075e-01 0.000000e+00
    outer loop
      vertex 74.6115 23.1323 0.0000
      vertex 76.6845 24.6698 0.0000
      vertex 76.6845 24.6698 4.0000
    endloop
  endfacet
  facet normal 5.956993e-01 -8.032075e-01 0.000000e+00
    outer loop
      vertex 74.6115 23.1323 0.0000
      vertex 76.6845 24.6698 4.0000
      vertex 74.6115 23.1323 4.0000
    endloop
  endfacet
  facet normal -5.956993e-01 8.032075e-01 0.000000e+00
    outer loop
      vertex 71.2781 28.1212 0.0000
      vertex 71.2781 28.1212 4.0000
      vertex 72.8782 29.3079 4.0000
    endloop
  endfacet
  facet normal -5.956993e-01 8.032075e-01 0.000000e+00
    outer loop
      vertex 71.2781 28.1212 0.0000
      vertex 72.8782 29.3079 4.0000
      vertex 72.8782 29.3079 0.0000
    endloop
  endfacet
  facet normal 0.000000e+00 0.000000e+00 -1.000000e+00
    outer loop
      vertex 74.6115 23.1323 0.0000
      vertex 71.2781 28.1212 0.0000
      vertex 72.8782 29.3079 0.0000
    endloop
  endfacet
  facet normal 0.000000e+00 0.000000e+00 -1.000000e+00
    outer loop
      vertex 74.6115 23.1323 0.0000
      vertex 72.8782 29.3079 0.0000
      vertex 76.6845 24.6698 0.0000
    endloop
  endfacet
  facet normal 0.000000e+00 -0.000000e+00 1.000000e+00
    outer loop
      vertex 74.6115 23.1323 4.0000
      vertex 76.6845 24.6698 4.0000
      vertex 72.8782 29.3079 4.0000
    endloop
  endfacet
  facet normal 0.000000e+00 0.000000e+00 1.000000e+00
    outer loop
      vertex 74.6115 23.1323 4.0000
      vertex 72.8782 29.3079 4.0000
      vertex 71.2781 28.1212 4.0000
    endloop
  endfacet
  facet normal 6.715590e-01 -7.409511e-01 0.000000e+00
    outer loop
      vertex 76.6845 24.6698 0.0000
      vertex 78.5969 26.4031 0.0000
      vertex 78.5969 26.4031 4.0000
    endloop
  endfacet
  facet normal 6.715590e-01 -7.409511e-01 0.000000e+00
    outer loop
      vertex 76.6845 24.6698 0.0000
      vertex 78.5969 26.4031 4.0000
      vertex 76.6845 24.6698 4.0000
    endloop
  endfacet
  facet normal -6.715590e-01 7.409511e-01 0.000000e+00
    outer loop
      vertex 72.8782 29.3079 0.0000
      vertex 72.8782 29.3079 4.0000
      vertex 74.3543 30.6457 4.0000
    endloop
  endfacet
  facet normal -6.715590e-01 7.409511e-01 0.000000e+00
    outer loop
      vertex 72.8782 29.3079 0.0000
      vertex 74.3543 30.6457 4.0000
      vertex 74.3543 30.6457 0.0000
    endloop
  endfacet
  facet normal 0.000000e+00 0.000000e+00 -1.000000e+00
    outer loop
      vertex 76.6845 24.6698 0.0000
      vertex 72.8782 29.3079 0.0000
      vertex 74.3543 30.6457 0.0000
    endloop
  endfacet
  facet normal 0.000000e+00 0.000000e+00 -1.000000e+00
    outer loop
      vertex 76.6845 24.6698 0.0000
      vertex 74.3543 30.6457 0.0000
      vertex 78.5969 26.4031 0.0000
    endloop
  endfacet
  facet normal 0.000000e+00 -0.000000e+00 1.000000e+00
    outer loop
      vertex 76.6845 24.6698 4.0000
      vertex 78.5969 26.4031 4.0000
      vertex 74.3543 30.6457 4.0000
    endloop
  endfacet
  facet normal 0.000000e+00 0.000000e+00 1.000000e+00
    outer loop
      vertex 76.6845 24.6698 4.0000
      vertex 74.3543 30.6457 4.0000
      vertex 72.8782 29.3079 4.0000
    endloop
  endfacet
  facet normal 7.409511e-01 -6.715590e-01 0.000000e+00
    outer loop
      vertex 78.5969 26.4031 0.0000
      vertex 80.3302 28.3155 0.0000
      vertex 80.3302 28.3155 4.0000
    endloop
  endfacet
  facet normal 7.409511e-01 -6.715590e-01 0.000000e+00
    outer loop
      vertex 78.5969 26.4031 0.0000
      vertex 80.3302 28.3155 4.0000
      vertex 78.5969 26.4031 4.0000
    endloop
  endfacet
  facet normal -7.409511e-01 6.715590e-01 0.000000e+00
    outer loop
      vertex 74.3543 30.6457 0.0000
      vertex 74.3543 30.6457 4.0000
      vertex 75.6921 32.1218 4.0000
    endloop
  endfacet
  facet normal -7.409511e-01 6.715590e-01 0.000000e+00
    outer loop
      vertex 74.3543 30.6457 0.0000
      vertex 75.6921 32.1218 4.0000
      vertex 75.6921 32.1218 0.0000
    endloop
  endfacet
  facet normal 0.000000e+00 0.000000e+00 -1.000000e+00
    outer loop
      vertex 78.5969 26.4031 0.0000
      vertex 74.3543 30.6457 0.0000
      vertex 75.6921 32.1218 0.0000
    endloop
  endfacet
  facet normal 0.000000e+00 0.000000e+00 -1.000000e+00
    outer loop
      vertex 78.5969 26.4031 0.0000
      vertex 75.6921 32.1218 0.0000
      vertex 80.3302 28.3155 0.0000
    endloop
  endfacet
  facet normal 0.000000e+00 -0.000000e+00 1.000000e+00
    outer loop
      vertex 78.5969 26.4031 4.0000
      vertex 80.3302 28.3155 4.0000
      vertex 75.6921 32.1218 4.0000
    endloop
  endfacet
  facet normal 0.000000e+00 0.000000e+00 1.000000e+00
    outer loop
      vertex 78.5969 26.4031 4.0000
      vertex 75.6921 32.1218 4.0000
      vertex 74.3543 30.6457 4.0000
    endloop
  endfacet
  facet normal 8.032075e-01 -5.956993e-01 0.000000e+00
    outer loop
      vertex 80.3302 28.3155 0.0000
      vertex 81.8677 30.3885 0.0000
      vertex 81.8677 30.3885 4.0000
    endloop
  endfacet
  facet normal 8.032075e-01 -5.956993e-01 0.000000e+00
    outer loop
      vertex 80.3302 28.3155 0.0000
      vertex 81.8677 30.3885 4.0000
      vertex 80.3302 28.3155 4.0000
    endloop
  endfacet
  facet normal -8.032075e-01 5.956993e-01 0.000000e+00
    outer loop
      vertex 75.6921 32.1218 0.0000
      vertex 75.6921 32.1218 4.0000
      vertex 76.8788 33.7219 4.0000
    endloop
  endfacet
  facet normal -8.032075e-01 5.956993e-01 0.000000e+00
    outer loop
      vertex 75.6921 32.1218 0.0000
      vertex 76.8788 33.7219 4.0000
      vertex 76.8788 33.7219 0.0000
    endloop
  endfacet
  facet normal 0.000000e+00 0.000000e+00 -1.000000e+00
    outer loop
      vertex 80.3302 28.3155 0.0000
      vertex 75.6921 32.1218 0.0000
      vertex 76.8788 33.7219 0.0000
    endloop
  endfacet
  facet normal 0.000000e+00 0.000000e+00 -1.000000e+00
    outer loop
      vertex 80.3302 28.3155 0.0000
      vertex 76.8788 33.7219 0.0000
      vertex 81.8677 30.3885 0.0000
    endloop
  endfacet
  facet normal 0.000000e+00 -0.000000e+00 1.000000e+00
    outer loop
      vertex 80.3302 28.3155 4.0000
      vertex 81.8677 30.3885 4.0000
      vertex 76.8788 33.7219 4.0000
    endloop
  endfacet
  facet normal 0.000000e+00 0.000000e+00 1.000000e+00
    outer loop
      vertex 80.3302 28.3155 4.0000
      vertex 76.8788 33.7219 4.0000
      vertex 75.6921 32.1218 4.0000
    endloop
  endfacet
  facet normal 8.577286e-01 -5.141027e-01 0.000000e+00
    outer loop
      vertex 81.8677 30.3885 0.0000
      vertex 83.1945 32.6023 0.0000
      vertex 83.1945 32.6023 4.0000
    endloop
  endfacet
  facet normal 8.577286e-01 -5.141027e-01 0.000000e+00
    outer loop
      vertex 81.8677 30.3885 0.0000
      vertex 83.1945 32.6023 4.0000
      vertex 81.8677 30.3885 4.0000
    endloop
  endfacet
  facet normal -8.577286e-01 5.141027e-01 0.000000e+00
    outer loop
      vertex 76.8788 33.7219 0.0000
      vertex 76.8788 33.7219 4.0000
      vertex 77.9030 35.4306 4.0000
    endloop
  endfacet
  facet normal -8.577286e-01 5.141027e-01 0.000000e+00
    outer loop
      vertex 76.8788 33.7219 0.0000
      vertex 77.9030 35.4306 4.0000
      vertex 77.9030 35.4306 0.0000
    endloop
  endfacet
  facet normal 0.000000e+00 0.000000e+00 -1.000000e+00
    outer loop
      vertex 81.8677 30.3885 0.0000
      vertex 76.8788 33.7219 0.0000
      vertex 77.9030 35.4306 0.0000
    endloop
  endfacet
  facet normal 0.000000e+00 0.000000e+00 -1.000000e+00
    outer loop
      vertex 81.8677 30.3885 0.0000
      vertex 77.9030 35.4306 0.0000
      vertex 83.1945 32.6023 0.0000
    endloop
  endfacet
  facet normal 0.000000e+00 -0.000000e+00 1.000000e+00
    outer loop
      vertex 81.8677 30.3885 4.0000
      vertex 83.1945 32.6023 4.0000
      vertex 77.9030 35.4306 4.0000
    endloop
  endfacet
  facet normal 0.000000e+00 0.000000e+00 1.000000e+00
    outer loop
      vertex 81.8677 30.3885 4.0000
      vertex 77.9030 35.4306 4.0000
      vertex 76.8788 33.7219 4.0000
    endloop
  endfacet
  facet normal 9.039893e-01 -4.275551e-01 0.000000e+00
    outer loop
      vertex 83.1945 32.6023 0.0000
      vertex 84.2980 34.9354 0.0000
      vertex 84.2980 34.9354 4.0000
    endloop
  endfacet
  facet normal 9.039893e-01 -4.275551e-01 0.000000e+00
    outer loop
      vertex 83.1945 32.6023 0.0000
      vertex 84.2980 34.9354 4.0000
      vertex 83.1945 32.6023 4.0000
    endloop
  endfacet
  facet normal -9.039893e-01 4.275551e-01 0.000000e+00
    outer loop
      vertex 77.9030 35.4306 0.0000
      vertex 77.9030 35.4306 4.0000
      vertex 78.7548 37.2315 4.0000
    endloop
  endfacet
  facet normal -9.039893e-01 4.275551e-01 0.000000e+00
    outer loop
      vertex 77.9030 35.4306 0.0000
      vertex 78.7548 37.2315 4.0000
      vertex 78.7548 37.2315 0.0000
    endloop
  endfacet
  facet normal 0.000000e+00 0.000000e+00 -1.000000e+00
    outer loop
      vertex 83.1945 32.6023 0.0000
      vertex 77.9030 35.4306 0.0000
      vertex 78.7548 37.2315 0.0000
    endloop
  endfacet
  facet normal 0.000000e+00 0.000000e+00 -1.000000e+00
    outer loop
      vertex 83.1945 32.6023 0.0000
      vertex 78.7548 37.2315 0.0000
      vertex 84.2980 34.9354 0.0000
    endloop
  endfacet
  facet normal 0.000000e+00 -0.000000e+00 1.000000e+00
    outer loop
      vertex 83.1945 32.6023 4.0000
      vertex 84.2980 34.9354 4.0000
      vertex 78.7548 37.2315 4.0000
    endloop
  endfacet
  facet normal 0.000000e+00 0.000000e+00 1.000000e+00
    outer loop
      vertex 83.1945 32.6023 4.0000
      vertex 78.7548 37.2315 4.0000
      vertex 77.9030 35.4306 4.0000
    endloop
  endfacet
  facet normal 9.415441e-01 -3.368899e-01 0.000000e+00
    outer loop
      vertex 84.2980 34.9354 0.0000
      vertex 85.1675 37.3655 0.0000
      vertex 85.1675 37.3655 4.0000
    endloop
  endfacet
  facet normal 9.415441e-01 -3.368899e-01 0.000000e+00
    outer loop
      vertex 84.2980 34.9354 0.0000
      vertex 85.1675 37.3655 4.0000
      vertex 84.2980 34.9354 4.0000
    endloop
  endfacet
  facet normal -9.415441e-01 3.368899e-01 0.000000e+00
    outer loop
      vertex 78.7548 37.2315 0.0000
      vertex 78.7548 37.2315 4.0000
      vertex 79.4259 39.1072 4.0000
    endloop
  endfacet
  facet normal -9.415441e-01 3.368899e-01 0.000000e+00
    outer loop
      vertex 78.7548 37.2315 0.0000
      vertex 79.4259 39.1072 4.0000
      vertex 79.4259 39.1072 0.0000
    endloop
  endfacet
  facet normal 0.000000e+00 0.000000e+00 -1.000000e+00
    outer loop
      vertex 84.2980 34.9354 0.0000
      vertex 78.7548 37.2315 0.0000
      vertex 79.4259 39.1072 0.0000
    endloop
  endfacet
  facet normal 0.000000e+00 0.000000e+00 -1.000000e+00
    outer loop
      vertex 84.2980 34.9354 0.0000
      vertex 79.4259 39.1072 0.0000
      vertex 85.1675 37.3655 0.0000
    endloop
  endfacet
  facet normal 0.000000e+00 -0.000000e+00 1.000000e+00
    outer loop
      vertex 84.2980 34.9354 4.0000
      vertex 85.1675 37.3655 4.0000
      vertex 79.4259 39.1072 4.0000
    endloop
  endfacet
  facet normal 0.000000e+00 0.000000e+00 1.000000e+00
    outer loop
      vertex 84.2980 34.9354 4.0000
      vertex 79.4259 39.1072 4.0000
      vertex 78.7548 37.2315 4.0000
    endloop
  endfacet
  facet normal 9.700313e-01 -2.429802e-01 0.000000e+00
    outer loop
      vertex 85.1675 37.3655 0.0000
      vertex 85.7947 39.8691 0.0000
      vertex 85.7947 39.8691 4.0000
    endloop
  endfacet
  facet normal 9.700313e-01 -2.429802e-01 0.000000e+00
    outer loop
      vertex 85.1675 37.3655 0.0000
      vertex 85.7947 39.8691 4.0000
      vertex 85.1675 37.3655 4.0000
    endloop
  endfacet
  facet normal -9.700313e-01 2.429802e-01 0.000000e+00
    outer loop
      vertex 79.4259 39.1072 0.0000
      vertex 79.4259 39.1072 4.0000
      vertex 79.9099 41.0397 4.0000
    endloop
  endfacet
  facet normal -9.700313e-01 2.429802e-01 0.000000e+00
    outer loop
      vertex 79.4259 39.1072 0.0000
      vertex 79.9099 41.0397 4.0000
      vertex 79.9099 41.0397 0.0000
    endloop
  endfacet
  facet normal 0.000000e+00 0.000000e+00 -1.000000e+00
    outer loop
      vertex 85.1675 37.3655 0.0000
      vertex 79.4259 39.1072 0.0000
      vertex 79.9099 41.0397 0.0000
    endloop
  endfacet
  facet normal 0.000000e+00 0.000000e+00 -1.000000e+00
    outer loop
      vertex 85.1675 37.3655 0.0000
      vertex 79.9099 41.0397 0.0000
      vertex 85.7947 39.8691 0.0000
    endloop
  endfacet
  facet normal 0.000000e+00 -0.000000e+00 1.000000e+00
    outer loop
      vertex 85.1675 37.3655 4.0000
      vertex 85.7947 39.8691 4.0000
      vertex 79.9099 41.0397 4.0000
    endloop
  endfacet
  facet normal 0.000000e+00 0.000000e+00 1.000000e+00
    outer loop
      vertex 85.1675 37.3655 4.0000
      vertex 79.9099 41.0397 4.0000
      vertex 79.4259 39.1072 4.0000
    endloop
  endfacet
  facet normal 9.891765e-01 -1.467305e-01 0.000000e+00
    outer loop
      vertex 85.7947 39.8691 0.0000
      vertex 86.1734 42.4221 0.0000
      vertex 86.1734 42.4221 4.0000
    endloop
  endfacet
  facet normal 9.891765e-01 -1.467305e-01 0.000000e+00
    outer loop
      vertex 85.7947 39.8691 0.0000
      vertex 86.1734 42.4221 4.0000
      vertex 85.7947 39.8691 4.0000
    endloop
  endfacet
  facet normal -9.891765e-01 1.467305e-01 0.000000e+00
    outer loop
      vertex 79.9099 41.0397 0.0000
      vertex 79.9099 41.0397 4.0000
      vertex 80.2022 43.0103 4.0000
    endloop
  endfacet
  facet normal -9.891765e-01 1.467305e-01 0.000000e+00
    outer loop
      vertex 79.9099 41.0397 0.0000
      vertex 80.2022 43.0103 4.0000
      vertex 80.2022 43.0103 0.0000
    endloop
  endfacet
  facet normal 0.000000e+00 0.000000e+00 -1.000000e+00
    outer loop
      vertex 85.7947 39.8691 0.0000
      vertex 79.9099 41.0397 0.0000
      vertex 80.2022 43.0103 0.0000
    endloop
  endfacet
  facet normal 0.000000e+00 0.000000e+00 -1.000000e+00
    outer loop
      vertex 85.7947 39.8691 0.0000
      vertex 80.2022 43.0103 0.0000
      vertex 86.1734 42.4221 0.0000
    endloop
  endfacet
  facet normal 0.000000e+00 -0.000000e+00 1.000000e+00
    outer loop
      vertex 85.7947 39.8691 4.0000
      vertex 86.1734 42.4221 4.0000
      vertex 80.2022 43.0103 4.0000
    endloop
  endfacet
  facet normal 0.000000e+00 0.000000e+00 1.000000e+00
    outer loop
      vertex 85.7947 39.8691 4.0000
      vertex 80.2022 43.0103 4.0000
      vertex 79.9099 41.0397 4.0000
    endloop
  endfacet
  facet normal 9.987955e-01 -4.906767e-02 0.000000e+00
    outer loop
      vertex 86.1734 42.4221 0.0000
      vertex 86.3000 45.0000 0.0000
      vertex 86.3000 45.0000 4.0000
    endloop
  endfacet
  facet normal 9.987955e-01 -4.906767e-02 0.000000e+00
    outer loop
      vertex 86.1734 42.4221 0.0000
      vertex 86.3000 45.0000 4.0000
      vertex 86.1734 42.4221 4.0000
    endloop
  endfacet
  facet normal -9.987955e-01 4.906767e-02 0.000000e+00
    outer loop
      vertex 80.2022 43.0103 0.0000
      vertex 80.2022 43.0103 4.0000
      vertex 80.3000 45.0000 4.0000
    endloop
  endfacet
  facet normal -9.987955e-01 4.906767e-02 0.000000e+00
    outer loop
      vertex 80.2022 43.0103 0.0000
      vertex 80.3000 45.0000 4.0000
      vertex 80.3000 45.0000 0.0000
    endloop
  endfacet
  facet normal 0.000000e+00 0.000000e+00 -1.000000e+00
    outer loop
      vertex 86.1734 42.4221 0.0000
      vertex 80.2022 43.0103 0.0000
      vertex 80.3000 45.0000 0.0000
    endloop
  endfacet
  facet normal 0.000000e+00 0.000000e+00 -1.000000e+00
    outer loop
      vertex 86.1734 42.4221 0.0000
      vertex 80.3000 45.0000 0.0000
      vertex 86.3000 45.0000 0.0000
    endloop
  endfacet
  facet normal 0.000000e+00 -0.000000e+00 1.000000e+00
    outer loop
      vertex 86.1734 42.4221 4.0000
      vertex 86.3000 45.0000 4.0000
      vertex 80.3000 45.0000 4.0000
    endloop
  endfacet
  facet normal 0.000000e+00 0.000000e+00 1.000000e+00
    outer loop
      vertex 86.1734 42.4221 4.0000
      vertex 80.3000 45.0000 4.0000
      vertex 80.2022 43.0103 4.0000
    endloop
  endfacet
endsolid frame_socket220
solid frame_m3_bl
  facet normal 9.876883e-01 1.564345e-01 0.000000e+00
    outer loop
      vertex 17.9000 10.0000 0.0000
      vertex 17.5133 12.4412 0.0000
      vertex 17.5133 12.4412 4.0000
    endloop
  endfacet
  facet normal 9.876883e-01 1.564345e-01 -0.000000e+00
    outer loop
      vertex 17.9000 10.0000 0.0000
      vertex 17.5133 12.4412 4.0000
      vertex 17.9000 10.0000 4.0000
    endloop
  endfacet
  facet normal -9.876883e-01 -1.564345e-01 0.000000e+00
    outer loop
      vertex 11.9000 10.0000 0.0000
      vertex 11.9000 10.0000 4.0000
      vertex 11.8070 10.5871 4.0000
    endloop
  endfacet
  facet normal -9.876883e-01 -1.564345e-01 0.000000e+00
    outer loop
      vertex 11.9000 10.0000 0.0000
      vertex 11.8070 10.5871 4.0000
      vertex 11.8070 10.5871 0.0000
    endloop
  endfacet
  facet normal 0.000000e+00 0.000000e+00 -1.000000e+00
    outer loop
      vertex 17.9000 10.0000 0.0000
      vertex 11.9000 10.0000 0.0000
      vertex 11.8070 10.5871 0.0000
    endloop
  endfacet
  facet normal 0.000000e+00 0.000000e+00 -1.000000e+00
    outer loop
      vertex 17.9000 10.0000 0.0000
      vertex 11.8070 10.5871 0.0000
      vertex 17.5133 12.4412 0.0000
    endloop
  endfacet
  facet normal 0.000000e+00 0.000000e+00 1.000000e+00
    outer loop
      vertex 17.9000 10.0000 4.0000
      vertex 17.5133 12.4412 4.0000
      vertex 11.8070 10.5871 4.0000
    endloop
  endfacet
  facet normal 0.000000e+00 0.000000e+00 1.000000e+00
    outer loop
      vertex 17.9000 10.0000 4.0000
      vertex 11.8070 10.5871 4.0000
      vertex 11.9000 10.0000 4.0000
    endloop
  endfacet
  facet normal 8.910065e-01 4.539905e-01 0.000000e+00
    outer loop
      vertex 17.5133 12.4412 0.0000
      vertex 16.3912 14.6435 0.0000
      vertex 16.3912 14.6435 4.0000
    endloop
  endfacet
  facet normal 8.910065e-01 4.539905e-01 -0.000000e+00
    outer loop
      vertex 17.5133 12.4412 0.0000
      vertex 16.3912 14.6435 4.0000
      vertex 17.5133 12.4412 4.0000
    endloop
  endfacet
  facet normal -8.910065e-01 -4.539905e-01 0.000000e+00
    outer loop
      vertex 11.8070 10.5871 0.0000
      vertex 11.8070 10.5871 4.0000
      vertex 11.5371 11.1168 4.0000
    endloop
  endfacet
  facet normal -8.910065e-01 -4.539905e-01 0.000000e+00
    outer loop
      vertex 11.8070 10.5871 0.0000
      vertex 11.5371 11.1168 4.0000
      vertex 11.5371 11.1168 0.0000
    endloop
  endfacet
  facet normal 0.000000e+00 0.000000e+00 -1.000000e+00
    outer loop
      vertex 17.5133 12.4412 0.0000
      vertex 11.8070 10.5871 0.0000
      vertex 11.5371 11.1168 0.0000
    endloop
  endfacet
  facet normal -0.000000e+00 0.000000e+00 -1.000000e+00
    outer loop
      vertex 17.5133 12.4412 0.0000
      vertex 11.5371 11.1168 0.0000
      vertex 16.3912 14.6435 0.0000
    endloop
  endfacet
  facet normal 0.000000e+00 0.000000e+00 1.000000e+00
    outer loop
      vertex 17.5133 12.4412 4.0000
      vertex 16.3912 14.6435 4.0000
      vertex 11.5371 11.1168 4.0000
    endloop
  endfacet
  facet normal 0.000000e+00 0.000000e+00 1.000000e+00
    outer loop
      vertex 17.5133 12.4412 4.0000
      vertex 11.5371 11.1168 4.0000
      vertex 11.8070 10.5871 4.0000
    endloop
  endfacet
  facet normal 7.071068e-01 7.071068e-01 0.000000e+00
    outer loop
      vertex 16.3912 14.6435 0.0000
      vertex 14.6435 16.3912 0.0000
      vertex 14.6435 16.3912 4.0000
    endloop
  endfacet
  facet normal 7.071068e-01 7.071068e-01 -0.000000e+00
    outer loop
      vertex 16.3912 14.6435 0.0000
      vertex 14.6435 16.3912 4.0000
      vertex 16.3912 14.6435 4.0000
    endloop
  endfacet
  facet normal -7.071068e-01 -7.071068e-01 0.000000e+00
    outer loop
      vertex 11.5371 11.1168 0.0000
      vertex 11.5371 11.1168 4.0000
      vertex 11.1168 11.5371 4.0000
    endloop
  endfacet
  facet normal -7.071068e-01 -7.071068e-01 0.000000e+00
    outer loop
      vertex 11.5371 11.1168 0.0000
      vertex 11.1168 11.5371 4.0000
      vertex 11.1168 11.5371 0.0000
    endloop
  endfacet
  facet normal 0.000000e+00 0.000000e+00 -1.000000e+00
    outer loop
      vertex 16.3912 14.6435 0.0000
      vertex 11.5371 11.1168 0.0000
      vertex 11.1168 11.5371 0.0000
    endloop
  endfacet
  facet normal -0.000000e+00 0.000000e+00 -1.000000e+00
    outer loop
      vertex 16.3912 14.6435 0.0000
      vertex 11.1168 11.5371 0.0000
      vertex 14.6435 16.3912 0.0000
    endloop
  endfacet
  facet normal 0.000000e+00 0.000000e+00 1.000000e+00
    outer loop
      vertex 16.3912 14.6435 4.0000
      vertex 14.6435 16.3912 4.0000
      vertex 11.1168 11.5371 4.0000
    endloop
  endfacet
  facet normal 0.000000e+00 0.000000e+00 1.000000e+00
    outer loop
      vertex 16.3912 14.6435 4.0000
      vertex 11.1168 11.5371 4.0000
      vertex 11.5371 11.1168 4.0000
    endloop
  endfacet
  facet normal 4.539905e-01 8.910065e-01 0.000000e+00
    outer loop
      vertex 14.6435 16.3912 0.0000
      vertex 12.4412 17.5133 0.0000
      vertex 12.4412 17.5133 4.0000
    endloop
  endfacet
  facet normal 4.539905e-01 8.910065e-01 -0.000000e+00
    outer loop
      vertex 14.6435 16.3912 0.0000
      vertex 12.4412 17.5133 4.0000
      vertex 14.6435 16.3912 4.0000
    endloop
  endfacet
  facet normal -4.539905e-01 -8.910065e-01 0.000000e+00
    outer loop
      vertex 11.1168 11.5371 0.0000
      vertex 11.1168 11.5371 4.0000
      vertex 10.5871 11.8070 4.0000
    endloop
  endfacet
  facet normal -4.539905e-01 -8.910065e-01 0.000000e+00
    outer loop
      vertex 11.1168 11.5371 0.0000
      vertex 10.5871 11.8070 4.0000
      vertex 10.5871 11.8070 0.0000
    endloop
  endfacet
  facet normal 0.000000e+00 0.000000e+00 -1.000000e+00
    outer loop
      vertex 14.6435 16.3912 0.0000
      vertex 11.1168 11.5371 0.0000
      vertex 10.5871 11.8070 0.0000
    endloop
  endfacet
  facet normal -0.000000e+00 0.000000e+00 -1.000000e+00
    outer loop
      vertex 14.6435 16.3912 0.0000
      vertex 10.5871 11.8070 0.0000
      vertex 12.4412 17.5133 0.0000
    endloop
  endfacet
  facet normal 0.000000e+00 0.000000e+00 1.000000e+00
    outer loop
      vertex 14.6435 16.3912 4.0000
      vertex 12.4412 17.5133 4.0000
      vertex 10.5871 11.8070 4.0000
    endloop
  endfacet
  facet normal 0.000000e+00 0.000000e+00 1.000000e+00
    outer loop
      vertex 14.6435 16.3912 4.0000
      vertex 10.5871 11.8070 4.0000
      vertex 11.1168 11.5371 4.0000
    endloop
  endfacet
  facet normal 1.564345e-01 9.876883e-01 0.000000e+00
    outer loop
      vertex 12.4412 17.5133 0.0000
      vertex 10.0000 17.9000 0.0000
      vertex 10.0000 17.9000 4.0000
    endloop
  endfacet
  facet normal 1.564345e-01 9.876883e-01 -0.000000e+00
    outer loop
      vertex 12.4412 17.5133 0.0000
      vertex 10.0000 17.9000 4.0000
      vertex 12.4412 17.5133 4.0000
    endloop
  endfacet
  facet normal -1.564345e-01 -9.876883e-01 0.000000e+00
    outer loop
      vertex 10.5871 11.8070 0.0000
      vertex 10.5871 11.8070 4.0000
      vertex 10.0000 11.9000 4.0000
    endloop
  endfacet
  facet normal -1.564345e-01 -9.876883e-01 0.000000e+00
    outer loop
      vertex 10.5871 11.8070 0.0000
      vertex 10.0000 11.9000 4.0000
      vertex 10.0000 11.9000 0.0000
    endloop
  endfacet
  facet normal 0.000000e+00 0.000000e+00 -1.000000e+00
    outer loop
      vertex 12.4412 17.5133 0.0000
      vertex 10.5871 11.8070 0.0000
      vertex 10.0000 11.9000 0.0000
    endloop
  endfacet
  facet normal -0.000000e+00 0.000000e+00 -1.000000e+00
    outer loop
      vertex 12.4412 17.5133 0.0000
      vertex 10.0000 11.9000 0.0000
      vertex 10.0000 17.9000 0.0000
    endloop
  endfacet
  facet normal 0.000000e+00 0.000000e+00 1.000000e+00
    outer loop
      vertex 12.4412 17.5133 4.0000
      vertex 10.0000 17.9000 4.0000
      vertex 10.0000 11.9000 4.0000
    endloop
  endfacet
  facet normal 0.000000e+00 0.000000e+00 1.000000e+00
    outer loop
      vertex 12.4412 17.5133 4.0000
      vertex 10.0000 11.9000 4.0000
      vertex 10.5871 11.8070 4.0000
    endloop
  endfacet
  facet normal -1.564345e-01 9.876883e-01 0.000000e+00
    outer loop
      vertex 10.0000 17.9000 0.0000
      vertex 7.5588 17.5133 0.0000
      vertex 7.5588 17.5133 4.0000
    endloop
  endfacet
  facet normal -1.564345e-01 9.876883e-01 0.000000e+00
    outer loop
      vertex 10.0000 17.9000 0.0000
      vertex 7.5588 17.5133 4.0000
      vertex 10.0000 17.9000 4.0000
    endloop
  endfacet
  facet normal 1.564345e-01 -9.876883e-01 0.000000e+00
    outer loop
      vertex 10.0000 11.9000 0.0000
      vertex 10.0000 11.9000 4.0000
      vertex 9.4129 11.8070 4.0000
    endloop
  endfacet
  facet normal 1.564345e-01 -9.876883e-01 0.000000e+00
    outer loop
      vertex 10.0000 11.9000 0.0000
      vertex 9.4129 11.8070 4.0000
      vertex 9.4129 11.8070 0.0000
    endloop
  endfacet
  facet normal 0.000000e+00 -0.000000e+00 -1.000000e+00
    outer loop
      vertex 10.0000 17.9000 0.0000
      vertex 10.0000 11.9000 0.0000
      vertex 9.4129 11.8070 0.0000
    endloop
  endfacet
  facet normal 0.000000e+00 0.000000e+00 -1.000000e+00
    outer loop
      vertex 10.0000 17.9000 0.0000
      vertex 9.4129 11.8070 0.0000
      vertex 7.5588 17.5133 0.0000
    endloop
  endfacet
  facet normal 0.000000e+00 0.000000e+00 1.000000e+00
    outer loop
      vertex 10.0000 17.9000 4.0000
      vertex 7.5588 17.5133 4.0000
      vertex 9.4129 11.8070 4.0000
    endloop
  endfacet
  facet normal 0.000000e+00 0.000000e+00 1.000000e+00
    outer loop
      vertex 10.0000 17.9000 4.0000
      vertex 9.4129 11.8070 4.0000
      vertex 10.0000 11.9000 4.0000
    endloop
  endfacet
  facet normal -4.539905e-01 8.910065e-01 0.000000e+00
    outer loop
      vertex 7.5588 17.5133 0.0000
      vertex 5.3565 16.3912 0.0000
      vertex 5.3565 16.3912 4.0000
    endloop
  endfacet
  facet normal -4.539905e-01 8.910065e-01 0.000000e+00
    outer loop
      vertex 7.5588 17.5133 0.0000
      vertex 5.3565 16.3912 4.0000
      vertex 7.5588 17.5133 4.0000
    endloop
  endfacet
  facet normal 4.539905e-01 -8.910065e-01 0.000000e+00
    outer loop
      vertex 9.4129 11.8070 0.0000
      vertex 9.4129 11.8070 4.0000
      vertex 8.8832 11.5371 4.0000
    endloop
  endfacet
  facet normal 4.539905e-01 -8.910065e-01 0.000000e+00
    outer loop
      vertex 9.4129 11.8070 0.0000
      vertex 8.8832 11.5371 4.0000
      vertex 8.8832 11.5371 0.0000
    endloop
  endfacet
  facet normal 0.000000e+00 0.000000e+00 -1.000000e+00
    outer loop
      vertex 7.5588 17.5133 0.0000
      vertex 9.4129 11.8070 0.0000
      vertex 8.8832 11.5371 0.0000
    endloop
  endfacet
  facet normal 0.000000e+00 -0.000000e+00 -1.000000e+00
    outer loop
      vertex 7.5588 17.5133 0.0000
      vertex 8.8832 11.5371 0.0000
      vertex 5.3565 16.3912 0.0000
    endloop
  endfacet
  facet normal 0.000000e+00 0.000000e+00 1.000000e+00
    outer loop
      vertex 7.5588 17.5133 4.0000
      vertex 5.3565 16.3912 4.0000
      vertex 8.8832 11.5371 4.0000
    endloop
  endfacet
  facet normal 0.000000e+00 0.000000e+00 1.000000e+00
    outer loop
      vertex 7.5588 17.5133 4.0000
      vertex 8.8832 11.5371 4.0000
      vertex 9.4129 11.8070 4.0000
    endloop
  endfacet
  facet normal -7.071068e-01 7.071068e-01 0.000000e+00
    outer loop
      vertex 5.3565 16.3912 0.0000
      vertex 3.6088 14.6435 0.0000
      vertex 3.6088 14.6435 4.0000
    endloop
  endfacet
  facet normal -7.071068e-01 7.071068e-01 0.000000e+00
    outer loop
      vertex 5.3565 16.3912 0.0000
      vertex 3.6088 14.6435 4.0000
      vertex 5.3565 16.3912 4.0000
    endloop
  endfacet
  facet normal 7.071068e-01 -7.071068e-01 0.000000e+00
    outer loop
      vertex 8.8832 11.5371 0.0000
      vertex 8.8832 11.5371 4.0000
      vertex 8.4629 11.1168 4.0000
    endloop
  endfacet
  facet normal 7.071068e-01 -7.071068e-01 0.000000e+00
    outer loop
      vertex 8.8832 11.5371 0.0000
      vertex 8.4629 11.1168 4.0000
      vertex 8.4629 11.1168 0.0000
    endloop
  endfacet
  facet normal 0.000000e+00 0.000000e+00 -1.000000e+00
    outer loop
      vertex 5.3565 16.3912 0.0000
      vertex 8.8832 11.5371 0.0000
      vertex 8.4629 11.1168 0.0000
    endloop
  endfacet
  facet normal 0.000000e+00 -0.000000e+00 -1.000000e+00
    outer loop
      vertex 5.3565 16.3912 0.0000
      vertex 8.4629 11.1168 0.0000
      vertex 3.6088 14.6435 0.0000
    endloop
  endfacet
  facet normal 0.000000e+00 0.000000e+00 1.000000e+00
    outer loop
      vertex 5.3565 16.3912 4.0000
      vertex 3.6088 14.6435 4.0000
      vertex 8.4629 11.1168 4.0000
    endloop
  endfacet
  facet normal 0.000000e+00 0.000000e+00 1.000000e+00
    outer loop
      vertex 5.3565 16.3912 4.0000
      vertex 8.4629 11.1168 4.0000
      vertex 8.8832 11.5371 4.0000
    endloop
  endfacet
  facet normal -8.910065e-01 4.539905e-01 0.000000e+00
    outer loop
      vertex 3.6088 14.6435 0.0000
      vertex 2.4867 12.4412 0.0000
      vertex 2.4867 12.4412 4.0000
    endloop
  endfacet
  facet normal -8.910065e-01 4.539905e-01 0.000000e+00
    outer loop
      vertex 3.6088 14.6435 0.0000
      vertex 2.4867 12.4412 4.0000
      vertex 3.6088 14.6435 4.0000
    endloop
  endfacet
  facet normal 8.910065e-01 -4.539905e-01 0.000000e+00
    outer loop
      vertex 8.4629 11.1168 0.0000
      vertex 8.4629 11.1168 4.0000
      vertex 8.1930 10.5871 4.0000
    endloop
  endfacet
  facet normal 8.910065e-01 -4.539905e-01 0.000000e+00
    outer loop
      vertex 8.4629 11.1168 0.0000
      vertex 8.1930 10.5871 4.0000
      vertex 8.1930 10.5871 0.0000
    endloop
  endfacet
  facet normal 0.000000e+00 0.000000e+00 -1.000000e+00
    outer loop
      vertex 3.6088 14.6435 0.0000
      vertex 8.4629 11.1168 0.0000
      vertex 8.1930 10.5871 0.0000
    endloop
  endfacet
  facet normal 0.000000e+00 -0.000000e+00 -1.000000e+00
    outer loop
      vertex 3.6088 14.6435 0.0000
      vertex 8.1930 10.5871 0.0000
      vertex 2.4867 12.4412 0.0000
    endloop
  endfacet
  facet normal 0.000000e+00 0.000000e+00 1.000000e+00
    outer loop
      vertex 3.6088 14.6435 4.0000
      vertex 2.4867 12.4412 4.0000
      vertex 8.1930 10.5871 4.0000
    endloop
  endfacet
  facet normal 0.000000e+00 0.000000e+00 1.000000e+00
    outer loop
      vertex 3.6088 14.6435 4.0000
      vertex 8.1930 10.5871 4.0000
      vertex 8.4629 11.1168 4.0000
    endloop
  endfacet
  facet normal -9.876883e-01 1.564345e-01 0.000000e+00
    outer loop
      vertex 2.4867 12.4412 0.0000
      vertex 2.1000 10.0000 0.0000
      vertex 2.1000 10.0000 4.0000
    endloop
  endfacet
  facet normal -9.876883e-01 1.564345e-01 0.000000e+00
    outer loop
      vertex 2.4867 12.4412 0.0000
      vertex 2.1000 10.0000 4.0000
      vertex 2.4867 12.4412 4.0000
    endloop
  endfacet
  facet normal 9.876883e-01 -1.564345e-01 0.000000e+00
    outer loop
      vertex 8.1930 10.5871 0.0000
      vertex 8.1930 10.5871 4.0000
      vertex 8.1000 10.0000 4.0000
    endloop
  endfacet
  facet normal 9.876883e-01 -1.564345e-01 0.000000e+00
    outer loop
      vertex 8.1930 10.5871 0.0000
      vertex 8.1000 10.0000 4.0000
      vertex 8.1000 10.0000 0.0000
    endloop
  endfacet
  facet normal 0.000000e+00 0.000000e+00 -1.000000e+00
    outer loop
      vertex 2.4867 12.4412 0.0000
      vertex 8.1930 10.5871 0.0000
      vertex 8.1000 10.0000 0.0000
    endloop
  endfacet
  facet normal 0.000000e+00 -0.000000e+00 -1.000000e+00
    outer loop
      vertex 2.4867 12.4412 0.0000
      vertex 8.1000 10.0000 0.0000
      vertex 2.1000 10.0000 0.0000
    endloop
  endfacet
  facet normal 0.000000e+00 0.000000e+00 1.000000e+00
    outer loop
      vertex 2.4867 12.4412 4.0000
      vertex 2.1000 10.0000 4.0000
      vertex 8.1000 10.0000 4.0000
    endloop
  endfacet
  facet normal 0.000000e+00 0.000000e+00 1.000000e+00
    outer loop
      vertex 2.4867 12.4412 4.0000
      vertex 8.1000 10.0000 4.0000
      vertex 8.1930 10.5871 4.0000
    endloop
  endfacet
  facet normal -9.876883e-01 -1.564345e-01 0.000000e+00
    outer loop
      vertex 2.1000 10.0000 0.0000
      vertex 2.4867 7.5588 0.0000
      vertex 2.4867 7.5588 4.0000
    endloop
  endfacet
  facet normal -9.876883e-01 -1.564345e-01 0.000000e+00
    outer loop
      vertex 2.1000 10.0000 0.0000
      vertex 2.4867 7.5588 4.0000
      vertex 2.1000 10.0000 4.0000
    endloop
  endfacet
  facet normal 9.876883e-01 1.564345e-01 -0.000000e+00
    outer loop
      vertex 8.1000 10.0000 0.0000
      vertex 8.1000 10.0000 4.0000
      vertex 8.1930 9.4129 4.0000
    endloop
  endfacet
  facet normal 9.876883e-01 1.564345e-01 0.000000e+00
    outer loop
      vertex 8.1000 10.0000 0.0000
      vertex 8.1930 9.4129 4.0000
      vertex 8.1930 9.4129 0.0000
    endloop
  endfacet
  facet normal 0.000000e+00 0.000000e+00 -1.000000e+00
    outer loop
      vertex 2.1000 10.0000 0.0000
      vertex 8.1000 10.0000 0.0000
      vertex 8.1930 9.4129 0.0000
    endloop
  endfacet
  facet normal 0.000000e+00 0.000000e+00 -1.000000e+00
    outer loop
      vertex 2.1000 10.0000 0.0000
      vertex 8.1930 9.4129 0.0000
      vertex 2.4867 7.5588 0.0000
    endloop
  endfacet
  facet normal 0.000000e+00 0.000000e+00 1.000000e+00
    outer loop
      vertex 2.1000 10.0000 4.0000
      vertex 2.4867 7.5588 4.0000
      vertex 8.1930 9.4129 4.0000
    endloop
  endfacet
  facet normal 0.000000e+00 0.000000e+00 1.000000e+00
    outer loop
      vertex 2.1000 10.0000 4.0000
      vertex 8.1930 9.4129 4.0000
      vertex 8.1000 10.0000 4.0000
    endloop
  endfacet
  facet normal -8.910065e-01 -4.539905e-01 0.000000e+00
    outer loop
      vertex 2.4867 7.5588 0.0000
      vertex 3.6088 5.3565 0.0000
      vertex 3.6088 5.3565 4.0000
    endloop
  endfacet
  facet normal -8.910065e-01 -4.539905e-01 0.000000e+00
    outer loop
      vertex 2.4867 7.5588 0.0000
      vertex 3.6088 5.3565 4.0000
      vertex 2.4867 7.5588 4.0000
    endloop
  endfacet
  facet normal 8.910065e-01 4.539905e-01 -0.000000e+00
    outer loop
      vertex 8.1930 9.4129 0.0000
      vertex 8.1930 9.4129 4.0000
      vertex 8.4629 8.8832 4.0000
    endloop
  endfacet
  facet normal 8.910065e-01 4.539905e-01 0.000000e+00
    outer loop
      vertex 8.1930 9.4129 0.0000
      vertex 8.4629 8.8832 4.0000
      vertex 8.4629 8.8832 0.0000
    endloop
  endfacet
  facet normal 0.000000e+00 0.000000e+00 -1.000000e+00
    outer loop
      vertex 2.4867 7.5588 0.0000
      vertex 8.1930 9.4129 0.0000
      vertex 8.4629 8.8832 0.0000
    endloop
  endfacet
  facet normal 0.000000e+00 0.000000e+00 -1.000000e+00
    outer loop
      vertex 2.4867 7.5588 0.0000
      vertex 8.4629 8.8832 0.0000
      vertex 3.6088 5.3565 0.0000
    endloop
  endfacet
  facet normal -0.000000e+00 0.000000e+00 1.000000e+00
    outer loop
      vertex 2.4867 7.5588 4.0000
      vertex 3.6088 5.3565 4.0000
      vertex 8.4629 8.8832 4.0000
    endloop
  endfacet
  facet normal 0.000000e+00 0.000000e+00 1.000000e+00
    outer loop
      vertex 2.4867 7.5588 4.0000
      vertex 8.4629 8.8832 4.0000
      vertex 8.1930 9.4129 4.0000
    endloop
  endfacet
  facet normal -7.071068e-01 -7.071068e-01 0.000000e+00
    outer loop
      vertex 3.6088 5.3565 0.0000
      vertex 5.3565 3.6088 0.0000
      vertex 5.3565 3.6088 4.0000
    endloop
  endfacet
  facet normal -7.071068e-01 -7.071068e-01 0.000000e+00
    outer loop
      vertex 3.6088 5.3565 0.0000
      vertex 5.3565 3.6088 4.0000
      vertex 3.6088 5.3565 4.0000
    endloop
  endfacet
  facet normal 7.071068e-01 7.071068e-01 -0.000000e+00
    outer loop
      vertex 8.4629 8.8832 0.0000
      vertex 8.4629 8.8832 4.0000
      vertex 8.8832 8.4629 4.0000
    endloop
  endfacet
  facet normal 7.071068e-01 7.071068e-01 0.000000e+00
    outer loop
      vertex 8.4629 8.8832 0.0000
      vertex 8.8832 8.4629 4.0000
      vertex 8.8832 8.4629 0.0000
    endloop
  endfacet
  facet normal 0.000000e+00 0.000000e+00 -1.000000e+00
    outer loop
      vertex 3.6088 5.3565 0.0000
      vertex 8.4629 8.8832 0.0000
      vertex 8.8832 8.4629 0.0000
    endloop
  endfacet
  facet normal 0.000000e+00 0.000000e+00 -1.000000e+00
    outer loop
      vertex 3.6088 5.3565 0.0000
      vertex 8.8832 8.4629 0.0000
      vertex 5.3565 3.6088 0.0000
    endloop
  endfacet
  facet normal -0.000000e+00 0.000000e+00 1.000000e+00
    outer loop
      vertex 3.6088 5.3565 4.0000
      vertex 5.3565 3.6088 4.0000
      vertex 8.8832 8.4629 4.0000
    endloop
  endfacet
  facet normal 0.000000e+00 0.000000e+00 1.000000e+00
    outer loop
      vertex 3.6088 5.3565 4.0000
      vertex 8.8832 8.4629 4.0000
      vertex 8.4629 8.8832 4.0000
    endloop
  endfacet
  facet normal -4.539905e-01 -8.910065e-01 0.000000e+00
    outer loop
      vertex 5.3565 3.6088 0.0000
      vertex 7.5588 2.4867 0.0000
      vertex 7.5588 2.4867 4.0000
    endloop
  endfacet
  facet normal -4.539905e-01 -8.910065e-01 0.000000e+00
    outer loop
      vertex 5.3565 3.6088 0.0000
      vertex 7.5588 2.4867 4.0000
      vertex 5.3565 3.6088 4.0000
    endloop
  endfacet
  facet normal 4.539905e-01 8.910065e-01 -0.000000e+00
    outer loop
      vertex 8.8832 8.4629 0.0000
      vertex 8.8832 8.4629 4.0000
      vertex 9.4129 8.1930 4.0000
    endloop
  endfacet
  facet normal 4.539905e-01 8.910065e-01 0.000000e+00
    outer loop
      vertex 8.8832 8.4629 0.0000
      vertex 9.4129 8.1930 4.0000
      vertex 9.4129 8.1930 0.0000
    endloop
  endfacet
  facet normal 0.000000e+00 0.000000e+00 -1.000000e+00
    outer loop
      vertex 5.3565 3.6088 0.0000
      vertex 8.8832 8.4629 0.0000
      vertex 9.4129 8.1930 0.0000
    endloop
  endfacet
  facet normal 0.000000e+00 0.000000e+00 -1.000000e+00
    outer loop
      vertex 5.3565 3.6088 0.0000
      vertex 9.4129 8.1930 0.0000
      vertex 7.5588 2.4867 0.0000
    endloop
  endfacet
  facet normal -0.000000e+00 0.000000e+00 1.000000e+00
    outer loop
      vertex 5.3565 3.6088 4.0000
      vertex 7.5588 2.4867 4.0000
      vertex 9.4129 8.1930 4.0000
    endloop
  endfacet
  facet normal 0.000000e+00 0.000000e+00 1.000000e+00
    outer loop
      vertex 5.3565 3.6088 4.0000
      vertex 9.4129 8.1930 4.0000
      vertex 8.8832 8.4629 4.0000
    endloop
  endfacet
  facet normal -1.564345e-01 -9.876883e-01 0.000000e+00
    outer loop
      vertex 7.5588 2.4867 0.0000
      vertex 10.0000 2.1000 0.0000
      vertex 10.0000 2.1000 4.0000
    endloop
  endfacet
  facet normal -1.564345e-01 -9.876883e-01 0.000000e+00
    outer loop
      vertex 7.5588 2.4867 0.0000
      vertex 10.0000 2.1000 4.0000
      vertex 7.5588 2.4867 4.0000
    endloop
  endfacet
  facet normal 1.564345e-01 9.876883e-01 -0.000000e+00
    outer loop
      vertex 9.4129 8.1930 0.0000
      vertex 9.4129 8.1930 4.0000
      vertex 10.0000 8.1000 4.0000
    endloop
  endfacet
  facet normal 1.564345e-01 9.876883e-01 0.000000e+00
    outer loop
      vertex 9.4129 8.1930 0.0000
      vertex 10.0000 8.1000 4.0000
      vertex 10.0000 8.1000 0.0000
    endloop
  endfacet
  facet normal 0.000000e+00 0.000000e+00 -1.000000e+00
    outer loop
      vertex 7.5588 2.4867 0.0000
      vertex 9.4129 8.1930 0.0000
      vertex 10.0000 8.1000 0.0000
    endloop
  endfacet
  facet normal 0.000000e+00 0.000000e+00 -1.000000e+00
    outer loop
      vertex 7.5588 2.4867 0.0000
      vertex 10.0000 8.1000 0.0000
      vertex 10.0000 2.1000 0.0000
    endloop
  endfacet
  facet normal -0.000000e+00 0.000000e+00 1.000000e+00
    outer loop
      vertex 7.5588 2.4867 4.0000
      vertex 10.0000 2.1000 4.0000
      vertex 10.0000 8.1000 4.0000
    endloop
  endfacet
  facet normal 0.000000e+00 0.000000e+00 1.000000e+00
    outer loop
      vertex 7.5588 2.4867 4.0000
      vertex 10.0000 8.1000 4.0000
      vertex 9.4129 8.1930 4.0000
    endloop
  endfacet
  facet normal 1.564345e-01 -9.876883e-01 0.000000e+00
    outer loop
      vertex 10.0000 2.1000 0.0000
      vertex 12.4412 2.4867 0.0000
      vertex 12.4412 2.4867 4.0000
    endloop
  endfacet
  facet normal 1.564345e-01 -9.876883e-01 0.000000e+00
    outer loop
      vertex 10.0000 2.1000 0.0000
      vertex 12.4412 2.4867 4.0000
      vertex 10.0000 2.1000 4.0000
    endloop
  endfacet
  facet normal -1.564345e-01 9.876883e-01 0.000000e+00
    outer loop
      vertex 10.0000 8.1000 0.0000
      vertex 10.0000 8.1000 4.0000
      vertex 10.5871 8.1930 4.0000
    endloop
  endfacet
  facet normal -1.564345e-01 9.876883e-01 0.000000e+00
    outer loop
      vertex 10.0000 8.1000 0.0000
      vertex 10.5871 8.1930 4.0000
      vertex 10.5871 8.1930 0.0000
    endloop
  endfacet
  facet normal 0.000000e+00 0.000000e+00 -1.000000e+00
    outer loop
      vertex 10.0000 2.1000 0.0000
      vertex 10.0000 8.1000 0.0000
      vertex 10.5871 8.1930 0.0000
    endloop
  endfacet
  facet normal 0.000000e+00 0.000000e+00 -1.000000e+00
    outer loop
      vertex 10.0000 2.1000 0.0000
      vertex 10.5871 8.1930 0.0000
      vertex 12.4412 2.4867 0.0000
    endloop
  endfacet
  facet normal 0.000000e+00 0.000000e+00 1.000000e+00
    outer loop
      vertex 10.0000 2.1000 4.0000
      vertex 12.4412 2.4867 4.0000
      vertex 10.5871 8.1930 4.0000
    endloop
  endfacet
  facet normal 0.000000e+00 0.000000e+00 1.000000e+00
    outer loop
      vertex 10.0000 2.1000 4.0000
      vertex 10.5871 8.1930 4.0000
      vertex 10.0000 8.1000 4.0000
    endloop
  endfacet
  facet normal 4.539905e-01 -8.910065e-01 0.000000e+00
    outer loop
      vertex 12.4412 2.4867 0.0000
      vertex 14.6435 3.6088 0.0000
      vertex 14.6435 3.6088 4.0000
    endloop
  endfacet
  facet normal 4.539905e-01 -8.910065e-01 0.000000e+00
    outer loop
      vertex 12.4412 2.4867 0.0000
      vertex 14.6435 3.6088 4.0000
      vertex 12.4412 2.4867 4.0000
    endloop
  endfacet
  facet normal -4.539905e-01 8.910065e-01 0.000000e+00
    outer loop
      vertex 10.5871 8.1930 0.0000
      vertex 10.5871 8.1930 4.0000
      vertex 11.1168 8.4629 4.0000
    endloop
  endfacet
  facet normal -4.539905e-01 8.910065e-01 0.000000e+00
    outer loop
      vertex 10.5871 8.1930 0.0000
      vertex 11.1168 8.4629 4.0000
      vertex 11.1168 8.4629 0.0000
    endloop
  endfacet
  facet normal 0.000000e+00 0.000000e+00 -1.000000e+00
    outer loop
      vertex 12.4412 2.4867 0.0000
      vertex 10.5871 8.1930 0.0000
      vertex 11.1168 8.4629 0.0000
    endloop
  endfacet
  facet normal 0.000000e+00 0.000000e+00 -1.000000e+00
    outer loop
      vertex 12.4412 2.4867 0.0000
      vertex 11.1168 8.4629 0.0000
      vertex 14.6435 3.6088 0.0000
    endloop
  endfacet
  facet normal 0.000000e+00 -0.000000e+00 1.000000e+00
    outer loop
      vertex 12.4412 2.4867 4.0000
      vertex 14.6435 3.6088 4.0000
      vertex 11.1168 8.4629 4.0000
    endloop
  endfacet
  facet normal 0.000000e+00 0.000000e+00 1.000000e+00
    outer loop
      vertex 12.4412 2.4867 4.0000
      vertex 11.1168 8.4629 4.0000
      vertex 10.5871 8.1930 4.0000
    endloop
  endfacet
  facet normal 7.071068e-01 -7.071068e-01 0.000000e+00
    outer loop
      vertex 14.6435 3.6088 0.0000
      vertex 16.3912 5.3565 0.0000
      vertex 16.3912 5.3565 4.0000
    endloop
  endfacet
  facet normal 7.071068e-01 -7.071068e-01 0.000000e+00
    outer loop
      vertex 14.6435 3.6088 0.0000
      vertex 16.3912 5.3565 4.0000
      vertex 14.6435 3.6088 4.0000
    endloop
  endfacet
  facet normal -7.071068e-01 7.071068e-01 0.000000e+00
    outer loop
      vertex 11.1168 8.4629 0.0000
      vertex 11.1168 8.4629 4.0000
      vertex 11.5371 8.8832 4.0000
    endloop
  endfacet
  facet normal -7.071068e-01 7.071068e-01 0.000000e+00
    outer loop
      vertex 11.1168 8.4629 0.0000
      vertex 11.5371 8.8832 4.0000
      vertex 11.5371 8.8832 0.0000
    endloop
  endfacet
  facet normal 0.000000e+00 0.000000e+00 -1.000000e+00
    outer loop
      vertex 14.6435 3.6088 0.0000
      vertex 11.1168 8.4629 0.0000
      vertex 11.5371 8.8832 0.0000
    endloop
  endfacet
  facet normal 0.000000e+00 0.000000e+00 -1.000000e+00
    outer loop
      vertex 14.6435 3.6088 0.0000
      vertex 11.5371 8.8832 0.0000
      vertex 16.3912 5.3565 0.0000
    endloop
  endfacet
  facet normal 0.000000e+00 -0.000000e+00 1.000000e+00
    outer loop
      vertex 14.6435 3.6088 4.0000
      vertex 16.3912 5.3565 4.0000
      vertex 11.5371 8.8832 4.0000
    endloop
  endfacet
  facet normal 0.000000e+00 0.000000e+00 1.000000e+00
    outer loop
      vertex 14.6435 3.6088 4.0000
      vertex 11.5371 8.8832 4.0000
      vertex 11.1168 8.4629 4.0000
    endloop
  endfacet
  facet normal 8.910065e-01 -4.539905e-01 0.000000e+00
    outer loop
      vertex 16.3912 5.3565 0.0000
      vertex 17.5133 7.5588 0.0000
      vertex 17.5133 7.5588 4.0000
    endloop
  endfacet
  facet normal 8.910065e-01 -4.539905e-01 0.000000e+00
    outer loop
      vertex 16.3912 5.3565 0.0000
      vertex 17.5133 7.5588 4.0000
      vertex 16.3912 5.3565 4.0000
    endloop
  endfacet
  facet normal -8.910065e-01 4.539905e-01 0.000000e+00
    outer loop
      vertex 11.5371 8.8832 0.0000
      vertex 11.5371 8.8832 4.0000
      vertex 11.8070 9.4129 4.0000
    endloop
  endfacet
  facet normal -8.910065e-01 4.539905e-01 0.000000e+00
    outer loop
      vertex 11.5371 8.8832 0.0000
      vertex 11.8070 9.4129 4.0000
      vertex 11.8070 9.4129 0.0000
    endloop
  endfacet
  facet normal 0.000000e+00 0.000000e+00 -1.000000e+00
    outer loop
      vertex 16.3912 5.3565 0.0000
      vertex 11.5371 8.8832 0.0000
      vertex 11.8070 9.4129 0.0000
    endloop
  endfacet
  facet normal 0.000000e+00 0.000000e+00 -1.000000e+00
    outer loop
      vertex 16.3912 5.3565 0.0000
      vertex 11.8070 9.4129 0.0000
      vertex 17.5133 7.5588 0.0000
    endloop
  endfacet
  facet normal 0.000000e+00 -0.000000e+00 1.000000e+00
    outer loop
      vertex 16.3912 5.3565 4.0000
      vertex 17.5133 7.5588 4.0000
      vertex 11.8070 9.4129 4.0000
    endloop
  endfacet
  facet normal 0.000000e+00 0.000000e+00 1.000000e+00
    outer loop
      vertex 16.3912 5.3565 4.0000
      vertex 11.8070 9.4129 4.0000
      vertex 11.5371 8.8832 4.0000
    endloop
  endfacet
  facet normal 9.876883e-01 -1.564345e-01 0.000000e+00
    outer loop
      vertex 17.5133 7.5588 0.0000
      vertex 17.9000 10.0000 0.0000
      vertex 17.9000 10.0000 4.0000
    endloop
  endfacet
  facet normal 9.876883e-01 -1.564345e-01 0.000000e+00
    outer loop
      vertex 17.5133 7.5588 0.0000
      vertex 17.9000 10.0000 4.0000
      vertex 17.5133 7.5588 4.0000
    endloop
  endfacet
  facet normal -9.876883e-01 1.564345e-01 0.000000e+00
    outer loop
      vertex 11.8070 9.4129 0.0000
      vertex 11.8070 9.4129 4.0000
      vertex 11.9000 10.0000 4.0000
    endloop
  endfacet
  facet normal -9.876883e-01 1.564345e-01 0.000000e+00
    outer loop
      vertex 11.8070 9.4129 0.0000
      vertex 11.9000 10.0000 4.0000
      vertex 11.9000 10.0000 0.0000
    endloop
  endfacet
  facet normal 0.000000e+00 0.000000e+00 -1.000000e+00
    outer loop
      vertex 17.5133 7.5588 0.0000
      vertex 11.8070 9.4129 0.0000
      vertex 11.9000 10.0000 0.0000
    endloop
  endfacet
  facet normal 0.000000e+00 0.000000e+00 -1.000000e+00
    outer loop
      vertex 17.5133 7.5588 0.0000
      vertex 11.9000 10.0000 0.0000
      vertex 17.9000 10.0000 0.0000
    endloop
  endfacet
  facet normal 0.000000e+00 -0.000000e+00 1.000000e+00
    outer loop
      vertex 17.5133 7.5588 4.0000
      vertex 17.9000 10.0000 4.0000
      vertex 11.9000 10.0000 4.0000
    endloop
  endfacet
  facet normal 0.000000e+00 0.000000e+00 1.000000e+00
    outer loop
      vertex 17.5133 7.5588 4.0000
      vertex 11.9000 10.0000 4.0000
      vertex 11.8070 9.4129 4.0000
    endloop
  endfacet
endsolid frame_m3_bl
solid frame_m3_br
  facet normal 9.876883e-01 1.564345e-01 0.000000e+00
    outer loop
      vertex 197.9000 10.0000 0.0000
      vertex 197.5133 12.4412 0.0000
      vertex 197.5133 12.4412 4.0000
    endloop
  endfacet
  facet normal 9.876883e-01 1.564345e-01 -0.000000e+00
    outer loop
      vertex 197.9000 10.0000 0.0000
      vertex 197.5133 12.4412 4.0000
      vertex 197.9000 10.0000 4.0000
    endloop
  endfacet
  facet normal -9.876883e-01 -1.564345e-01 0.000000e+00
    outer loop
      vertex 191.9000 10.0000 0.0000
      vertex 191.9000 10.0000 4.0000
      vertex 191.8070 10.5871 4.0000
    endloop
  endfacet
  facet normal -9.876883e-01 -1.564345e-01 0.000000e+00
    outer loop
      vertex 191.9000 10.0000 0.0000
      vertex 191.8070 10.5871 4.0000
      vertex 191.8070 10.5871 0.0000
    endloop
  endfacet
  facet normal 0.000000e+00 0.000000e+00 -1.000000e+00
    outer loop
      vertex 197.9000 10.0000 0.0000
      vertex 191.9000 10.0000 0.0000
      vertex 191.8070 10.5871 0.0000
    endloop
  endfacet
  facet normal 0.000000e+00 0.000000e+00 -1.000000e+00
    outer loop
      vertex 197.9000 10.0000 0.0000
      vertex 191.8070 10.5871 0.0000
      vertex 197.5133 12.4412 0.0000
    endloop
  endfacet
  facet normal 0.000000e+00 0.000000e+00 1.000000e+00
    outer loop
      vertex 197.9000 10.0000 4.0000
      vertex 197.5133 12.4412 4.0000
      vertex 191.8070 10.5871 4.0000
    endloop
  endfacet
  facet normal 0.000000e+00 0.000000e+00 1.000000e+00
    outer loop
      vertex 197.9000 10.0000 4.0000
      vertex 191.8070 10.5871 4.0000
      vertex 191.9000 10.0000 4.0000
    endloop
  endfacet
  facet normal 8.910065e-01 4.539905e-01 0.000000e+00
    outer loop
      vertex 197.5133 12.4412 0.0000
      vertex 196.3912 14.6435 0.0000
      vertex 196.3912 14.6435 4.0000
    endloop
  endfacet
  facet normal 8.910065e-01 4.539905e-01 -0.000000e+00
    outer loop
      vertex 197.5133 12.4412 0.0000
      vertex 196.3912 14.6435 4.0000
      vertex 197.5133 12.4412 4.0000
    endloop
  endfacet
  facet normal -8.910065e-01 -4.539905e-01 0.000000e+00
    outer loop
      vertex 191.8070 10.5871 0.0000
      vertex 191.8070 10.5871 4.0000
      vertex 191.5371 11.1168 4.0000
    endloop
  endfacet
  facet normal -8.910065e-01 -4.539905e-01 0.000000e+00
    outer loop
      vertex 191.8070 10.5871 0.0000
      vertex 191.5371 11.1168 4.0000
      vertex 191.5371 11.1168 0.0000
    endloop
  endfacet
  facet normal 0.000000e+00 0.000000e+00 -1.000000e+00
    outer loop
      vertex 197.5133 12.4412 0.0000
      vertex 191.8070 10.5871 0.0000
      vertex 191.5371 11.1168 0.0000
    endloop
  endfacet
  facet normal -0.000000e+00 0.000000e+00 -1.000000e+00
    outer loop
      vertex 197.5133 12.4412 0.0000
      vertex 191.5371 11.1168 0.0000
      vertex 196.3912 14.6435 0.0000
    endloop
  endfacet
  facet normal 0.000000e+00 0.000000e+00 1.000000e+00
    outer loop
      vertex 197.5133 12.4412 4.0000
      vertex 196.3912 14.6435 4.0000
      vertex 191.5371 11.1168 4.0000
    endloop
  endfacet
  facet normal 0.000000e+00 0.000000e+00 1.000000e+00
    outer loop
      vertex 197.5133 12.4412 4.0000
      vertex 191.5371 11.1168 4.0000
      vertex 191.8070 10.5871 4.0000
    endloop
  endfacet
  facet normal 7.071068e-01 7.071068e-01 0.000000e+00
    outer loop
      vertex 196.3912 14.6435 0.0000
      vertex 194.6435 16.3912 0.0000
      vertex 194.6435 16.3912 4.0000
    endloop
  endfacet
  facet normal 7.071068e-01 7.071068e-01 -0.000000e+00
    outer loop
      vertex 196.3912 14.6435 0.0000
      vertex 194.6435 16.3912 4.0000
      vertex 196.3912 14.6435 4.0000
    endloop
  endfacet
  facet normal -7.071068e-01 -7.071068e-01 0.000000e+00
    outer loop
      vertex 191.5371 11.1168 0.0000
      vertex 191.5371 11.1168 4.0000
      vertex 191.1168 11.5371 4.0000
    endloop
  endfacet
  facet normal -7.071068e-01 -7.071068e-01 0.000000e+00
    outer loop
      vertex 191.5371 11.1168 0.0000
      vertex 191.1168 11.5371 4.0000
      vertex 191.1168 11.5371 0.0000
    endloop
  endfacet
  facet normal 0.000000e+00 0.000000e+00 -1.000000e+00
    outer loop
      vertex 196.3912 14.6435 0.0000
      vertex 191.5371 11.1168 0.0000
      vertex 191.1168 11.5371 0.0000
    endloop
  endfacet
  facet normal -0.000000e+00 0.000000e+00 -1.000000e+00
    outer loop
      vertex 196.3912 14.6435 0.0000
      vertex 191.1168 11.5371 0.0000
      vertex 194.6435 16.3912 0.0000
    endloop
  endfacet
  facet normal 0.000000e+00 0.000000e+00 1.000000e+00
    outer loop
      vertex 196.3912 14.6435 4.0000
      vertex 194.6435 16.3912 4.0000
      vertex 191.1168 11.5371 4.0000
    endloop
  endfacet
  facet normal 0.000000e+00 0.000000e+00 1.000000e+00
    outer loop
      vertex 196.3912 14.6435 4.0000
      vertex 191.1168 11.5371 4.0000
      vertex 191.5371 11.1168 4.0000
    endloop
  endfacet
  facet normal 4.539905e-01 8.910065e-01 0.000000e+00
    outer loop
      vertex 194.6435 16.3912 0.0000
      vertex 192.4412 17.5133 0.0000
      vertex 192.4412 17.5133 4.0000
    endloop
  endfacet
  facet normal 4.539905e-01 8.910065e-01 -0.000000e+00
    outer loop
      vertex 194.6435 16.3912 0.0000
      vertex 192.4412 17.5133 4.0000
      vertex 194.6435 16.3912 4.0000
    endloop
  endfacet
  facet normal -4.539905e-01 -8.910065e-01 0.000000e+00
    outer loop
      vertex 191.1168 11.5371 0.0000
      vertex 191.1168 11.5371 4.0000
      vertex 190.5871 11.8070 4.0000
    endloop
  endfacet
  facet normal -4.539905e-01 -8.910065e-01 0.000000e+00
    outer loop
      vertex 191.1168 11.5371 0.0000
      vertex 190.5871 11.8070 4.0000
      vertex 190.5871 11.8070 0.0000
    endloop
  endfacet
  facet normal 0.000000e+00 0.000000e+00 -1.000000e+00
    outer loop
      vertex 194.6435 16.3912 0.0000
      vertex 191.1168 11.5371 0.0000
      vertex 190.5871 11.8070 0.0000
    endloop
  endfacet
  facet normal -0.000000e+00 0.000000e+00 -1.000000e+00
    outer loop
      vertex 194.6435 16.3912 0.0000
      vertex 190.5871 11.8070 0.0000
      vertex 192.4412 17.5133 0.0000
    endloop
  endfacet
  facet normal 0.000000e+00 0.000000e+00 1.000000e+00
    outer loop
      vertex 194.6435 16.3912 4.0000
      vertex 192.4412 17.5133 4.0000
      vertex 190.5871 11.8070 4.0000
    endloop
  endfacet
  facet normal 0.000000e+00 0.000000e+00 1.000000e+00
    outer loop
      vertex 194.6435 16.3912 4.0000
      vertex 190.5871 11.8070 4.0000
      vertex 191.1168 11.5371 4.0000
    endloop
  endfacet
  facet normal 1.564345e-01 9.876883e-01 0.000000e+00
    outer loop
      vertex 192.4412 17.5133 0.0000
      vertex 190.0000 17.9000 0.0000
      vertex 190.0000 17.9000 4.0000
    endloop
  endfacet
  facet normal 1.564345e-01 9.876883e-01 -0.000000e+00
    outer loop
      vertex 192.4412 17.5133 0.0000
      vertex 190.0000 17.9000 4.0000
      vertex 192.4412 17.5133 4.0000
    endloop
  endfacet
  facet normal -1.564345e-01 -9.876883e-01 0.000000e+00
    outer loop
      vertex 190.5871 11.8070 0.0000
      vertex 190.5871 11.8070 4.0000
      vertex 190.0000 11.9000 4.0000
    endloop
  endfacet
  facet normal -1.564345e-01 -9.876883e-01 0.000000e+00
    outer loop
      vertex 190.5871 11.8070 0.0000
      vertex 190.0000 11.9000 4.0000
      vertex 190.0000 11.9000 0.0000
    endloop
  endfacet
  facet normal 0.000000e+00 0.000000e+00 -1.000000e+00
    outer loop
      vertex 192.4412 17.5133 0.0000
      vertex 190.5871 11.8070 0.0000
      vertex 190.0000 11.9000 0.0000
    endloop
  endfacet
  facet normal -0.000000e+00 0.000000e+00 -1.000000e+00
    outer loop
      vertex 192.4412 17.5133 0.0000
      vertex 190.0000 11.9000 0.0000
      vertex 190.0000 17.9000 0.0000
    endloop
  endfacet
  facet normal 0.000000e+00 0.000000e+00 1.000000e+00
    outer loop
      vertex 192.4412 17.5133 4.0000
      vertex 190.0000 17.9000 4.0000
      vertex 190.0000 11.9000 4.0000
    endloop
  endfacet
  facet normal 0.000000e+00 0.000000e+00 1.000000e+00
    outer loop
      vertex 192.4412 17.5133 4.0000
      vertex 190.0000 11.9000 4.0000
      vertex 190.5871 11.8070 4.0000
    endloop
  endfacet
  facet normal -1.564345e-01 9.876883e-01 0.000000e+00
    outer loop
      vertex 190.0000 17.9000 0.0000
      vertex 187.5588 17.5133 0.0000
      vertex 187.5588 17.5133 4.0000
    endloop
  endfacet
  facet normal -1.564345e-01 9.876883e-01 0.000000e+00
    outer loop
      vertex 190.0000 17.9000 0.0000
      vertex 187.5588 17.5133 4.0000
      vertex 190.0000 17.9000 4.0000
    endloop
  endfacet
  facet normal 1.564345e-01 -9.876883e-01 0.000000e+00
    outer loop
      vertex 190.0000 11.9000 0.0000
      vertex 190.0000 11.9000 4.0000
      vertex 189.4129 11.8070 4.0000
    endloop
  endfacet
  facet normal 1.564345e-01 -9.876883e-01 0.000000e+00
    outer loop
      vertex 190.0000 11.9000 0.0000
      vertex 189.4129 11.8070 4.0000
      vertex 189.4129 11.8070 0.0000
    endloop
  endfacet
  facet normal 0.000000e+00 -0.000000e+00 -1.000000e+00
    outer loop
      vertex 190.0000 17.9000 0.0000
      vertex 190.0000 11.9000 0.0000
      vertex 189.4129 11.8070 0.0000
    endloop
  endfacet
  facet normal 0.000000e+00 0.000000e+00 -1.000000e+00
    outer loop
      vertex 190.0000 17.9000 0.0000
      vertex 189.4129 11.8070 0.0000
      vertex 187.5588 17.5133 0.0000
    endloop
  endfacet
  facet normal 0.000000e+00 0.000000e+00 1.000000e+00
    outer loop
      vertex 190.0000 17.9000 4.0000
      vertex 187.5588 17.5133 4.0000
      vertex 189.4129 11.8070 4.0000
    endloop
  endfacet
  facet normal 0.000000e+00 0.000000e+00 1.000000e+00
    outer loop
      vertex 190.0000 17.9000 4.0000
      vertex 189.4129 11.8070 4.0000
      vertex 190.0000 11.9000 4.0000
    endloop
  endfacet
  facet normal -4.539905e-01 8.910065e-01 0.000000e+00
    outer loop
      vertex 187.5588 17.5133 0.0000
      vertex 185.3565 16.3912 0.0000
      vertex 185.3565 16.3912 4.0000
    endloop
  endfacet
  facet normal -4.539905e-01 8.910065e-01 0.000000e+00
    outer loop
      vertex 187.5588 17.5133 0.0000
      vertex 185.3565 16.3912 4.0000
      vertex 187.5588 17.5133 4.0000
    endloop
  endfacet
  facet normal 4.539905e-01 -8.910065e-01 0.000000e+00
    outer loop
      vertex 189.4129 11.8070 0.0000
      vertex 189.4129 11.8070 4.0000
      vertex 188.8832 11.5371 4.0000
    endloop
  endfacet
  facet normal 4.539905e-01 -8.910065e-01 0.000000e+00
    outer loop
      vertex 189.4129 11.8070 0.0000
      vertex 188.8832 11.5371 4.0000
      vertex 188.8832 11.5371 0.0000
    endloop
  endfacet
  facet normal 0.000000e+00 0.000000e+00 -1.000000e+00
    outer loop
      vertex 187.5588 17.5133 0.0000
      vertex 189.4129 11.8070 0.0000
      vertex 188.8832 11.5371 0.0000
    endloop
  endfacet
  facet normal 0.000000e+00 -0.000000e+00 -1.000000e+00
    outer loop
      vertex 187.5588 17.5133 0.0000
      vertex 188.8832 11.5371 0.0000
      vertex 185.3565 16.3912 0.0000
    endloop
  endfacet
  facet normal 0.000000e+00 0.000000e+00 1.000000e+00
    outer loop
      vertex 187.5588 17.5133 4.0000
      vertex 185.3565 16.3912 4.0000
      vertex 188.8832 11.5371 4.0000
    endloop
  endfacet
  facet normal 0.000000e+00 0.000000e+00 1.000000e+00
    outer loop
      vertex 187.5588 17.5133 4.0000
      vertex 188.8832 11.5371 4.0000
      vertex 189.4129 11.8070 4.0000
    endloop
  endfacet
  facet normal -7.071068e-01 7.071068e-01 0.000000e+00
    outer loop
      vertex 185.3565 16.3912 0.0000
      vertex 183.6088 14.6435 0.0000
      vertex 183.6088 14.6435 4.0000
    endloop
  endfacet
  facet normal -7.071068e-01 7.071068e-01 0.000000e+00
    outer loop
      vertex 185.3565 16.3912 0.0000
      vertex 183.6088 14.6435 4.0000
      vertex 185.3565 16.3912 4.0000
    endloop
  endfacet
  facet normal 7.071068e-01 -7.071068e-01 0.000000e+00
    outer loop
      vertex 188.8832 11.5371 0.0000
      vertex 188.8832 11.5371 4.0000
      vertex 188.4629 11.1168 4.0000
    endloop
  endfacet
  facet normal 7.071068e-01 -7.071068e-01 0.000000e+00
    outer loop
      vertex 188.8832 11.5371 0.0000
      vertex 188.4629 11.1168 4.0000
      vertex 188.4629 11.1168 0.0000
    endloop
  endfacet
  facet normal 0.000000e+00 0.000000e+00 -1.000000e+00
    outer loop
      vertex 185.3565 16.3912 0.0000
      vertex 188.8832 11.5371 0.0000
      vertex 188.4629 11.1168 0.0000
    endloop
  endfacet
  facet normal 0.000000e+00 -0.000000e+00 -1.000000e+00
    outer loop
      vertex 185.3565 16.3912 0.0000
      vertex 188.4629 11.1168 0.0000
      vertex 183.6088 14.6435 0.0000
    endloop
  endfacet
  facet normal 0.000000e+00 0.000000e+00 1.000000e+00
    outer loop
      vertex 185.3565 16.3912 4.0000
      vertex 183.6088 14.6435 4.0000
      vertex 188.4629 11.1168 4.0000
    endloop
  endfacet
  facet normal 0.000000e+00 0.000000e+00 1.000000e+00
    outer loop
      vertex 185.3565 16.3912 4.0000
      vertex 188.4629 11.1168 4.0000
      vertex 188.8832 11.5371 4.0000
    endloop
  endfacet
  facet normal -8.910065e-01 4.539905e-01 0.000000e+00
    outer loop
      vertex 183.6088 14.6435 0.0000
      vertex 182.4867 12.4412 0.0000
      vertex 182.4867 12.4412 4.0000
    endloop
  endfacet
  facet normal -8.910065e-01 4.539905e-01 0.000000e+00
    outer loop
      vertex 183.6088 14.6435 0.0000
      vertex 182.4867 12.4412 4.0000
      vertex 183.6088 14.6435 4.0000
    endloop
  endfacet
  facet normal 8.910065e-01 -4.539905e-01 0.000000e+00
    outer loop
      vertex 188.4629 11.1168 0.0000
      vertex 188.4629 11.1168 4.0000
      vertex 188.1930 10.5871 4.0000
    endloop
  endfacet
  facet normal 8.910065e-01 -4.539905e-01 0.000000e+00
    outer loop
      vertex 188.4629 11.1168 0.0000
      vertex 188.1930 10.5871 4.0000
      vertex 188.1930 10.5871 0.0000
    endloop
  endfacet
  facet normal 0.000000e+00 0.000000e+00 -1.000000e+00
    outer loop
      vertex 183.6088 14.6435 0.0000
      vertex 188.4629 11.1168 0.0000
      vertex 188.1930 10.5871 0.0000
    endloop
  endfacet
  facet normal 0.000000e+00 -0.000000e+00 -1.000000e+00
    outer loop
      vertex 183.6088 14.6435 0.0000
      vertex 188.1930 10.5871 0.0000
      vertex 182.4867 12.4412 0.0000
    endloop
  endfacet
  facet normal 0.000000e+00 0.000000e+00 1.000000e+00
    outer loop
      vertex 183.6088 14.6435 4.0000
      vertex 182.4867 12.4412 4.0000
      vertex 188.1930 10.5871 4.0000
    endloop
  endfacet
  facet normal 0.000000e+00 0.000000e+00 1.000000e+00
    outer loop
      vertex 183.6088 14.6435 4.0000
      vertex 188.1930 10.5871 4.0000
      vertex 188.4629 11.1168 4.0000
    endloop
  endfacet
  facet normal -9.876883e-01 1.564345e-01 0.000000e+00
    outer loop
      vertex 182.4867 12.4412 0.0000
      vertex 182.1000 10.0000 0.0000
      vertex 182.1000 10.0000 4.0000
    endloop
  endfacet
  facet normal -9.876883e-01 1.564345e-01 0.000000e+00
    outer loop
      vertex 182.4867 12.4412 0.0000
      vertex 182.1000 10.0000 4.0000
      vertex 182.4867 12.4412 4.0000
    endloop
  endfacet
  facet normal 9.876883e-01 -1.564345e-01 0.000000e+00
    outer loop
      vertex 188.1930 10.5871 0.0000
      vertex 188.1930 10.5871 4.0000
      vertex 188.1000 10.0000 4.0000
    endloop
  endfacet
  facet normal 9.876883e-01 -1.564345e-01 0.000000e+00
    outer loop
      vertex 188.1930 10.5871 0.0000
      vertex 188.1000 10.0000 4.0000
      vertex 188.1000 10.0000 0.0000
    endloop
  endfacet
  facet normal 0.000000e+00 0.000000e+00 -1.000000e+00
    outer loop
      vertex 182.4867 12.4412 0.0000
      vertex 188.1930 10.5871 0.0000
      vertex 188.1000 10.0000 0.0000
    endloop
  endfacet
  facet normal 0.000000e+00 -0.000000e+00 -1.000000e+00
    outer loop
      vertex 182.4867 12.4412 0.0000
      vertex 188.1000 10.0000 0.0000
      vertex 182.1000 10.0000 0.0000
    endloop
  endfacet
  facet normal 0.000000e+00 0.000000e+00 1.000000e+00
    outer loop
      vertex 182.4867 12.4412 4.0000
      vertex 182.1000 10.0000 4.0000
      vertex 188.1000 10.0000 4.0000
    endloop
  endfacet
  facet normal 0.000000e+00 0.000000e+00 1.000000e+00
    outer loop
      vertex 182.4867 12.4412 4.0000
      vertex 188.1000 10.0000 4.0000
      vertex 188.1930 10.5871 4.0000
    endloop
  endfacet
  facet normal -9.876883e-01 -1.564345e-01 0.000000e+00
    outer loop
      vertex 182.1000 10.0000 0.0000
      vertex 182.4867 7.5588 0.0000
      vertex 182.4867 7.5588 4.0000
    endloop
  endfacet
  facet normal -9.876883e-01 -1.564345e-01 0.000000e+00
    outer loop
      vertex 182.1000 10.0000 0.0000
      vertex 182.4867 7.5588 4.0000
      vertex 182.1000 10.0000 4.0000
    endloop
  endfacet
  facet normal 9.876883e-01 1.564345e-01 -0.000000e+00
    outer loop
      vertex 188.1000 10.0000 0.0000
      vertex 188.1000 10.0000 4.0000
      vertex 188.1930 9.4129 4.0000
    endloop
  endfacet
  facet normal 9.876883e-01 1.564345e-01 0.000000e+00
    outer loop
      vertex 188.1000 10.0000 0.0000
      vertex 188.1930 9.4129 4.0000
      vertex 188.1930 9.4129 0.0000
    endloop
  endfacet
  facet normal 0.000000e+00 0.000000e+00 -1.000000e+00
    outer loop
      vertex 182.1000 10.0000 0.0000
      vertex 188.1000 10.0000 0.0000
      vertex 188.1930 9.4129 0.0000
    endloop
  endfacet
  facet normal 0.000000e+00 0.000000e+00 -1.000000e+00
    outer loop
      vertex 182.1000 10.0000 0.0000
      vertex 188.1930 9.4129 0.0000
      vertex 182.4867 7.5588 0.0000
    endloop
  endfacet
  facet normal 0.000000e+00 0.000000e+00 1.000000e+00
    outer loop
      vertex 182.1000 10.0000 4.0000
      vertex 182.4867 7.5588 4.0000
      vertex 188.1930 9.4129 4.0000
    endloop
  endfacet
  facet normal 0.000000e+00 0.000000e+00 1.000000e+00
    outer loop
      vertex 182.1000 10.0000 4.0000
      vertex 188.1930 9.4129 4.0000
      vertex 188.1000 10.0000 4.0000
    endloop
  endfacet
  facet normal -8.910065e-01 -4.539905e-01 0.000000e+00
    outer loop
      vertex 182.4867 7.5588 0.0000
      vertex 183.6088 5.3565 0.0000
      vertex 183.6088 5.3565 4.0000
    endloop
  endfacet
  facet normal -8.910065e-01 -4.539905e-01 0.000000e+00
    outer loop
      vertex 182.4867 7.5588 0.0000
      vertex 183.6088 5.3565 4.0000
      vertex 182.4867 7.5588 4.0000
    endloop
  endfacet
  facet normal 8.910065e-01 4.539905e-01 -0.000000e+00
    outer loop
      vertex 188.1930 9.4129 0.0000
      vertex 188.1930 9.4129 4.0000
      vertex 188.4629 8.8832 4.0000
    endloop
  endfacet
  facet normal 8.910065e-01 4.539905e-01 0.000000e+00
    outer loop
      vertex 188.1930 9.4129 0.0000
      vertex 188.4629 8.8832 4.0000
      vertex 188.4629 8.8832 0.0000
    endloop
  endfacet
  facet normal 0.000000e+00 0.000000e+00 -1.000000e+00
    outer loop
      vertex 182.4867 7.5588 0.0000
      vertex 188.1930 9.4129 0.0000
      vertex 188.4629 8.8832 0.0000
    endloop
  endfacet
  facet normal 0.000000e+00 0.000000e+00 -1.000000e+00
    outer loop
      vertex 182.4867 7.5588 0.0000
      vertex 188.4629 8.8832 0.0000
      vertex 183.6088 5.3565 0.0000
    endloop
  endfacet
  facet normal -0.000000e+00 0.000000e+00 1.000000e+00
    outer loop
      vertex 182.4867 7.5588 4.0000
      vertex 183.6088 5.3565 4.0000
      vertex 188.4629 8.8832 4.0000
    endloop
  endfacet
  facet normal 0.000000e+00 0.000000e+00 1.000000e+00
    outer loop
      vertex 182.4867 7.5588 4.0000
      vertex 188.4629 8.8832 4.0000
      vertex 188.1930 9.4129 4.0000
    endloop
  endfacet
  facet normal -7.071068e-01 -7.071068e-01 0.000000e+00
    outer loop
      vertex 183.6088 5.3565 0.0000
      vertex 185.3565 3.6088 0.0000
      vertex 185.3565 3.6088 4.0000
    endloop
  endfacet
  facet normal -7.071068e-01 -7.071068e-01 0.000000e+00
    outer loop
      vertex 183.6088 5.3565 0.0000
      vertex 185.3565 3.6088 4.0000
      vertex 183.6088 5.3565 4.0000
    endloop
  endfacet
  facet normal 7.071068e-01 7.071068e-01 -0.000000e+00
    outer loop
      vertex 188.4629 8.8832 0.0000
      vertex 188.4629 8.8832 4.0000
      vertex 188.8832 8.4629 4.0000
    endloop
  endfacet
  facet normal 7.071068e-01 7.071068e-01 0.000000e+00
    outer loop
      vertex 188.4629 8.8832 0.0000
      vertex 188.8832 8.4629 4.0000
      vertex 188.8832 8.4629 0.0000
    endloop
  endfacet
  facet normal 0.000000e+00 0.000000e+00 -1.000000e+00
    outer loop
      vertex 183.6088 5.3565 0.0000
      vertex 188.4629 8.8832 0.0000
      vertex 188.8832 8.4629 0.0000
    endloop
  endfacet
  facet normal 0.000000e+00 0.000000e+00 -1.000000e+00
    outer loop
      vertex 183.6088 5.3565 0.0000
      vertex 188.8832 8.4629 0.0000
      vertex 185.3565 3.6088 0.0000
    endloop
  endfacet
  facet normal -0.000000e+00 0.000000e+00 1.000000e+00
    outer loop
      vertex 183.6088 5.3565 4.0000
      vertex 185.3565 3.6088 4.0000
      vertex 188.8832 8.4629 4.0000
    endloop
  endfacet
  facet normal 0.000000e+00 0.000000e+00 1.000000e+00
    outer loop
      vertex 183.6088 5.3565 4.0000
      vertex 188.8832 8.4629 4.0000
      vertex 188.4629 8.8832 4.0000
    endloop
  endfacet
  facet normal -4.539905e-01 -8.910065e-01 0.000000e+00
    outer loop
      vertex 185.3565 3.6088 0.0000
      vertex 187.5588 2.4867 0.0000
      vertex 187.5588 2.4867 4.0000
    endloop
  endfacet
  facet normal -4.539905e-01 -8.910065e-01 0.000000e+00
    outer loop
      vertex 185.3565 3.6088 0.0000
      vertex 187.5588 2.4867 4.0000
      vertex 185.3565 3.6088 4.0000
    endloop
  endfacet
  facet normal 4.539905e-01 8.910065e-01 -0.000000e+00
    outer loop
      vertex 188.8832 8.4629 0.0000
      vertex 188.8832 8.4629 4.0000
      vertex 189.4129 8.1930 4.0000
    endloop
  endfacet
  facet normal 4.539905e-01 8.910065e-01 0.000000e+00
    outer loop
      vertex 188.8832 8.4629 0.0000
      vertex 189.4129 8.1930 4.0000
      vertex 189.4129 8.1930 0.0000
    endloop
  endfacet
  facet normal 0.000000e+00 0.000000e+00 -1.000000e+00
    outer loop
      vertex 185.3565 3.6088 0.0000
      vertex 188.8832 8.4629 0.0000
      vertex 189.4129 8.1930 0.0000
    endloop
  endfacet
  facet normal 0.000000e+00 0.000000e+00 -1.000000e+00
    outer loop
      vertex 185.3565 3.6088 0.0000
      vertex 189.4129 8.1930 0.0000
      vertex 187.5588 2.4867 0.0000
    endloop
  endfacet
  facet normal -0.000000e+00 0.000000e+00 1.000000e+00
    outer loop
      vertex 185.3565 3.6088 4.0000
      vertex 187.5588 2.4867 4.0000
      vertex 189.4129 8.1930 4.0000
    endloop
  endfacet
  facet normal 0.000000e+00 0.000000e+00 1.000000e+00
    outer loop
      vertex 185.3565 3.6088 4.0000
      vertex 189.4129 8.1930 4.0000
      vertex 188.8832 8.4629 4.0000
    endloop
  endfacet
  facet normal -1.564345e-01 -9.876883e-01 0.000000e+00
    outer loop
      vertex 187.5588 2.4867 0.0000
      vertex 190.0000 2.1000 0.0000
      vertex 190.0000 2.1000 4.0000
    endloop
  endfacet
  facet normal -1.564345e-01 -9.876883e-01 0.000000e+00
    outer loop
      vertex 187.5588 2.4867 0.0000
      vertex 190.0000 2.1000 4.0000
      vertex 187.5588 2.4867 4.0000
    endloop
  endfacet
  facet normal 1.564345e-01 9.876883e-01 -0.000000e+00
    outer loop
      vertex 189.4129 8.1930 0.0000
      vertex 189.4129 8.1930 4.0000
      vertex 190.0000 8.1000 4.0000
    endloop
  endfacet
  facet normal 1.564345e-01 9.876883e-01 0.000000e+00
    outer loop
      vertex 189.4129 8.1930 0.0000
      vertex 190.0000 8.1000 4.0000
      vertex 190.0000 8.1000 0.0000
    endloop
  endfacet
  facet normal 0.000000e+00 0.000000e+00 -1.000000e+00
    outer loop
      vertex 187.5588 2.4867 0.0000
      vertex 189.4129 8.1930 0.0000
      vertex 190.0000 8.1000 0.0000
    endloop
  endfacet
  facet normal 0.000000e+00 0.000000e+00 -1.000000e+00
    outer loop
      vertex 187.5588 2.4867 0.0000
      vertex 190.0000 8.1000 0.0000
      vertex 190.0000 2.1000 0.0000
    endloop
  endfacet
  facet normal -0.000000e+00 0.000000e+00 1.000000e+00
    outer loop
      vertex 187.5588 2.4867 4.0000
      vertex 190.0000 2.1000 4.0000
      vertex 190.0000 8.1000 4.0000
    endloop
  endfacet
  facet normal 0.000000e+00 0.000000e+00 1.000000e+00
    outer loop
      vertex 187.5588 2.4867 4.0000
      vertex 190.0000 8.1000 4.0000
      vertex 189.4129 8.1930 4.0000
    endloop
  endfacet
  facet normal 1.564345e-01 -9.876883e-01 0.000000e+00
    outer loop
      vertex 190.0000 2.1000 0.0000
      vertex 192.4412 2.4867 0.0000
      vertex 192.4412 2.4867 4.0000
    endloop
  endfacet
  facet normal 1.564345e-01 -9.876883e-01 0.000000e+00
    outer loop
      vertex 190.0000 2.1000 0.0000
      vertex 192.4412 2.4867 4.0000
      vertex 190.0000 2.1000 4.0000
    endloop
  endfacet
  facet normal -1.564345e-01 9.876883e-01 0.000000e+00
    outer loop
      vertex 190.0000 8.1000 0.0000
      vertex 190.0000 8.1000 4.0000
      vertex 190.5871 8.1930 4.0000
    endloop
  endfacet
  facet normal -1.564345e-01 9.876883e-01 0.000000e+00
    outer loop
      vertex 190.0000 8.1000 0.0000
      vertex 190.5871 8.1930 4.0000
      vertex 190.5871 8.1930 0.0000
    endloop
  endfacet
  facet normal 0.000000e+00 0.000000e+00 -1.000000e+00
    outer loop
      vertex 190.0000 2.1000 0.0000
      vertex 190.0000 8.1000 0.0000
      vertex 190.5871 8.1930 0.0000
    endloop
  endfacet
  facet normal 0.000000e+00 0.000000e+00 -1.000000e+00
    outer loop
      vertex 190.0000 2.1000 0.0000
      vertex 190.5871 8.1930 0.0000
      vertex 192.4412 2.4867 0.0000
    endloop
  endfacet
  facet normal 0.000000e+00 0.000000e+00 1.000000e+00
    outer loop
      vertex 190.0000 2.1000 4.0000
      vertex 192.4412 2.4867 4.0000
      vertex 190.5871 8.1930 4.0000
    endloop
  endfacet
  facet normal 0.000000e+00 0.000000e+00 1.000000e+00
    outer loop
      vertex 190.0000 2.1000 4.0000
      vertex 190.5871 8.1930 4.0000
      vertex 190.0000 8.1000 4.0000
    endloop
  endfacet
  facet normal 4.539905e-01 -8.910065e-01 0.000000e+00
    outer loop
      vertex 192.4412 2.4867 0.0000
      vertex 194.6435 3.6088 0.0000
      vertex 194.6435 3.6088 4.0000
    endloop
  endfacet
  facet normal 4.539905e-01 -8.910065e-01 0.000000e+00
    outer loop
      vertex 192.4412 2.4867 0.0000
      vertex 194.6435 3.6088 4.0000
      vertex 192.4412 2.4867 4.0000
    endloop
  endfacet
  facet normal -4.539905e-01 8.910065e-01 0.000000e+00
    outer loop
      vertex 190.5871 8.1930 0.0000
      vertex 190.5871 8.1930 4.0000
      vertex 191.1168 8.4629 4.0000
    endloop
  endfacet
  facet normal -4.539905e-01 8.910065e-01 0.000000e+00
    outer loop
      vertex 190.5871 8.1930 0.0000
      vertex 191.1168 8.4629 4.0000
      vertex 191.1168 8.4629 0.0000
    endloop
  endfacet
  facet normal 0.000000e+00 0.000000e+00 -1.000000e+00
    outer loop
      vertex 192.4412 2.4867 0.0000
      vertex 190.5871 8.1930 0.0000
      vertex 191.1168 8.4629 0.0000
    endloop
  endfacet
  facet normal 0.000000e+00 0.000000e+00 -1.000000e+00
    outer loop
      vertex 192.4412 2.4867 0.0000
      vertex 191.1168 8.4629 0.0000
      vertex 194.6435 3.6088 0.0000
    endloop
  endfacet
  facet normal 0.000000e+00 -0.000000e+00 1.000000e+00
    outer loop
      vertex 192.4412 2.4867 4.0000
      vertex 194.6435 3.6088 4.0000
      vertex 191.1168 8.4629 4.0000
    endloop
  endfacet
  facet normal 0.000000e+00 0.000000e+00 1.000000e+00
    outer loop
      vertex 192.4412 2.4867 4.0000
      vertex 191.1168 8.4629 4.0000
      vertex 190.5871 8.1930 4.0000
    endloop
  endfacet
  facet normal 7.071068e-01 -7.071068e-01 0.000000e+00
    outer loop
      vertex 194.6435 3.6088 0.0000
      vertex 196.3912 5.3565 0.0000
      vertex 196.3912 5.3565 4.0000
    endloop
  endfacet
  facet normal 7.071068e-01 -7.071068e-01 0.000000e+00
    outer loop
      vertex 194.6435 3.6088 0.0000
      vertex 196.3912 5.3565 4.0000
      vertex 194.6435 3.6088 4.0000
    endloop
  endfacet
  facet normal -7.071068e-01 7.071068e-01 0.000000e+00
    outer loop
      vertex 191.1168 8.4629 0.0000
      vertex 191.1168 8.4629 4.0000
      vertex 191.5371 8.8832 4.0000
    endloop
  endfacet
  facet normal -7.071068e-01 7.071068e-01 0.000000e+00
    outer loop
      vertex 191.1168 8.4629 0.0000
      vertex 191.5371 8.8832 4.0000
      vertex 191.5371 8.8832 0.0000
    endloop
  endfacet
  facet normal 0.000000e+00 0.000000e+00 -1.000000e+00
    outer loop
      vertex 194.6435 3.6088 0.0000
      vertex 191.1168 8.4629 0.0000
      vertex 191.5371 8.8832 0.0000
    endloop
  endfacet
  facet normal 0.000000e+00 0.000000e+00 -1.000000e+00
    outer loop
      vertex 194.6435 3.6088 0.0000
      vertex 191.5371 8.8832 0.0000
      vertex 196.3912 5.3565 0.0000
    endloop
  endfacet
  facet normal 0.000000e+00 -0.000000e+00 1.000000e+00
    outer loop
      vertex 194.6435 3.6088 4.0000
      vertex 196.3912 5.3565 4.0000
      vertex 191.5371 8.8832 4.0000
    endloop
  endfacet
  facet normal 0.000000e+00 0.000000e+00 1.000000e+00
    outer loop
      vertex 194.6435 3.6088 4.0000
      vertex 191.5371 8.8832 4.0000
      vertex 191.1168 8.4629 4.0000
    endloop
  endfacet
  facet normal 8.910065e-01 -4.539905e-01 0.000000e+00
    outer loop
      vertex 196.3912 5.3565 0.0000
      vertex 197.5133 7.5588 0.0000
      vertex 197.5133 7.5588 4.0000
    endloop
  endfacet
  facet normal 8.910065e-01 -4.539905e-01 0.000000e+00
    outer loop
      vertex 196.3912 5.3565 0.0000
      vertex 197.5133 7.5588 4.0000
      vertex 196.3912 5.3565 4.0000
    endloop
  endfacet
  facet normal -8.910065e-01 4.539905e-01 0.000000e+00
    outer loop
      vertex 191.5371 8.8832 0.0000
      vertex 191.5371 8.8832 4.0000
      vertex 191.8070 9.4129 4.0000
    endloop
  endfacet
  facet normal -8.910065e-01 4.539905e-01 0.000000e+00
    outer loop
      vertex 191.5371 8.8832 0.0000
      vertex 191.8070 9.4129 4.0000
      vertex 191.8070 9.4129 0.0000
    endloop
  endfacet
  facet normal 0.000000e+00 0.000000e+00 -1.000000e+00
    outer loop
      vertex 196.3912 5.3565 0.0000
      vertex 191.5371 8.8832 0.0000
      vertex 191.8070 9.4129 0.0000
    endloop
  endfacet
  facet normal 0.000000e+00 0.000000e+00 -1.000000e+00
    outer loop
      vertex 196.3912 5.3565 0.0000
      vertex 191.8070 9.4129 0.0000
      vertex 197.5133 7.5588 0.0000
    endloop
  endfacet
  facet normal 0.000000e+00 -0.000000e+00 1.000000e+00
    outer loop
      vertex 196.3912 5.3565 4.0000
      vertex 197.5133 7.5588 4.0000
      vertex 191.8070 9.4129 4.0000
    endloop
  endfacet
  facet normal 0.000000e+00 0.000000e+00 1.000000e+00
    outer loop
      vertex 196.3912 5.3565 4.0000
      vertex 191.8070 9.4129 4.0000
      vertex 191.5371 8.8832 4.0000
    endloop
  endfacet
  facet normal 9.876883e-01 -1.564345e-01 0.000000e+00
    outer loop
      vertex 197.5133 7.5588 0.0000
      vertex 197.9000 10.0000 0.0000
      vertex 197.9000 10.0000 4.0000
    endloop
  endfacet
  facet normal 9.876883e-01 -1.564345e-01 0.000000e+00
    outer loop
      vertex 197.5133 7.5588 0.0000
      vertex 197.9000 10.0000 4.0000
      vertex 197.5133 7.5588 4.0000
    endloop
  endfacet
  facet normal -9.876883e-01 1.564345e-01 0.000000e+00
    outer loop
      vertex 191.8070 9.4129 0.0000
      vertex 191.8070 9.4129 4.0000
      vertex 191.9000 10.0000 4.0000
    endloop
  endfacet
  facet normal -9.876883e-01 1.564345e-01 0.000000e+00
    outer loop
      vertex 191.8070 9.4129 0.0000
      vertex 191.9000 10.0000 4.0000
      vertex 191.9000 10.0000 0.0000
    endloop
  endfacet
  facet normal 0.000000e+00 0.000000e+00 -1.000000e+00
    outer loop
      vertex 197.5133 7.5588 0.0000
      vertex 191.8070 9.4129 0.0000
      vertex 191.9000 10.0000 0.0000
    endloop
  endfacet
  facet normal 0.000000e+00 0.000000e+00 -1.000000e+00
    outer loop
      vertex 197.5133 7.5588 0.0000
      vertex 191.9000 10.0000 0.0000
      vertex 197.9000 10.0000 0.0000
    endloop
  endfacet
  facet normal 0.000000e+00 -0.000000e+00 1.000000e+00
    outer loop
      vertex 197.5133 7.5588 4.0000
      vertex 197.9000 10.0000 4.0000
      vertex 191.9000 10.0000 4.0000
    endloop
  endfacet
  facet normal 0.000000e+00 0.000000e+00 1.000000e+00
    outer loop
      vertex 197.5133 7.5588 4.0000
      vertex 191.9000 10.0000 4.0000
      vertex 191.8070 9.4129 4.0000
    endloop
  endfacet
endsolid frame_m3_br
solid frame_m3_tl
  facet normal 9.876883e-01 1.564345e-01 0.000000e+00
    outer loop
      vertex 17.9000 130.0000 0.0000
      vertex 17.5133 132.4412 0.0000
      vertex 17.5133 132.4412 4.0000
    endloop
  endfacet
  facet normal 9.876883e-01 1.564345e-01 -0.000000e+00
    outer loop
      vertex 17.9000 130.0000 0.0000
      vertex 17.5133 132.4412 4.0000
      vertex 17.9000 130.0000 4.0000
    endloop
  endfacet
  facet normal -9.876883e-01 -1.564345e-01 0.000000e+00
    outer loop
      vertex 11.9000 130.0000 0.0000
      vertex 11.9000 130.0000 4.0000
      vertex 11.8070 130.5871 4.0000
    endloop
  endfacet
  facet normal -9.876883e-01 -1.564345e-01 0.000000e+00
    outer loop
      vertex 11.9000 130.0000 0.0000
      vertex 11.8070 130.5871 4.0000
      vertex 11.8070 130.5871 0.0000
    endloop
  endfacet
  facet normal 0.000000e+00 0.000000e+00 -1.000000e+00
    outer loop
      vertex 17.9000 130.0000 0.0000
      vertex 11.9000 130.0000 0.0000
      vertex 11.8070 130.5871 0.0000
    endloop
  endfacet
  facet normal 0.000000e+00 0.000000e+00 -1.000000e+00
    outer loop
      vertex 17.9000 130.0000 0.0000
      vertex 11.8070 130.5871 0.0000
      vertex 17.5133 132.4412 0.0000
    endloop
  endfacet
  facet normal 0.000000e+00 0.000000e+00 1.000000e+00
    outer loop
      vertex 17.9000 130.0000 4.0000
      vertex 17.5133 132.4412 4.0000
      vertex 11.8070 130.5871 4.0000
    endloop
  endfacet
  facet normal 0.000000e+00 0.000000e+00 1.000000e+00
    outer loop
      vertex 17.9000 130.0000 4.0000
      vertex 11.8070 130.5871 4.0000
      vertex 11.9000 130.0000 4.0000
    endloop
  endfacet
  facet normal 8.910065e-01 4.539905e-01 0.000000e+00
    outer loop
      vertex 17.5133 132.4412 0.0000
      vertex 16.3912 134.6435 0.0000
      vertex 16.3912 134.6435 4.0000
    endloop
  endfacet
  facet normal 8.910065e-01 4.539905e-01 -0.000000e+00
    outer loop
      vertex 17.5133 132.4412 0.0000
      vertex 16.3912 134.6435 4.0000
      vertex 17.5133 132.4412 4.0000
    endloop
  endfacet
  facet normal -8.910065e-01 -4.539905e-01 0.000000e+00
    outer loop
      vertex 11.8070 130.5871 0.0000
      vertex 11.8070 130.5871 4.0000
      vertex 11.5371 131.1168 4.0000
    endloop
  endfacet
  facet normal -8.910065e-01 -4.539905e-01 0.000000e+00
    outer loop
      vertex 11.8070 130.5871 0.0000
      vertex 11.5371 131.1168 4.0000
      vertex 11.5371 131.1168 0.0000
    endloop
  endfacet
  facet normal 0.000000e+00 0.000000e+00 -1.000000e+00
    outer loop
      vertex 17.5133 132.4412 0.0000
      vertex 11.8070 130.5871 0.0000
      vertex 11.5371 131.1168 0.0000
    endloop
  endfacet
  facet normal -0.000000e+00 0.000000e+00 -1.000000e+00
    outer loop
      vertex 17.5133 132.4412 0.0000
      vertex 11.5371 131.1168 0.0000
      vertex 16.3912 134.6435 0.0000
    endloop
  endfacet
  facet normal 0.000000e+00 0.000000e+00 1.000000e+00
    outer loop
      vertex 17.5133 132.4412 4.0000
      vertex 16.3912 134.6435 4.0000
      vertex 11.5371 131.1168 4.0000
    endloop
  endfacet
  facet normal 0.000000e+00 0.000000e+00 1.000000e+00
    outer loop
      vertex 17.5133 132.4412 4.0000
      vertex 11.5371 131.1168 4.0000
      vertex 11.8070 130.5871 4.0000
    endloop
  endfacet
  facet normal 7.071068e-01 7.071068e-01 0.000000e+00
    outer loop
      vertex 16.3912 134.6435 0.0000
      vertex 14.6435 136.3912 0.0000
      vertex 14.6435 136.3912 4.0000
    endloop
  endfacet
  facet normal 7.071068e-01 7.071068e-01 -0.000000e+00
    outer loop
      vertex 16.3912 134.6435 0.0000
      vertex 14.6435 136.3912 4.0000
      vertex 16.3912 134.6435 4.0000
    endloop
  endfacet
  facet normal -7.071068e-01 -7.071068e-01 0.000000e+00
    outer loop
      vertex 11.5371 131.1168 0.0000
      vertex 11.5371 131.1168 4.0000
      vertex 11.1168 131.5371 4.0000
    endloop
  endfacet
  facet normal -7.071068e-01 -7.071068e-01 0.000000e+00
    outer loop
      vertex 11.5371 131.1168 0.0000
      vertex 11.1168 131.5371 4.0000
      vertex 11.1168 131.5371 0.0000
    endloop
  endfacet
  facet normal 0.000000e+00 0.000000e+00 -1.000000e+00
    outer loop
      vertex 16.3912 134.6435 0.0000
      vertex 11.5371 131.1168 0.0000
      vertex 11.1168 131.5371 0.0000
    endloop
  endfacet
  facet normal -0.000000e+00 0.000000e+00 -1.000000e+00
    outer loop
      vertex 16.3912 134.6435 0.0000
      vertex 11.1168 131.5371 0.0000
      vertex 14.6435 136.3912 0.0000
    endloop
  endfacet
  facet normal 0.000000e+00 0.000000e+00 1.000000e+00
    outer loop
      vertex 16.3912 134.6435 4.0000
      vertex 14.6435 136.3912 4.0000
      vertex 11.1168 131.5371 4.0000
    endloop
  endfacet
  facet normal 0.000000e+00 0.000000e+00 1.000000e+00
    outer loop
      vertex 16.3912 134.6435 4.0000
      vertex 11.1168 131.5371 4.0000
      vertex 11.5371 131.1168 4.0000
    endloop
  endfacet
  facet normal 4.539905e-01 8.910065e-01 0.000000e+00
    outer loop
      vertex 14.6435 136.3912 0.0000
      vertex 12.4412 137.5133 0.0000
      vertex 12.4412 137.5133 4.0000
    endloop
  endfacet
  facet normal 4.539905e-01 8.910065e-01 -0.000000e+00
    outer loop
      vertex 14.6435 136.3912 0.0000
      vertex 12.4412 137.5133 4.0000
      vertex 14.6435 136.3912 4.0000
    endloop
  endfacet
  facet normal -4.539905e-01 -8.910065e-01 0.000000e+00
    outer loop
      vertex 11.1168 131.5371 0.0000
      vertex 11.1168 131.5371 4.0000
      vertex 10.5871 131.8070 4.0000
    endloop
  endfacet
  facet normal -4.539905e-01 -8.910065e-01 0.000000e+00
    outer loop
      vertex 11.1168 131.5371 0.0000
      vertex 10.5871 131.8070 4.0000
      vertex 10.5871 131.8070 0.0000
    endloop
  endfacet
  facet normal 0.000000e+00 0.000000e+00 -1.000000e+00
    outer loop
      vertex 14.6435 136.3912 0.0000
      vertex 11.1168 131.5371 0.0000
      vertex 10.5871 131.8070 0.0000
    endloop
  endfacet
  facet normal -0.000000e+00 0.000000e+00 -1.000000e+00
    outer loop
      vertex 14.6435 136.3912 0.0000
      vertex 10.5871 131.8070 0.0000
      vertex 12.4412 137.5133 0.0000
    endloop
  endfacet
  facet normal 0.000000e+00 0.000000e+00 1.000000e+00
    outer loop
      vertex 14.6435 136.3912 4.0000
      vertex 12.4412 137.5133 4.0000
      vertex 10.5871 131.8070 4.0000
    endloop
  endfacet
  facet normal 0.000000e+00 0.000000e+00 1.000000e+00
    outer loop
      vertex 14.6435 136.3912 4.0000
      vertex 10.5871 131.8070 4.0000
      vertex 11.1168 131.5371 4.0000
    endloop
  endfacet
  facet normal 1.564345e-01 9.876883e-01 0.000000e+00
    outer loop
      vertex 12.4412 137.5133 0.0000
      vertex 10.0000 137.9000 0.0000
      vertex 10.0000 137.9000 4.0000
    endloop
  endfacet
  facet normal 1.564345e-01 9.876883e-01 -0.000000e+00
    outer loop
      vertex 12.4412 137.5133 0.0000
      vertex 10.0000 137.9000 4.0000
      vertex 12.4412 137.5133 4.0000
    endloop
  endfacet
  facet normal -1.564345e-01 -9.876883e-01 0.000000e+00
    outer loop
      vertex 10.5871 131.8070 0.0000
      vertex 10.5871 131.8070 4.0000
      vertex 10.0000 131.9000 4.0000
    endloop
  endfacet
  facet normal -1.564345e-01 -9.876883e-01 0.000000e+00
    outer loop
      vertex 10.5871 131.8070 0.0000
      vertex 10.0000 131.9000 4.0000
      vertex 10.0000 131.9000 0.0000
    endloop
  endfacet
  facet normal 0.000000e+00 0.000000e+00 -1.000000e+00
    outer loop
      vertex 12.4412 137.5133 0.0000
      vertex 10.5871 131.8070 0.0000
      vertex 10.0000 131.9000 0.0000
    endloop
  endfacet
  facet normal -0.000000e+00 0.000000e+00 -1.000000e+00
    outer loop
      vertex 12.4412 137.5133 0.0000
      vertex 10.0000 131.9000 0.0000
      vertex 10.0000 137.9000 0.0000
    endloop
  endfacet
  facet normal 0.000000e+00 0.000000e+00 1.000000e+00
    outer loop
      vertex 12.4412 137.5133 4.0000
      vertex 10.0000 137.9000 4.0000
      vertex 10.0000 131.9000 4.0000
    endloop
  endfacet
  facet normal 0.000000e+00 0.000000e+00 1.000000e+00
    outer loop
      vertex 12.4412 137.5133 4.0000
      vertex 10.0000 131.9000 4.0000
      vertex 10.5871 131.8070 4.0000
    endloop
  endfacet
  facet normal -1.564345e-01 9.876883e-01 0.000000e+00
    outer loop
      vertex 10.0000 137.9000 0.0000
      vertex 7.5588 137.5133 0.0000
      vertex 7.5588 137.5133 4.0000
    endloop
  endfacet
  facet normal -1.564345e-01 9.876883e-01 0.000000e+00
    outer loop
      vertex 10.0000 137.9000 0.0000
      vertex 7.5588 137.5133 4.0000
      vertex 10.0000 137.9000 4.0000
    endloop
  endfacet
  facet normal 1.564345e-01 -9.876883e-01 0.000000e+00
    outer loop
      vertex 10.0000 131.9000 0.0000
      vertex 10.0000 131.9000 4.0000
      vertex 9.4129 131.8070 4.0000
    endloop
  endfacet
  facet normal 1.564345e-01 -9.876883e-01 0.000000e+00
    outer loop
      vertex 10.0000 131.9000 0.0000
      vertex 9.4129 131.8070 4.0000
      vertex 9.4129 131.8070 0.0000
    endloop
  endfacet
  facet normal 0.000000e+00 -0.000000e+00 -1.000000e+00
    outer loop
      vertex 10.0000 137.9000 0.0000
      vertex 10.0000 131.9000 0.0000
      vertex 9.4129 131.8070 0.0000
    endloop
  endfacet
  facet normal 0.000000e+00 0.000000e+00 -1.000000e+00
    outer loop
      vertex 10.0000 137.9000 0.0000
      vertex 9.4129 131.8070 0.0000
      vertex 7.5588 137.5133 0.0000
    endloop
  endfacet
  facet normal 0.000000e+00 0.000000e+00 1.000000e+00
    outer loop
      vertex 10.0000 137.9000 4.0000
      vertex 7.5588 137.5133 4.0000
      vertex 9.4129 131.8070 4.0000
    endloop
  endfacet
  facet normal 0.000000e+00 0.000000e+00 1.000000e+00
    outer loop
      vertex 10.0000 137.9000 4.0000
      vertex 9.4129 131.8070 4.0000
      vertex 10.0000 131.9000 4.0000
    endloop
  endfacet
  facet normal -4.539905e-01 8.910065e-01 0.000000e+00
    outer loop
      vertex 7.5588 137.5133 0.0000
      vertex 5.3565 136.3912 0.0000
      vertex 5.3565 136.3912 4.0000
    endloop
  endfacet
  facet normal -4.539905e-01 8.910065e-01 0.000000e+00
    outer loop
      vertex 7.5588 137.5133 0.0000
      vertex 5.3565 136.3912 4.0000
      vertex 7.5588 137.5133 4.0000
    endloop
  endfacet
  facet normal 4.539905e-01 -8.910065e-01 0.000000e+00
    outer loop
      vertex 9.4129 131.8070 0.0000
      vertex 9.4129 131.8070 4.0000
      vertex 8.8832 131.5371 4.0000
    endloop
  endfacet
  facet normal 4.539905e-01 -8.910065e-01 0.000000e+00
    outer loop
      vertex 9.4129 131.8070 0.0000
      vertex 8.8832 131.5371 4.0000
      vertex 8.8832 131.5371 0.0000
    endloop
  endfacet
  facet normal 0.000000e+00 0.000000e+00 -1.000000e+00
    outer loop
      vertex 7.5588 137.5133 0.0000
      vertex 9.4129 131.8070 0.0000
      vertex 8.8832 131.5371 0.0000
    endloop
  endfacet
  facet normal 0.000000e+00 -0.000000e+00 -1.000000e+00
    outer loop
      vertex 7.5588 137.5133 0.0000
      vertex 8.8832 131.5371 0.0000
      vertex 5.3565 136.3912 0.0000
    endloop
  endfacet
  facet normal 0.000000e+00 0.000000e+00 1.000000e+00
    outer loop
      vertex 7.5588 137.5133 4.0000
      vertex 5.3565 136.3912 4.0000
      vertex 8.8832 131.5371 4.0000
    endloop
  endfacet
  facet normal 0.000000e+00 0.000000e+00 1.000000e+00
    outer loop
      vertex 7.5588 137.5133 4.0000
      vertex 8.8832 131.5371 4.0000
      vertex 9.4129 131.8070 4.0000
    endloop
  endfacet
  facet normal -7.071068e-01 7.071068e-01 0.000000e+00
    outer loop
      vertex 5.3565 136.3912 0.0000
      vertex 3.6088 134.6435 0.0000
      vertex 3.6088 134.6435 4.0000
    endloop
  endfacet
  facet normal -7.071068e-01 7.071068e-01 0.000000e+00
    outer loop
      vertex 5.3565 136.3912 0.0000
      vertex 3.6088 134.6435 4.0000
      vertex 5.3565 136.3912 4.0000
    endloop
  endfacet
  facet normal 7.071068e-01 -7.071068e-01 0.000000e+00
    outer loop
      vertex 8.8832 131.5371 0.0000
      vertex 8.8832 131.5371 4.0000
      vertex 8.4629 131.1168 4.0000
    endloop
  endfacet
  facet normal 7.071068e-01 -7.071068e-01 0.000000e+00
    outer loop
      vertex 8.8832 131.5371 0.0000
      vertex 8.4629 131.1168 4.0000
      vertex 8.4629 131.1168 0.0000
    endloop
  endfacet
  facet normal 0.000000e+00 0.000000e+00 -1.000000e+00
    outer loop
      vertex 5.3565 136.3912 0.0000
      vertex 8.8832 131.5371 0.0000
      vertex 8.4629 131.1168 0.0000
    endloop
  endfacet
  facet normal 0.000000e+00 -0.000000e+00 -1.000000e+00
    outer loop
      vertex 5.3565 136.3912 0.0000
      vertex 8.4629 131.1168 0.0000
      vertex 3.6088 134.6435 0.0000
    endloop
  endfacet
  facet normal 0.000000e+00 0.000000e+00 1.000000e+00
    outer loop
      vertex 5.3565 136.3912 4.0000
      vertex 3.6088 134.6435 4.0000
      vertex 8.4629 131.1168 4.0000
    endloop
  endfacet
  facet normal 0.000000e+00 0.000000e+00 1.000000e+00
    outer loop
      vertex 5.3565 136.3912 4.0000
      vertex 8.4629 131.1168 4.0000
      vertex 8.8832 131.5371 4.0000
    endloop
  endfacet
  facet normal -8.910065e-01 4.539905e-01 0.000000e+00
    outer loop
      vertex 3.6088 134.6435 0.0000
      vertex 2.4867 132.4412 0.0000
      vertex 2.4867 132.4412 4.0000
    endloop
  endfacet
  facet normal -8.910065e-01 4.539905e-01 0.000000e+00
    outer loop
      vertex 3.6088 134.6435 0.0000
      vertex 2.4867 132.4412 4.0000
      vertex 3.6088 134.6435 4.0000
    endloop
  endfacet
  facet normal 8.910065e-01 -4.539905e-01 0.000000e+00
    outer loop
      vertex 8.4629 131.1168 0.0000
      vertex 8.4629 131.1168 4.0000
      vertex 8.1930 130.5871 4.0000
    endloop
  endfacet
  facet normal 8.910065e-01 -4.539905e-01 0.000000e+00
    outer loop
      vertex 8.4629 131.1168 0.0000
      vertex 8.1930 130.5871 4.0000
      vertex 8.1930 130.5871 0.0000
    endloop
  endfacet
  facet normal 0.000000e+00 0.000000e+00 -1.000000e+00
    outer loop
      vertex 3.6088 134.6435 0.0000
      vertex 8.4629 131.1168 0.0000
      vertex 8.1930 130.5871 0.0000
    endloop
  endfacet
  facet normal 0.000000e+00 -0.000000e+00 -1.000000e+00
    outer loop
      vertex 3.6088 134.6435 0.0000
      vertex 8.1930 130.5871 0.0000
      vertex 2.4867 132.4412 0.0000
    endloop
  endfacet
  facet normal 0.000000e+00 0.000000e+00 1.000000e+00
    outer loop
      vertex 3.6088 134.6435 4.0000
      vertex 2.4867 132.4412 4.0000
      vertex 8.1930 130.5871 4.0000
    endloop
  endfacet
  facet normal 0.000000e+00 0.000000e+00 1.000000e+00
    outer loop
      vertex 3.6088 134.6435 4.0000
      vertex 8.1930 130.5871 4.0000
      vertex 8.4629 131.1168 4.0000
    endloop
  endfacet
  facet normal -9.876883e-01 1.564345e-01 0.000000e+00
    outer loop
      vertex 2.4867 132.4412 0.0000
      vertex 2.1000 130.0000 0.0000
      vertex 2.1000 130.0000 4.0000
    endloop
  endfacet
  facet normal -9.876883e-01 1.564345e-01 0.000000e+00
    outer loop
      vertex 2.4867 132.4412 0.0000
      vertex 2.1000 130.0000 4.0000
      vertex 2.4867 132.4412 4.0000
    endloop
  endfacet
  facet normal 9.876883e-01 -1.564345e-01 0.000000e+00
    outer loop
      vertex 8.1930 130.5871 0.0000
      vertex 8.1930 130.5871 4.0000
      vertex 8.1000 130.0000 4.0000
    endloop
  endfacet
  facet normal 9.876883e-01 -1.564345e-01 0.000000e+00
    outer loop
      vertex 8.1930 130.5871 0.0000
      vertex 8.1000 130.0000 4.0000
      vertex 8.1000 130.0000 0.0000
    endloop
  endfacet
  facet normal 0.000000e+00 0.000000e+00 -1.000000e+00
    outer loop
      vertex 2.4867 132.4412 0.0000
      vertex 8.1930 130.5871 0.0000
      vertex 8.1000 130.0000 0.0000
    endloop
  endfacet
  facet normal 0.000000e+00 -0.000000e+00 -1.000000e+00
    outer loop
      vertex 2.4867 132.4412 0.0000
      vertex 8.1000 130.0000 0.0000
      vertex 2.1000 130.0000 0.0000
    endloop
  endfacet
  facet normal 0.000000e+00 0.000000e+00 1.000000e+00
    outer loop
      vertex 2.4867 132.4412 4.0000
      vertex 2.1000 130.0000 4.0000
      vertex 8.1000 130.0000 4.0000
    endloop
  endfacet
  facet normal 0.000000e+00 0.000000e+00 1.000000e+00
    outer loop
      vertex 2.4867 132.4412 4.0000
      vertex 8.1000 130.0000 4.0000
      vertex 8.1930 130.5871 4.0000
    endloop
  endfacet
  facet normal -9.876883e-01 -1.564345e-01 0.000000e+00
    outer loop
      vertex 2.1000 130.0000 0.0000
      vertex 2.4867 127.5588 0.0000
      vertex 2.4867 127.5588 4.0000
    endloop
  endfacet
  facet normal -9.876883e-01 -1.564345e-01 0.000000e+00
    outer loop
      vertex 2.1000 130.0000 0.0000
      vertex 2.4867 127.5588 4.0000
      vertex 2.1000 130.0000 4.0000
    endloop
  endfacet
  facet normal 9.876883e-01 1.564345e-01 -0.000000e+00
    outer loop
      vertex 8.1000 130.0000 0.0000
      vertex 8.1000 130.0000 4.0000
      vertex 8.1930 129.4129 4.0000
    endloop
  endfacet
  facet normal 9.876883e-01 1.564345e-01 0.000000e+00
    outer loop
      vertex 8.1000 130.0000 0.0000
      vertex 8.1930 129.4129 4.0000
      vertex 8.1930 129.4129 0.0000
    endloop
  endfacet
  facet normal 0.000000e+00 0.000000e+00 -1.000000e+00
    outer loop
      vertex 2.1000 130.0000 0.0000
      vertex 8.1000 130.0000 0.0000
      vertex 8.1930 129.4129 0.0000
    endloop
  endfacet
  facet normal 0.000000e+00 0.000000e+00 -1.000000e+00
    outer loop
      vertex 2.1000 130.0000 0.0000
      vertex 8.1930 129.4129 0.0000
      vertex 2.4867 127.5588 0.0000
    endloop
  endfacet
  facet normal 0.000000e+00 0.000000e+00 1.000000e+00
    outer loop
      vertex 2.1000 130.0000 4.0000
      vertex 2.4867 127.5588 4.0000
      vertex 8.1930 129.4129 4.0000
    endloop
  endfacet
  facet normal -0.000000e+00 0.000000e+00 1.000000e+00
    outer loop
      vertex 2.1000 130.0000 4.0000
      vertex 8.1930 129.4129 4.0000
      vertex 8.1000 130.0000 4.0000
    endloop
  endfacet
  facet normal -8.910065e-01 -4.539905e-01 0.000000e+00
    outer loop
      vertex 2.4867 127.5588 0.0000
      vertex 3.6088 125.3565 0.0000
      vertex 3.6088 125.3565 4.0000
    endloop
  endfacet
  facet normal -8.910065e-01 -4.539905e-01 0.000000e+00
    outer loop
      vertex 2.4867 127.5588 0.0000
      vertex 3.6088 125.3565 4.0000
      vertex 2.4867 127.5588 4.0000
    endloop
  endfacet
  facet normal 8.910065e-01 4.539905e-01 -0.000000e+00
    outer loop
      vertex 8.1930 129.4129 0.0000
      vertex 8.1930 129.4129 4.0000
      vertex 8.4629 128.8832 4.0000
    endloop
  endfacet
  facet normal 8.910065e-01 4.539905e-01 0.000000e+00
    outer loop
      vertex 8.1930 129.4129 0.0000
      vertex 8.4629 128.8832 4.0000
      vertex 8.4629 128.8832 0.0000
    endloop
  endfacet
  facet normal 0.000000e+00 0.000000e+00 -1.000000e+00
    outer loop
      vertex 2.4867 127.5588 0.0000
      vertex 8.1930 129.4129 0.0000
      vertex 8.4629 128.8832 0.0000
    endloop
  endfacet
  facet normal 0.000000e+00 0.000000e+00 -1.000000e+00
    outer loop
      vertex 2.4867 127.5588 0.0000
      vertex 8.4629 128.8832 0.0000
      vertex 3.6088 125.3565 0.0000
    endloop
  endfacet
  facet normal -0.000000e+00 0.000000e+00 1.000000e+00
    outer loop
      vertex 2.4867 127.5588 4.0000
      vertex 3.6088 125.3565 4.0000
      vertex 8.4629 128.8832 4.0000
    endloop
  endfacet
  facet normal 0.000000e+00 0.000000e+00 1.000000e+00
    outer loop
      vertex 2.4867 127.5588 4.0000
      vertex 8.4629 128.8832 4.0000
      vertex 8.1930 129.4129 4.0000
    endloop
  endfacet
  facet normal -7.071068e-01 -7.071068e-01 0.000000e+00
    outer loop
      vertex 3.6088 125.3565 0.0000
      vertex 5.3565 123.6088 0.0000
      vertex 5.3565 123.6088 4.0000
    endloop
  endfacet
  facet normal -7.071068e-01 -7.071068e-01 0.000000e+00
    outer loop
      vertex 3.6088 125.3565 0.0000
      vertex 5.3565 123.6088 4.0000
      vertex 3.6088 125.3565 4.0000
    endloop
  endfacet
  facet normal 7.071068e-01 7.071068e-01 -0.000000e+00
    outer loop
      vertex 8.4629 128.8832 0.0000
      vertex 8.4629 128.8832 4.0000
      vertex 8.8832 128.4629 4.0000
    endloop
  endfacet
  facet normal 7.071068e-01 7.071068e-01 0.000000e+00
    outer loop
      vertex 8.4629 128.8832 0.0000
      vertex 8.8832 128.4629 4.0000
      vertex 8.8832 128.4629 0.0000
    endloop
  endfacet
  facet normal 0.000000e+00 0.000000e+00 -1.000000e+00
    outer loop
      vertex 3.6088 125.3565 0.0000
      vertex 8.4629 128.8832 0.0000
      vertex 8.8832 128.4629 0.0000
    endloop
  endfacet
  facet normal 0.000000e+00 0.000000e+00 -1.000000e+00
    outer loop
      vertex 3.6088 125.3565 0.0000
      vertex 8.8832 128.4629 0.0000
      vertex 5.3565 123.6088 0.0000
    endloop
  endfacet
  facet normal -0.000000e+00 0.000000e+00 1.000000e+00
    outer loop
      vertex 3.6088 125.3565 4.0000
      vertex 5.3565 123.6088 4.0000
      vertex 8.8832 128.4629 4.0000
    endloop
  endfacet
  facet normal 0.000000e+00 0.000000e+00 1.000000e+00
    outer loop
      vertex 3.6088 125.3565 4.0000
      vertex 8.8832 128.4629 4.0000
      vertex 8.4629 128.8832 4.0000
    endloop
  endfacet
  facet normal -4.539905e-01 -8.910065e-01 0.000000e+00
    outer loop
      vertex 5.3565 123.6088 0.0000
      vertex 7.5588 122.4867 0.0000
      vertex 7.5588 122.4867 4.0000
    endloop
  endfacet
  facet normal -4.539905e-01 -8.910065e-01 0.000000e+00
    outer loop
      vertex 5.3565 123.6088 0.0000
      vertex 7.5588 122.4867 4.0000
      vertex 5.3565 123.6088 4.0000
    endloop
  endfacet
  facet normal 4.539905e-01 8.910065e-01 -0.000000e+00
    outer loop
      vertex 8.8832 128.4629 0.0000
      vertex 8.8832 128.4629 4.0000
      vertex 9.4129 128.1930 4.0000
    endloop
  endfacet
  facet normal 4.539905e-01 8.910065e-01 0.000000e+00
    outer loop
      vertex 8.8832 128.4629 0.0000
      vertex 9.4129 128.1930 4.0000
      vertex 9.4129 128.1930 0.0000
    endloop
  endfacet
  facet normal 0.000000e+00 0.000000e+00 -1.000000e+00
    outer loop
      vertex 5.3565 123.6088 0.0000
      vertex 8.8832 128.4629 0.0000
      vertex 9.4129 128.1930 0.0000
    endloop
  endfacet
  facet normal 0.000000e+00 0.000000e+00 -1.000000e+00
    outer loop
      vertex 5.3565 123.6088 0.0000
      vertex 9.4129 128.1930 0.0000
      vertex 7.5588 122.4867 0.0000
    endloop
  endfacet
  facet normal -0.000000e+00 0.000000e+00 1.000000e+00
    outer loop
      vertex 5.3565 123.6088 4.0000
      vertex 7.5588 122.4867 4.0000
      vertex 9.4129 128.1930 4.0000
    endloop
  endfacet
  facet normal 0.000000e+00 0.000000e+00 1.000000e+00
    outer loop
      vertex 5.3565 123.6088 4.0000
      vertex 9.4129 128.1930 4.0000
      vertex 8.8832 128.4629 4.0000
    endloop
  endfacet
  facet normal -1.564345e-01 -9.876883e-01 0.000000e+00
    outer loop
      vertex 7.5588 122.4867 0.0000
      vertex 10.0000 122.1000 0.0000
      vertex 10.0000 122.1000 4.0000
    endloop
  endfacet
  facet normal -1.564345e-01 -9.876883e-01 0.000000e+00
    outer loop
      vertex 7.5588 122.4867 0.0000
      vertex 10.0000 122.1000 4.0000
      vertex 7.5588 122.4867 4.0000
    endloop
  endfacet
  facet normal 1.564345e-01 9.876883e-01 -0.000000e+00
    outer loop
      vertex 9.4129 128.1930 0.0000
      vertex 9.4129 128.1930 4.0000
      vertex 10.0000 128.1000 4.0000
    endloop
  endfacet
  facet normal 1.564345e-01 9.876883e-01 0.000000e+00
    outer loop
      vertex 9.4129 128.1930 0.0000
      vertex 10.0000 128.1000 4.0000
      vertex 10.0000 128.1000 0.0000
    endloop
  endfacet
  facet normal 0.000000e+00 0.000000e+00 -1.000000e+00
    outer loop
      vertex 7.5588 122.4867 0.0000
      vertex 9.4129 128.1930 0.0000
      vertex 10.0000 128.1000 0.0000
    endloop
  endfacet
  facet normal 0.000000e+00 0.000000e+00 -1.000000e+00
    outer loop
      vertex 7.5588 122.4867 0.0000
      vertex 10.0000 128.1000 0.0000
      vertex 10.0000 122.1000 0.0000
    endloop
  endfacet
  facet normal -0.000000e+00 0.000000e+00 1.000000e+00
    outer loop
      vertex 7.5588 122.4867 4.0000
      vertex 10.0000 122.1000 4.0000
      vertex 10.0000 128.1000 4.0000
    endloop
  endfacet
  facet normal 0.000000e+00 0.000000e+00 1.000000e+00
    outer loop
      vertex 7.5588 122.4867 4.0000
      vertex 10.0000 128.1000 4.0000
      vertex 9.4129 128.1930 4.0000
    endloop
  endfacet
  facet normal 1.564345e-01 -9.876883e-01 0.000000e+00
    outer loop
      vertex 10.0000 122.1000 0.0000
      vertex 12.4412 122.4867 0.0000
      vertex 12.4412 122.4867 4.0000
    endloop
  endfacet
  facet normal 1.564345e-01 -9.876883e-01 0.000000e+00
    outer loop
      vertex 10.0000 122.1000 0.0000
      vertex 12.4412 122.4867 4.0000
      vertex 10.0000 122.1000 4.0000
    endloop
  endfacet
  facet normal -1.564345e-01 9.876883e-01 0.000000e+00
    outer loop
      vertex 10.0000 128.1000 0.0000
      vertex 10.0000 128.1000 4.0000
      vertex 10.5871 128.1930 4.0000
    endloop
  endfacet
  facet normal -1.564345e-01 9.876883e-01 0.000000e+00
    outer loop
      vertex 10.0000 128.1000 0.0000
      vertex 10.5871 128.1930 4.0000
      vertex 10.5871 128.1930 0.0000
    endloop
  endfacet
  facet normal 0.000000e+00 0.000000e+00 -1.000000e+00
    outer loop
      vertex 10.0000 122.1000 0.0000
      vertex 10.0000 128.1000 0.0000
      vertex 10.5871 128.1930 0.0000
    endloop
  endfacet
  facet normal 0.000000e+00 0.000000e+00 -1.000000e+00
    outer loop
      vertex 10.0000 122.1000 0.0000
      vertex 10.5871 128.1930 0.0000
      vertex 12.4412 122.4867 0.0000
    endloop
  endfacet
  facet normal 0.000000e+00 0.000000e+00 1.000000e+00
    outer loop
      vertex 10.0000 122.1000 4.0000
      vertex 12.4412 122.4867 4.0000
      vertex 10.5871 128.1930 4.0000
    endloop
  endfacet
  facet normal 0.000000e+00 0.000000e+00 1.000000e+00
    outer loop
      vertex 10.0000 122.1000 4.0000
      vertex 10.5871 128.1930 4.0000
      vertex 10.0000 128.1000 4.0000
    endloop
  endfacet
  facet normal 4.539905e-01 -8.910065e-01 0.000000e+00
    outer loop
      vertex 12.4412 122.4867 0.0000
      vertex 14.6435 123.6088 0.0000
      vertex 14.6435 123.6088 4.0000
    endloop
  endfacet
  facet normal 4.539905e-01 -8.910065e-01 0.000000e+00
    outer loop
      vertex 12.4412 122.4867 0.0000
      vertex 14.6435 123.6088 4.0000
      vertex 12.4412 122.4867 4.0000
    endloop
  endfacet
  facet normal -4.539905e-01 8.910065e-01 0.000000e+00
    outer loop
      vertex 10.5871 128.1930 0.0000
      vertex 10.5871 128.1930 4.0000
      vertex 11.1168 128.4629 4.0000
    endloop
  endfacet
  facet normal -4.539905e-01 8.910065e-01 0.000000e+00
    outer loop
      vertex 10.5871 128.1930 0.0000
      vertex 11.1168 128.4629 4.0000
      vertex 11.1168 128.4629 0.0000
    endloop
  endfacet
  facet normal 0.000000e+00 0.000000e+00 -1.000000e+00
    outer loop
      vertex 12.4412 122.4867 0.0000
      vertex 10.5871 128.1930 0.0000
      vertex 11.1168 128.4629 0.0000
    endloop
  endfacet
  facet normal 0.000000e+00 0.000000e+00 -1.000000e+00
    outer loop
      vertex 12.4412 122.4867 0.0000
      vertex 11.1168 128.4629 0.0000
      vertex 14.6435 123.6088 0.0000
    endloop
  endfacet
  facet normal 0.000000e+00 -0.000000e+00 1.000000e+00
    outer loop
      vertex 12.4412 122.4867 4.0000
      vertex 14.6435 123.6088 4.0000
      vertex 11.1168 128.4629 4.0000
    endloop
  endfacet
  facet normal 0.000000e+00 0.000000e+00 1.000000e+00
    outer loop
      vertex 12.4412 122.4867 4.0000
      vertex 11.1168 128.4629 4.0000
      vertex 10.5871 128.1930 4.0000
    endloop
  endfacet
  facet normal 7.071068e-01 -7.071068e-01 0.000000e+00
    outer loop
      vertex 14.6435 123.6088 0.0000
      vertex 16.3912 125.3565 0.0000
      vertex 16.3912 125.3565 4.0000
    endloop
  endfacet
  facet normal 7.071068e-01 -7.071068e-01 0.000000e+00
    outer loop
      vertex 14.6435 123.6088 0.0000
      vertex 16.3912 125.3565 4.0000
      vertex 14.6435 123.6088 4.0000
    endloop
  endfacet
  facet normal -7.071068e-01 7.071068e-01 0.000000e+00
    outer loop
      vertex 11.1168 128.4629 0.0000
      vertex 11.1168 128.4629 4.0000
      vertex 11.5371 128.8832 4.0000
    endloop
  endfacet
  facet normal -7.071068e-01 7.071068e-01 0.000000e+00
    outer loop
      vertex 11.1168 128.4629 0.0000
      vertex 11.5371 128.8832 4.0000
      vertex 11.5371 128.8832 0.0000
    endloop
  endfacet
  facet normal 0.000000e+00 0.000000e+00 -1.000000e+00
    outer loop
      vertex 14.6435 123.6088 0.0000
      vertex 11.1168 128.4629 0.0000
      vertex 11.5371 128.8832 0.0000
    endloop
  endfacet
  facet normal 0.000000e+00 0.000000e+00 -1.000000e+00
    outer loop
      vertex 14.6435 123.6088 0.0000
      vertex 11.5371 128.8832 0.0000
      vertex 16.3912 125.3565 0.0000
    endloop
  endfacet
  facet normal 0.000000e+00 -0.000000e+00 1.000000e+00
    outer loop
      vertex 14.6435 123.6088 4.0000
      vertex 16.3912 125.3565 4.0000
      vertex 11.5371 128.8832 4.0000
    endloop
  endfacet
  facet normal 0.000000e+00 0.000000e+00 1.000000e+00
    outer loop
      vertex 14.6435 123.6088 4.0000
      vertex 11.5371 128.8832 4.0000
      vertex 11.1168 128.4629 4.0000
    endloop
  endfacet
  facet normal 8.910065e-01 -4.539905e-01 0.000000e+00
    outer loop
      vertex 16.3912 125.3565 0.0000
      vertex 17.5133 127.5588 0.0000
      vertex 17.5133 127.5588 4.0000
    endloop
  endfacet
  facet normal 8.910065e-01 -4.539905e-01 0.000000e+00
    outer loop
      vertex 16.3912 125.3565 0.0000
      vertex 17.5133 127.5588 4.0000
      vertex 16.3912 125.3565 4.0000
    endloop
  endfacet
  facet normal -8.910065e-01 4.539905e-01 0.000000e+00
    outer loop
      vertex 11.5371 128.8832 0.0000
      vertex 11.5371 128.8832 4.0000
      vertex 11.8070 129.4129 4.0000
    endloop
  endfacet
  facet normal -8.910065e-01 4.539905e-01 0.000000e+00
    outer loop
      vertex 11.5371 128.8832 0.0000
      vertex 11.8070 129.4129 4.0000
      vertex 11.8070 129.4129 0.0000
    endloop
  endfacet
  facet normal 0.000000e+00 0.000000e+00 -1.000000e+00
    outer loop
      vertex 16.3912 125.3565 0.0000
      vertex 11.5371 128.8832 0.0000
      vertex 11.8070 129.4129 0.0000
    endloop
  endfacet
  facet normal 0.000000e+00 0.000000e+00 -1.000000e+00
    outer loop
      vertex 16.3912 125.3565 0.0000
      vertex 11.8070 129.4129 0.0000
      vertex 17.5133 127.5588 0.0000
    endloop
  endfacet
  facet normal 0.000000e+00 -0.000000e+00 1.000000e+00
    outer loop
      vertex 16.3912 125.3565 4.0000
      vertex 17.5133 127.5588 4.0000
      vertex 11.8070 129.4129 4.0000
    endloop
  endfacet
  facet normal 0.000000e+00 0.000000e+00 1.000000e+00
    outer loop
      vertex 16.3912 125.3565 4.0000
      vertex 11.8070 129.4129 4.0000
      vertex 11.5371 128.8832 4.0000
    endloop
  endfacet
  facet normal 9.876883e-01 -1.564345e-01 0.000000e+00
    outer loop
      vertex 17.5133 127.5588 0.0000
      vertex 17.9000 130.0000 0.0000
      vertex 17.9000 130.0000 4.0000
    endloop
  endfacet
  facet normal 9.876883e-01 -1.564345e-01 0.000000e+00
    outer loop
      vertex 17.5133 127.5588 0.0000
      vertex 17.9000 130.0000 4.0000
      vertex 17.5133 127.5588 4.0000
    endloop
  endfacet
  facet normal -9.876883e-01 1.564345e-01 0.000000e+00
    outer loop
      vertex 11.8070 129.4129 0.0000
      vertex 11.8070 129.4129 4.0000
      vertex 11.9000 130.0000 4.0000
    endloop
  endfacet
  facet normal -9.876883e-01 1.564345e-01 0.000000e+00
    outer loop
      vertex 11.8070 129.4129 0.0000
      vertex 11.9000 130.0000 4.0000
      vertex 11.9000 130.0000 0.0000
    endloop
  endfacet
  facet normal 0.000000e+00 0.000000e+00 -1.000000e+00
    outer loop
      vertex 17.5133 127.5588 0.0000
      vertex 11.8070 129.4129 0.0000
      vertex 11.9000 130.0000 0.0000
    endloop
  endfacet
  facet normal 0.000000e+00 0.000000e+00 -1.000000e+00
    outer loop
      vertex 17.5133 127.5588 0.0000
      vertex 11.9000 130.0000 0.0000
      vertex 17.9000 130.0000 0.0000
    endloop
  endfacet
  facet normal 0.000000e+00 -0.000000e+00 1.000000e+00
    outer loop
      vertex 17.5133 127.5588 4.0000
      vertex 17.9000 130.0000 4.0000
      vertex 11.9000 130.0000 4.0000
    endloop
  endfacet
  facet normal 0.000000e+00 0.000000e+00 1.000000e+00
    outer loop
      vertex 17.5133 127.5588 4.0000
      vertex 11.9000 130.0000 4.0000
      vertex 11.8070 129.4129 4.0000
    endloop
  endfacet
endsolid frame_m3_tl
solid frame_m3_tr
  facet normal 9.876883e-01 1.564345e-01 0.000000e+00
    outer loop
      vertex 197.9000 130.0000 0.0000
      vertex 197.5133 132.4412 0.0000
      vertex 197.5133 132.4412 4.0000
    endloop
  endfacet
  facet normal 9.876883e-01 1.564345e-01 -0.000000e+00
    outer loop
      vertex 197.9000 130.0000 0.0000
      vertex 197.5133 132.4412 4.0000
      vertex 197.9000 130.0000 4.0000
    endloop
  endfacet
  facet normal -9.876883e-01 -1.564345e-01 0.000000e+00
    outer loop
      vertex 191.9000 130.0000 0.0000
      vertex 191.9000 130.0000 4.0000
      vertex 191.8070 130.5871 4.0000
    endloop
  endfacet
  facet normal -9.876883e-01 -1.564345e-01 0.000000e+00
    outer loop
      vertex 191.9000 130.0000 0.0000
      vertex 191.8070 130.5871 4.0000
      vertex 191.8070 130.5871 0.0000
    endloop
  endfacet
  facet normal 0.000000e+00 0.000000e+00 -1.000000e+00
    outer loop
      vertex 197.9000 130.0000 0.0000
      vertex 191.9000 130.0000 0.0000
      vertex 191.8070 130.5871 0.0000
    endloop
  endfacet
  facet normal 0.000000e+00 0.000000e+00 -1.000000e+00
    outer loop
      vertex 197.9000 130.0000 0.0000
      vertex 191.8070 130.5871 0.0000
      vertex 197.5133 132.4412 0.0000
    endloop
  endfacet
  facet normal 0.000000e+00 0.000000e+00 1.000000e+00
    outer loop
      vertex 197.9000 130.0000 4.0000
      vertex 197.5133 132.4412 4.0000
      vertex 191.8070 130.5871 4.0000
    endloop
  endfacet
  facet normal 0.000000e+00 0.000000e+00 1.000000e+00
    outer loop
      vertex 197.9000 130.0000 4.0000
      vertex 191.8070 130.5871 4.0000
      vertex 191.9000 130.0000 4.0000
    endloop
  endfacet
  facet normal 8.910065e-01 4.539905e-01 0.000000e+00
    outer loop
      vertex 197.5133 132.4412 0.0000
      vertex 196.3912 134.6435 0.0000
      vertex 196.3912 134.6435 4.0000
    endloop
  endfacet
  facet normal 8.910065e-01 4.539905e-01 -0.000000e+00
    outer loop
      vertex 197.5133 132.4412 0.0000
      vertex 196.3912 134.6435 4.0000
      vertex 197.5133 132.4412 4.0000
    endloop
  endfacet
  facet normal -8.910065e-01 -4.539905e-01 0.000000e+00
    outer loop
      vertex 191.8070 130.5871 0.0000
      vertex 191.8070 130.5871 4.0000
      vertex 191.5371 131.1168 4.0000
    endloop
  endfacet
  facet normal -8.910065e-01 -4.539905e-01 0.000000e+00
    outer loop
      vertex 191.8070 130.5871 0.0000
      vertex 191.5371 131.1168 4.0000
      vertex 191.5371 131.1168 0.0000
    endloop
  endfacet
  facet normal 0.000000e+00 0.000000e+00 -1.000000e+00
    outer loop
      vertex 197.5133 132.4412 0.0000
      vertex 191.8070 130.5871 0.0000
      vertex 191.5371 131.1168 0.0000
    endloop
  endfacet
  facet normal -0.000000e+00 0.000000e+00 -1.000000e+00
    outer loop
      vertex 197.5133 132.4412 0.0000
      vertex 191.5371 131.1168 0.0000
      vertex 196.3912 134.6435 0.0000
    endloop
  endfacet
  facet normal 0.000000e+00 0.000000e+00 1.000000e+00
    outer loop
      vertex 197.5133 132.4412 4.0000
      vertex 196.3912 134.6435 4.0000
      vertex 191.5371 131.1168 4.0000
    endloop
  endfacet
  facet normal 0.000000e+00 0.000000e+00 1.000000e+00
    outer loop
      vertex 197.5133 132.4412 4.0000
      vertex 191.5371 131.1168 4.0000
      vertex 191.8070 130.5871 4.0000
    endloop
  endfacet
  facet normal 7.071068e-01 7.071068e-01 0.000000e+00
    outer loop
      vertex 196.3912 134.6435 0.0000
      vertex 194.6435 136.3912 0.0000
      vertex 194.6435 136.3912 4.0000
    endloop
  endfacet
  facet normal 7.071068e-01 7.071068e-01 -0.000000e+00
    outer loop
      vertex 196.3912 134.6435 0.0000
      vertex 194.6435 136.3912 4.0000
      vertex 196.3912 134.6435 4.0000
    endloop
  endfacet
  facet normal -7.071068e-01 -7.071068e-01 0.000000e+00
    outer loop
      vertex 191.5371 131.1168 0.0000
      vertex 191.5371 131.1168 4.0000
      vertex 191.1168 131.5371 4.0000
    endloop
  endfacet
  facet normal -7.071068e-01 -7.071068e-01 0.000000e+00
    outer loop
      vertex 191.5371 131.1168 0.0000
      vertex 191.1168 131.5371 4.0000
      vertex 191.1168 131.5371 0.0000
    endloop
  endfacet
  facet normal 0.000000e+00 0.000000e+00 -1.000000e+00
    outer loop
      vertex 196.3912 134.6435 0.0000
      vertex 191.5371 131.1168 0.0000
      vertex 191.1168 131.5371 0.0000
    endloop
  endfacet
  facet normal -0.000000e+00 0.000000e+00 -1.000000e+00
    outer loop
      vertex 196.3912 134.6435 0.0000
      vertex 191.1168 131.5371 0.0000
      vertex 194.6435 136.3912 0.0000
    endloop
  endfacet
  facet normal 0.000000e+00 0.000000e+00 1.000000e+00
    outer loop
      vertex 196.3912 134.6435 4.0000
      vertex 194.6435 136.3912 4.0000
      vertex 191.1168 131.5371 4.0000
    endloop
  endfacet
  facet normal 0.000000e+00 0.000000e+00 1.000000e+00
    outer loop
      vertex 196.3912 134.6435 4.0000
      vertex 191.1168 131.5371 4.0000
      vertex 191.5371 131.1168 4.0000
    endloop
  endfacet
  facet normal 4.539905e-01 8.910065e-01 0.000000e+00
    outer loop
      vertex 194.6435 136.3912 0.0000
      vertex 192.4412 137.5133 0.0000
      vertex 192.4412 137.5133 4.0000
    endloop
  endfacet
  facet normal 4.539905e-01 8.910065e-01 -0.000000e+00
    outer loop
      vertex 194.6435 136.3912 0.0000
      vertex 192.4412 137.5133 4.0000
      vertex 194.6435 136.3912 4.0000
    endloop
  endfacet
  facet normal -4.539905e-01 -8.910065e-01 0.000000e+00
    outer loop
      vertex 191.1168 131.5371 0.0000
      vertex 191.1168 131.5371 4.0000
      vertex 190.5871 131.8070 4.0000
    endloop
  endfacet
  facet normal -4.539905e-01 -8.910065e-01 0.000000e+00
    outer loop
      vertex 191.1168 131.5371 0.0000
      vertex 190.5871 131.8070 4.0000
      vertex 190.5871 131.8070 0.0000
    endloop
  endfacet
  facet normal 0.000000e+00 0.000000e+00 -1.000000e+00
    outer loop
      vertex 194.6435 136.3912 0.0000
      vertex 191.1168 131.5371 0.0000
      vertex 190.5871 131.8070 0.0000
    endloop
  endfacet
  facet normal -0.000000e+00 0.000000e+00 -1.000000e+00
    outer loop
      vertex 194.6435 136.3912 0.0000
      vertex 190.5871 131.8070 0.0000
      vertex 192.4412 137.5133 0.0000
    endloop
  endfacet
  facet normal 0.000000e+00 0.000000e+00 1.000000e+00
    outer loop
      vertex 194.6435 136.3912 4.0000
      vertex 192.4412 137.5133 4.0000
      vertex 190.5871 131.8070 4.0000
    endloop
  endfacet
  facet normal 0.000000e+00 0.000000e+00 1.000000e+00
    outer loop
      vertex 194.6435 136.3912 4.0000
      vertex 190.5871 131.8070 4.0000
      vertex 191.1168 131.5371 4.0000
    endloop
  endfacet
  facet normal 1.564345e-01 9.876883e-01 0.000000e+00
    outer loop
      vertex 192.4412 137.5133 0.0000
      vertex 190.0000 137.9000 0.0000
      vertex 190.0000 137.9000 4.0000
    endloop
  endfacet
  facet normal 1.564345e-01 9.876883e-01 -0.000000e+00
    outer loop
      vertex 192.4412 137.5133 0.0000
      vertex 190.0000 137.9000 4.0000
      vertex 192.4412 137.5133 4.0000
    endloop
  endfacet
  facet normal -1.564345e-01 -9.876883e-01 0.000000e+00
    outer loop
      vertex 190.5871 131.8070 0.0000
      vertex 190.5871 131.8070 4.0000
      vertex 190.0000 131.9000 4.0000
    endloop
  endfacet
  facet normal -1.564345e-01 -9.876883e-01 0.000000e+00
    outer loop
      vertex 190.5871 131.8070 0.0000
      vertex 190.0000 131.9000 4.0000
      vertex 190.0000 131.9000 0.0000
    endloop
  endfacet
  facet normal 0.000000e+00 0.000000e+00 -1.000000e+00
    outer loop
      vertex 192.4412 137.5133 0.0000
      vertex 190.5871 131.8070 0.0000
      vertex 190.0000 131.9000 0.0000
    endloop
  endfacet
  facet normal -0.000000e+00 0.000000e+00 -1.000000e+00
    outer loop
      vertex 192.4412 137.5133 0.0000
      vertex 190.0000 131.9000 0.0000
      vertex 190.0000 137.9000 0.0000
    endloop
  endfacet
  facet normal 0.000000e+00 0.000000e+00 1.000000e+00
    outer loop
      vertex 192.4412 137.5133 4.0000
      vertex 190.0000 137.9000 4.0000
      vertex 190.0000 131.9000 4.0000
    endloop
  endfacet
  facet normal 0.000000e+00 0.000000e+00 1.000000e+00
    outer loop
      vertex 192.4412 137.5133 4.0000
      vertex 190.0000 131.9000 4.0000
      vertex 190.5871 131.8070 4.0000
    endloop
  endfacet
  facet normal -1.564345e-01 9.876883e-01 0.000000e+00
    outer loop
      vertex 190.0000 137.9000 0.0000
      vertex 187.5588 137.5133 0.0000
      vertex 187.5588 137.5133 4.0000
    endloop
  endfacet
  facet normal -1.564345e-01 9.876883e-01 0.000000e+00
    outer loop
      vertex 190.0000 137.9000 0.0000
      vertex 187.5588 137.5133 4.0000
      vertex 190.0000 137.9000 4.0000
    endloop
  endfacet
  facet normal 1.564345e-01 -9.876883e-01 0.000000e+00
    outer loop
      vertex 190.0000 131.9000 0.0000
      vertex 190.0000 131.9000 4.0000
      vertex 189.4129 131.8070 4.0000
    endloop
  endfacet
  facet normal 1.564345e-01 -9.876883e-01 0.000000e+00
    outer loop
      vertex 190.0000 131.9000 0.0000
      vertex 189.4129 131.8070 4.0000
      vertex 189.4129 131.8070 0.0000
    endloop
  endfacet
  facet normal 0.000000e+00 -0.000000e+00 -1.000000e+00
    outer loop
      vertex 190.0000 137.9000 0.0000
      vertex 190.0000 131.9000 0.0000
      vertex 189.4129 131.8070 0.0000
    endloop
  endfacet
  facet normal 0.000000e+00 0.000000e+00 -1.000000e+00
    outer loop
      vertex 190.0000 137.9000 0.0000
      vertex 189.4129 131.8070 0.0000
      vertex 187.5588 137.5133 0.0000
    endloop
  endfacet
  facet normal 0.000000e+00 0.000000e+00 1.000000e+00
    outer loop
      vertex 190.0000 137.9000 4.0000
      vertex 187.5588 137.5133 4.0000
      vertex 189.4129 131.8070 4.0000
    endloop
  endfacet
  facet normal 0.000000e+00 0.000000e+00 1.000000e+00
    outer loop
      vertex 190.0000 137.9000 4.0000
      vertex 189.4129 131.8070 4.0000
      vertex 190.0000 131.9000 4.0000
    endloop
  endfacet
  facet normal -4.539905e-01 8.910065e-01 0.000000e+00
    outer loop
      vertex 187.5588 137.5133 0.0000
      vertex 185.3565 136.3912 0.0000
      vertex 185.3565 136.3912 4.0000
    endloop
  endfacet
  facet normal -4.539905e-01 8.910065e-01 0.000000e+00
    outer loop
      vertex 187.5588 137.5133 0.0000
      vertex 185.3565 136.3912 4.0000
      vertex 187.5588 137.5133 4.0000
    endloop
  endfacet
  facet normal 4.539905e-01 -8.910065e-01 0.000000e+00
    outer loop
      vertex 189.4129 131.8070 0.0000
      vertex 189.4129 131.8070 4.0000
      vertex 188.8832 131.5371 4.0000
    endloop
  endfacet
  facet normal 4.539905e-01 -8.910065e-01 0.000000e+00
    outer loop
      vertex 189.4129 131.8070 0.0000
      vertex 188.8832 131.5371 4.0000
      vertex 188.8832 131.5371 0.0000
    endloop
  endfacet
  facet normal 0.000000e+00 0.000000e+00 -1.000000e+00
    outer loop
      vertex 187.5588 137.5133 0.0000
      vertex 189.4129 131.8070 0.0000
      vertex 188.8832 131.5371 0.0000
    endloop
  endfacet
  facet normal 0.000000e+00 -0.000000e+00 -1.000000e+00
    outer loop
      vertex 187.5588 137.5133 0.0000
      vertex 188.8832 131.5371 0.0000
      vertex 185.3565 136.3912 0.0000
    endloop
  endfacet
  facet normal 0.000000e+00 0.000000e+00 1.000000e+00
    outer loop
      vertex 187.5588 137.5133 4.0000
      vertex 185.3565 136.3912 4.0000
      vertex 188.8832 131.5371 4.0000
    endloop
  endfacet
  facet normal 0.000000e+00 0.000000e+00 1.000000e+00
    outer loop
      vertex 187.5588 137.5133 4.0000
      vertex 188.8832 131.5371 4.0000
      vertex 189.4129 131.8070 4.0000
    endloop
  endfacet
  facet normal -7.071068e-01 7.071068e-01 0.000000e+00
    outer loop
      vertex 185.3565 136.3912 0.0000
      vertex 183.6088 134.6435 0.0000
      vertex 183.6088 134.6435 4.0000
    endloop
  endfacet
  facet normal -7.071068e-01 7.071068e-01 0.000000e+00
    outer loop
      vertex 185.3565 136.3912 0.0000
      vertex 183.6088 134.6435 4.0000
      vertex 185.3565 136.3912 4.0000
    endloop
  endfacet
  facet normal 7.071068e-01 -7.071068e-01 0.000000e+00
    outer loop
      vertex 188.8832 131.5371 0.0000
      vertex 188.8832 131.5371 4.0000
      vertex 188.4629 131.1168 4.0000
    endloop
  endfacet
  facet normal 7.071068e-01 -7.071068e-01 0.000000e+00
    outer loop
      vertex 188.8832 131.5371 0.0000
      vertex 188.4629 131.1168 4.0000
      vertex 188.4629 131.1168 0.0000
    endloop
  endfacet
  facet normal 0.000000e+00 0.000000e+00 -1.000000e+00
    outer loop
      vertex 185.3565 136.3912 0.0000
      vertex 188.8832 131.5371 0.0000
      vertex 188.4629 131.1168 0.0000
    endloop
  endfacet
  facet normal 0.000000e+00 -0.000000e+00 -1.000000e+00
    outer loop
      vertex 185.3565 136.3912 0.0000
      vertex 188.4629 131.1168 0.0000
      vertex 183.6088 134.6435 0.0000
    endloop
  endfacet
  facet normal 0.000000e+00 0.000000e+00 1.000000e+00
    outer loop
      vertex 185.3565 136.3912 4.0000
      vertex 183.6088 134.6435 4.0000
      vertex 188.4629 131.1168 4.0000
    endloop
  endfacet
  facet normal 0.000000e+00 0.000000e+00 1.000000e+00
    outer loop
      vertex 185.3565 136.3912 4.0000
      vertex 188.4629 131.1168 4.0000
      vertex 188.8832 131.5371 4.0000
    endloop
  endfacet
  facet normal -8.910065e-01 4.539905e-01 0.000000e+00
    outer loop
      vertex 183.6088 134.6435 0.0000
      vertex 182.4867 132.4412 0.0000
      vertex 182.4867 132.4412 4.0000
    endloop
  endfacet
  facet normal -8.910065e-01 4.539905e-01 0.000000e+00
    outer loop
      vertex 183.6088 134.6435 0.0000
      vertex 182.4867 132.4412 4.0000
      vertex 183.6088 134.6435 4.0000
    endloop
  endfacet
  facet normal 8.910065e-01 -4.539905e-01 0.000000e+00
    outer loop
      vertex 188.4629 131.1168 0.0000
      vertex 188.4629 131.1168 4.0000
      vertex 188.1930 130.5871 4.0000
    endloop
  endfacet
  facet normal 8.910065e-01 -4.539905e-01 0.000000e+00
    outer loop
      vertex 188.4629 131.1168 0.0000
      vertex 188.1930 130.5871 4.0000
      vertex 188.1930 130.5871 0.0000
    endloop
  endfacet
  facet normal 0.000000e+00 0.000000e+00 -1.000000e+00
    outer loop
      vertex 183.6088 134.6435 0.0000
      vertex 188.4629 131.1168 0.0000
      vertex 188.1930 130.5871 0.0000
    endloop
  endfacet
  facet normal 0.000000e+00 -0.000000e+00 -1.000000e+00
    outer loop
      vertex 183.6088 134.6435 0.0000
      vertex 188.1930 130.5871 0.0000
      vertex 182.4867 132.4412 0.0000
    endloop
  endfacet
  facet normal 0.000000e+00 0.000000e+00 1.000000e+00
    outer loop
      vertex 183.6088 134.6435 4.0000
      vertex 182.4867 132.4412 4.0000
      vertex 188.1930 130.5871 4.0000
    endloop
  endfacet
  facet normal 0.000000e+00 0.000000e+00 1.000000e+00
    outer loop
      vertex 183.6088 134.6435 4.0000
      vertex 188.1930 130.5871 4.0000
      vertex 188.4629 131.1168 4.0000
    endloop
  endfacet
  facet normal -9.876883e-01 1.564345e-01 0.000000e+00
    outer loop
      vertex 182.4867 132.4412 0.0000
      vertex 182.1000 130.0000 0.0000
      vertex 182.1000 130.0000 4.0000
    endloop
  endfacet
  facet normal -9.876883e-01 1.564345e-01 0.000000e+00
    outer loop
      vertex 182.4867 132.4412 0.0000
      vertex 182.1000 130.0000 4.0000
      vertex 182.4867 132.4412 4.0000
    endloop
  endfacet
  facet normal 9.876883e-01 -1.564345e-01 0.000000e+00
    outer loop
      vertex 188.1930 130.5871 0.0000
      vertex 188.1930 130.5871 4.0000
      vertex 188.1000 130.0000 4.0000
    endloop
  endfacet
  facet normal 9.876883e-01 -1.564345e-01 0.000000e+00
    outer loop
      vertex 188.1930 130.5871 0.0000
      vertex 188.1000 130.0000 4.0000
      vertex 188.1000 130.0000 0.0000
    endloop
  endfacet
  facet normal 0.000000e+00 0.000000e+00 -1.000000e+00
    outer loop
      vertex 182.4867 132.4412 0.0000
      vertex 188.1930 130.5871 0.0000
      vertex 188.1000 130.0000 0.0000
    endloop
  endfacet
  facet normal 0.000000e+00 -0.000000e+00 -1.000000e+00
    outer loop
      vertex 182.4867 132.4412 0.0000
      vertex 188.1000 130.0000 0.0000
      vertex 182.1000 130.0000 0.0000
    endloop
  endfacet
  facet normal 0.000000e+00 0.000000e+00 1.000000e+00
    outer loop
      vertex 182.4867 132.4412 4.0000
      vertex 182.1000 130.0000 4.0000
      vertex 188.1000 130.0000 4.0000
    endloop
  endfacet
  facet normal 0.000000e+00 0.000000e+00 1.000000e+00
    outer loop
      vertex 182.4867 132.4412 4.0000
      vertex 188.1000 130.0000 4.0000
      vertex 188.1930 130.5871 4.0000
    endloop
  endfacet
  facet normal -9.876883e-01 -1.564345e-01 0.000000e+00
    outer loop
      vertex 182.1000 130.0000 0.0000
      vertex 182.4867 127.5588 0.0000
      vertex 182.4867 127.5588 4.0000
    endloop
  endfacet
  facet normal -9.876883e-01 -1.564345e-01 0.000000e+00
    outer loop
      vertex 182.1000 130.0000 0.0000
      vertex 182.4867 127.5588 4.0000
      vertex 182.1000 130.0000 4.0000
    endloop
  endfacet
  facet normal 9.876883e-01 1.564345e-01 -0.000000e+00
    outer loop
      vertex 188.1000 130.0000 0.0000
      vertex 188.1000 130.0000 4.0000
      vertex 188.1930 129.4129 4.0000
    endloop
  endfacet
  facet normal 9.876883e-01 1.564345e-01 0.000000e+00
    outer loop
      vertex 188.1000 130.0000 0.0000
      vertex 188.1930 129.4129 4.0000
      vertex 188.1930 129.4129 0.0000
    endloop
  endfacet
  facet normal 0.000000e+00 0.000000e+00 -1.000000e+00
    outer loop
      vertex 182.1000 130.0000 0.0000
      vertex 188.1000 130.0000 0.0000
      vertex 188.1930 129.4129 0.0000
    endloop
  endfacet
  facet normal 0.000000e+00 0.000000e+00 -1.000000e+00
    outer loop
      vertex 182.1000 130.0000 0.0000
      vertex 188.1930 129.4129 0.0000
      vertex 182.4867 127.5588 0.0000
    endloop
  endfacet
  facet normal 0.000000e+00 0.000000e+00 1.000000e+00
    outer loop
      vertex 182.1000 130.0000 4.0000
      vertex 182.4867 127.5588 4.0000
      vertex 188.1930 129.4129 4.0000
    endloop
  endfacet
  facet normal -0.000000e+00 0.000000e+00 1.000000e+00
    outer loop
      vertex 182.1000 130.0000 4.0000
      vertex 188.1930 129.4129 4.0000
      vertex 188.1000 130.0000 4.0000
    endloop
  endfacet
  facet normal -8.910065e-01 -4.539905e-01 0.000000e+00
    outer loop
      vertex 182.4867 127.5588 0.0000
      vertex 183.6088 125.3565 0.0000
      vertex 183.6088 125.3565 4.0000
    endloop
  endfacet
  facet normal -8.910065e-01 -4.539905e-01 0.000000e+00
    outer loop
      vertex 182.4867 127.5588 0.0000
      vertex 183.6088 125.3565 4.0000
      vertex 182.4867 127.5588 4.0000
    endloop
  endfacet
  facet normal 8.910065e-01 4.539905e-01 -0.000000e+00
    outer loop
      vertex 188.1930 129.4129 0.0000
      vertex 188.1930 129.4129 4.0000
      vertex 188.4629 128.8832 4.0000
    endloop
  endfacet
  facet normal 8.910065e-01 4.539905e-01 0.000000e+00
    outer loop
      vertex 188.1930 129.4129 0.0000
      vertex 188.4629 128.8832 4.0000
      vertex 188.4629 128.8832 0.0000
    endloop
  endfacet
  facet normal 0.000000e+00 0.000000e+00 -1.000000e+00
    outer loop
      vertex 182.4867 127.5588 0.0000
      vertex 188.1930 129.4129 0.0000
      vertex 188.4629 128.8832 0.0000
    endloop
  endfacet
  facet normal 0.000000e+00 0.000000e+00 -1.000000e+00
    outer loop
      vertex 182.4867 127.5588 0.0000
      vertex 188.4629 128.8832 0.0000
      vertex 183.6088 125.3565 0.0000
    endloop
  endfacet
  facet normal -0.000000e+00 0.000000e+00 1.000000e+00
    outer loop
      vertex 182.4867 127.5588 4.0000
      vertex 183.6088 125.3565 4.0000
      vertex 188.4629 128.8832 4.0000
    endloop
  endfacet
  facet normal 0.000000e+00 0.000000e+00 1.000000e+00
    outer loop
      vertex 182.4867 127.5588 4.0000
      vertex 188.4629 128.8832 4.0000
      vertex 188.1930 129.4129 4.0000
    endloop
  endfacet
  facet normal -7.071068e-01 -7.071068e-01 0.000000e+00
    outer loop
      vertex 183.6088 125.3565 0.0000
      vertex 185.3565 123.6088 0.0000
      vertex 185.3565 123.6088 4.0000
    endloop
  endfacet
  facet normal -7.071068e-01 -7.071068e-01 0.000000e+00
    outer loop
      vertex 183.6088 125.3565 0.0000
      vertex 185.3565 123.6088 4.0000
      vertex 183.6088 125.3565 4.0000
    endloop
  endfacet
  facet normal 7.071068e-01 7.071068e-01 -0.000000e+00
    outer loop
      vertex 188.4629 128.8832 0.0000
      vertex 188.4629 128.8832 4.0000
      vertex 188.8832 128.4629 4.0000
    endloop
  endfacet
  facet normal 7.071068e-01 7.071068e-01 0.000000e+00
    outer loop
      vertex 188.4629 128.8832 0.0000
      vertex 188.8832 128.4629 4.0000
      vertex 188.8832 128.4629 0.0000
    endloop
  endfacet
  facet normal 0.000000e+00 0.000000e+00 -1.000000e+00
    outer loop
      vertex 183.6088 125.3565 0.0000
      vertex 188.4629 128.8832 0.0000
      vertex 188.8832 128.4629 0.0000
    endloop
  endfacet
  facet normal 0.000000e+00 0.000000e+00 -1.000000e+00
    outer loop
      vertex 183.6088 125.3565 0.0000
      vertex 188.8832 128.4629 0.0000
      vertex 185.3565 123.6088 0.0000
    endloop
  endfacet
  facet normal -0.000000e+00 0.000000e+00 1.000000e+00
    outer loop
      vertex 183.6088 125.3565 4.0000
      vertex 185.3565 123.6088 4.0000
      vertex 188.8832 128.4629 4.0000
    endloop
  endfacet
  facet normal 0.000000e+00 0.000000e+00 1.000000e+00
    outer loop
      vertex 183.6088 125.3565 4.0000
      vertex 188.8832 128.4629 4.0000
      vertex 188.4629 128.8832 4.0000
    endloop
  endfacet
  facet normal -4.539905e-01 -8.910065e-01 0.000000e+00
    outer loop
      vertex 185.3565 123.6088 0.0000
      vertex 187.5588 122.4867 0.0000
      vertex 187.5588 122.4867 4.0000
    endloop
  endfacet
  facet normal -4.539905e-01 -8.910065e-01 0.000000e+00
    outer loop
      vertex 185.3565 123.6088 0.0000
      vertex 187.5588 122.4867 4.0000
      vertex 185.3565 123.6088 4.0000
    endloop
  endfacet
  facet normal 4.539905e-01 8.910065e-01 -0.000000e+00
    outer loop
      vertex 188.8832 128.4629 0.0000
      vertex 188.8832 128.4629 4.0000
      vertex 189.4129 128.1930 4.0000
    endloop
  endfacet
  facet normal 4.539905e-01 8.910065e-01 0.000000e+00
    outer loop
      vertex 188.8832 128.4629 0.0000
      vertex 189.4129 128.1930 4.0000
      vertex 189.4129 128.1930 0.0000
    endloop
  endfacet
  facet normal 0.000000e+00 0.000000e+00 -1.000000e+00
    outer loop
      vertex 185.3565 123.6088 0.0000
      vertex 188.8832 128.4629 0.0000
      vertex 189.4129 128.1930 0.0000
    endloop
  endfacet
  facet normal 0.000000e+00 0.000000e+00 -1.000000e+00
    outer loop
      vertex 185.3565 123.6088 0.0000
      vertex 189.4129 128.1930 0.0000
      vertex 187.5588 122.4867 0.0000
    endloop
  endfacet
  facet normal -0.000000e+00 0.000000e+00 1.000000e+00
    outer loop
      vertex 185.3565 123.6088 4.0000
      vertex 187.5588 122.4867 4.0000
      vertex 189.4129 128.1930 4.0000
    endloop
  endfacet
  facet normal 0.000000e+00 0.000000e+00 1.000000e+00
    outer loop
      vertex 185.3565 123.6088 4.0000
      vertex 189.4129 128.1930 4.0000
      vertex 188.8832 128.4629 4.0000
    endloop
  endfacet
  facet normal -1.564345e-01 -9.876883e-01 0.000000e+00
    outer loop
      vertex 187.5588 122.4867 0.0000
      vertex 190.0000 122.1000 0.0000
      vertex 190.0000 122.1000 4.0000
    endloop
  endfacet
  facet normal -1.564345e-01 -9.876883e-01 0.000000e+00
    outer loop
      vertex 187.5588 122.4867 0.0000
      vertex 190.0000 122.1000 4.0000
      vertex 187.5588 122.4867 4.0000
    endloop
  endfacet
  facet normal 1.564345e-01 9.876883e-01 -0.000000e+00
    outer loop
      vertex 189.4129 128.1930 0.0000
      vertex 189.4129 128.1930 4.0000
      vertex 190.0000 128.1000 4.0000
    endloop
  endfacet
  facet normal 1.564345e-01 9.876883e-01 0.000000e+00
    outer loop
      vertex 189.4129 128.1930 0.0000
      vertex 190.0000 128.1000 4.0000
      vertex 190.0000 128.1000 0.0000
    endloop
  endfacet
  facet normal 0.000000e+00 0.000000e+00 -1.000000e+00
    outer loop
      vertex 187.5588 122.4867 0.0000
      vertex 189.4129 128.1930 0.0000
      vertex 190.0000 128.1000 0.0000
    endloop
  endfacet
  facet normal 0.000000e+00 0.000000e+00 -1.000000e+00
    outer loop
      vertex 187.5588 122.4867 0.0000
      vertex 190.0000 128.1000 0.0000
      vertex 190.0000 122.1000 0.0000
    endloop
  endfacet
  facet normal -0.000000e+00 0.000000e+00 1.000000e+00
    outer loop
      vertex 187.5588 122.4867 4.0000
      vertex 190.0000 122.1000 4.0000
      vertex 190.0000 128.1000 4.0000
    endloop
  endfacet
  facet normal 0.000000e+00 0.000000e+00 1.000000e+00
    outer loop
      vertex 187.5588 122.4867 4.0000
      vertex 190.0000 128.1000 4.0000
      vertex 189.4129 128.1930 4.0000
    endloop
  endfacet
  facet normal 1.564345e-01 -9.876883e-01 0.000000e+00
    outer loop
      vertex 190.0000 122.1000 0.0000
      vertex 192.4412 122.4867 0.0000
      vertex 192.4412 122.4867 4.0000
    endloop
  endfacet
  facet normal 1.564345e-01 -9.876883e-01 0.000000e+00
    outer loop
      vertex 190.0000 122.1000 0.0000
      vertex 192.4412 122.4867 4.0000
      vertex 190.0000 122.1000 4.0000
    endloop
  endfacet
  facet normal -1.564345e-01 9.876883e-01 0.000000e+00
    outer loop
      vertex 190.0000 128.1000 0.0000
      vertex 190.0000 128.1000 4.0000
      vertex 190.5871 128.1930 4.0000
    endloop
  endfacet
  facet normal -1.564345e-01 9.876883e-01 0.000000e+00
    outer loop
      vertex 190.0000 128.1000 0.0000
      vertex 190.5871 128.1930 4.0000
      vertex 190.5871 128.1930 0.0000
    endloop
  endfacet
  facet normal 0.000000e+00 0.000000e+00 -1.000000e+00
    outer loop
      vertex 190.0000 122.1000 0.0000
      vertex 190.0000 128.1000 0.0000
      vertex 190.5871 128.1930 0.0000
    endloop
  endfacet
  facet normal 0.000000e+00 0.000000e+00 -1.000000e+00
    outer loop
      vertex 190.0000 122.1000 0.0000
      vertex 190.5871 128.1930 0.0000
      vertex 192.4412 122.4867 0.0000
    endloop
  endfacet
  facet normal 0.000000e+00 0.000000e+00 1.000000e+00
    outer loop
      vertex 190.0000 122.1000 4.0000
      vertex 192.4412 122.4867 4.0000
      vertex 190.5871 128.1930 4.0000
    endloop
  endfacet
  facet normal 0.000000e+00 0.000000e+00 1.000000e+00
    outer loop
      vertex 190.0000 122.1000 4.0000
      vertex 190.5871 128.1930 4.0000
      vertex 190.0000 128.1000 4.0000
    endloop
  endfacet
  facet normal 4.539905e-01 -8.910065e-01 0.000000e+00
    outer loop
      vertex 192.4412 122.4867 0.0000
      vertex 194.6435 123.6088 0.0000
      vertex 194.6435 123.6088 4.0000
    endloop
  endfacet
  facet normal 4.539905e-01 -8.910065e-01 0.000000e+00
    outer loop
      vertex 192.4412 122.4867 0.0000
      vertex 194.6435 123.6088 4.0000
      vertex 192.4412 122.4867 4.0000
    endloop
  endfacet
  facet normal -4.539905e-01 8.910065e-01 0.000000e+00
    outer loop
      vertex 190.5871 128.1930 0.0000
      vertex 190.5871 128.1930 4.0000
      vertex 191.1168 128.4629 4.0000
    endloop
  endfacet
  facet normal -4.539905e-01 8.910065e-01 0.000000e+00
    outer loop
      vertex 190.5871 128.1930 0.0000
      vertex 191.1168 128.4629 4.0000
      vertex 191.1168 128.4629 0.0000
    endloop
  endfacet
  facet normal 0.000000e+00 0.000000e+00 -1.000000e+00
    outer loop
      vertex 192.4412 122.4867 0.0000
      vertex 190.5871 128.1930 0.0000
      vertex 191.1168 128.4629 0.0000
    endloop
  endfacet
  facet normal 0.000000e+00 0.000000e+00 -1.000000e+00
    outer loop
      vertex 192.4412 122.4867 0.0000
      vertex 191.1168 128.4629 0.0000
      vertex 194.6435 123.6088 0.0000
    endloop
  endfacet
  facet normal 0.000000e+00 -0.000000e+00 1.000000e+00
    outer loop
      vertex 192.4412 122.4867 4.0000
      vertex 194.6435 123.6088 4.0000
      vertex 191.1168 128.4629 4.0000
    endloop
  endfacet
  facet normal 0.000000e+00 0.000000e+00 1.000000e+00
    outer loop
      vertex 192.4412 122.4867 4.0000
      vertex 191.1168 128.4629 4.0000
      vertex 190.5871 128.1930 4.0000
    endloop
  endfacet
  facet normal 7.071068e-01 -7.071068e-01 0.000000e+00
    outer loop
      vertex 194.6435 123.6088 0.0000
      vertex 196.3912 125.3565 0.0000
      vertex 196.3912 125.3565 4.0000
    endloop
  endfacet
  facet normal 7.071068e-01 -7.071068e-01 0.000000e+00
    outer loop
      vertex 194.6435 123.6088 0.0000
      vertex 196.3912 125.3565 4.0000
      vertex 194.6435 123.6088 4.0000
    endloop
  endfacet
  facet normal -7.071068e-01 7.071068e-01 0.000000e+00
    outer loop
      vertex 191.1168 128.4629 0.0000
      vertex 191.1168 128.4629 4.0000
      vertex 191.5371 128.8832 4.0000
    endloop
  endfacet
  facet normal -7.071068e-01 7.071068e-01 0.000000e+00
    outer loop
      vertex 191.1168 128.4629 0.0000
      vertex 191.5371 128.8832 4.0000
      vertex 191.5371 128.8832 0.0000
    endloop
  endfacet
  facet normal 0.000000e+00 0.000000e+00 -1.000000e+00
    outer loop
      vertex 194.6435 123.6088 0.0000
      vertex 191.1168 128.4629 0.0000
      vertex 191.5371 128.8832 0.0000
    endloop
  endfacet
  facet normal 0.000000e+00 0.000000e+00 -1.000000e+00
    outer loop
      vertex 194.6435 123.6088 0.0000
      vertex 191.5371 128.8832 0.0000
      vertex 196.3912 125.3565 0.0000
    endloop
  endfacet
  facet normal 0.000000e+00 -0.000000e+00 1.000000e+00
    outer loop
      vertex 194.6435 123.6088 4.0000
      vertex 196.3912 125.3565 4.0000
      vertex 191.5371 128.8832 4.0000
    endloop
  endfacet
  facet normal 0.000000e+00 0.000000e+00 1.000000e+00
    outer loop
      vertex 194.6435 123.6088 4.0000
      vertex 191.5371 128.8832 4.0000
      vertex 191.1168 128.4629 4.0000
    endloop
  endfacet
  facet normal 8.910065e-01 -4.539905e-01 0.000000e+00
    outer loop
      vertex 196.3912 125.3565 0.0000
      vertex 197.5133 127.5588 0.0000
      vertex 197.5133 127.5588 4.0000
    endloop
  endfacet
  facet normal 8.910065e-01 -4.539905e-01 0.000000e+00
    outer loop
      vertex 196.3912 125.3565 0.0000
      vertex 197.5133 127.5588 4.0000
      vertex 196.3912 125.3565 4.0000
    endloop
  endfacet
  facet normal -8.910065e-01 4.539905e-01 0.000000e+00
    outer loop
      vertex 191.5371 128.8832 0.0000
      vertex 191.5371 128.8832 4.0000
      vertex 191.8070 129.4129 4.0000
    endloop
  endfacet
  facet normal -8.910065e-01 4.539905e-01 0.000000e+00
    outer loop
      vertex 191.5371 128.8832 0.0000
      vertex 191.8070 129.4129 4.0000
      vertex 191.8070 129.4129 0.0000
    endloop
  endfacet
  facet normal 0.000000e+00 0.000000e+00 -1.000000e+00
    outer loop
      vertex 196.3912 125.3565 0.0000
      vertex 191.5371 128.8832 0.0000
      vertex 191.8070 129.4129 0.0000
    endloop
  endfacet
  facet normal 0.000000e+00 0.000000e+00 -1.000000e+00
    outer loop
      vertex 196.3912 125.3565 0.0000
      vertex 191.8070 129.4129 0.0000
      vertex 197.5133 127.5588 0.0000
    endloop
  endfacet
  facet normal 0.000000e+00 -0.000000e+00 1.000000e+00
    outer loop
      vertex 196.3912 125.3565 4.0000
      vertex 197.5133 127.5588 4.0000
      vertex 191.8070 129.4129 4.0000
    endloop
  endfacet
  facet normal 0.000000e+00 0.000000e+00 1.000000e+00
    outer loop
      vertex 196.3912 125.3565 4.0000
      vertex 191.8070 129.4129 4.0000
      vertex 191.5371 128.8832 4.0000
    endloop
  endfacet
  facet normal 9.876883e-01 -1.564345e-01 0.000000e+00
    outer loop
      vertex 197.5133 127.5588 0.0000
      vertex 197.9000 130.0000 0.0000
      vertex 197.9000 130.0000 4.0000
    endloop
  endfacet
  facet normal 9.876883e-01 -1.564345e-01 0.000000e+00
    outer loop
      vertex 197.5133 127.5588 0.0000
      vertex 197.9000 130.0000 4.0000
      vertex 197.5133 127.5588 4.0000
    endloop
  endfacet
  facet normal -9.876883e-01 1.564345e-01 0.000000e+00
    outer loop
      vertex 191.8070 129.4129 0.0000
      vertex 191.8070 129.4129 4.0000
      vertex 191.9000 130.0000 4.0000
    endloop
  endfacet
  facet normal -9.876883e-01 1.564345e-01 0.000000e+00
    outer loop
      vertex 191.8070 129.4129 0.0000
      vertex 191.9000 130.0000 4.0000
      vertex 191.9000 130.0000 0.0000
    endloop
  endfacet
  facet normal 0.000000e+00 0.000000e+00 -1.000000e+00
    outer loop
      vertex 197.5133 127.5588 0.0000
      vertex 191.8070 129.4129 0.0000
      vertex 191.9000 130.0000 0.0000
    endloop
  endfacet
  facet normal 0.000000e+00 0.000000e+00 -1.000000e+00
    outer loop
      vertex 197.5133 127.5588 0.0000
      vertex 191.9000 130.0000 0.0000
      vertex 197.9000 130.0000 0.0000
    endloop
  endfacet
  facet normal 0.000000e+00 -0.000000e+00 1.000000e+00
    outer loop
      vertex 197.5133 127.5588 4.0000
      vertex 197.9000 130.0000 4.0000
      vertex 191.9000 130.0000 4.0000
    endloop
  endfacet
  facet normal 0.000000e+00 0.000000e+00 1.000000e+00
    outer loop
      vertex 197.5133 127.5588 4.0000
      vertex 191.9000 130.0000 4.0000
      vertex 191.8070 129.4129 4.0000
    endloop
  endfacet
endsolid frame_m3_tr
solid tile_0
  facet normal 0.000000e+00 0.000000e+00 -1.000000e+00
    outer loop
      vertex 0.0000 0.0000 0.0000
      vertex 0.0000 2.7000 0.0000
      vertex 200.0000 2.7000 0.0000
    endloop
  endfacet
  facet normal 0.000000e+00 0.000000e+00 -1.000000e+00
    outer loop
      vertex 0.0000 0.0000 0.0000
      vertex 200.0000 2.7000 0.0000
      vertex 200.0000 0.0000 0.0000
    endloop
  endfacet
  facet normal 0.000000e+00 0.000000e+00 1.000000e+00
    outer loop
      vertex 0.0000 0.0000 4.0000
      vertex 200.0000 0.0000 4.0000
      vertex 200.0000 2.7000 4.0000
    endloop
  endfacet
  facet normal 0.000000e+00 0.000000e+00 1.000000e+00
    outer loop
      vertex 0.0000 0.0000 4.0000
      vertex 200.0000 2.7000 4.0000
      vertex 0.0000 2.7000 4.0000
    endloop
  endfacet
  facet normal 0.000000e+00 -1.000000e+00 0.000000e+00
    outer loop
      vertex 0.0000 0.0000 0.0000
      vertex 200.0000 0.0000 0.0000
      vertex 200.0000 0.0000 4.0000
    endloop
  endfacet
  facet normal 0.000000e+00 -1.000000e+00 0.000000e+00
    outer loop
      vertex 0.0000 0.0000 0.0000
      vertex 200.0000 0.0000 4.0000
      vertex 0.0000 0.0000 4.0000
    endloop
  endfacet
  facet normal 0.000000e+00 1.000000e+00 0.000000e+00
    outer loop
      vertex 0.0000 2.7000 0.0000
      vertex 0.0000 2.7000 4.0000
      vertex 200.0000 2.7000 4.0000
    endloop
  endfacet
  facet normal 0.000000e+00 1.000000e+00 0.000000e+00
    outer loop
      vertex 0.0000 2.7000 0.0000
      vertex 200.0000 2.7000 4.0000
      vertex 200.0000 2.7000 0.0000
    endloop
  endfacet
  facet normal 1.000000e+00 0.000000e+00 0.000000e+00
    outer loop
      vertex 200.0000 0.0000 0.0000
      vertex 200.0000 2.7000 0.0000
      vertex 200.0000 2.7000 4.0000
    endloop
  endfacet
  facet normal 1.000000e+00 0.000000e+00 0.000000e+00
    outer loop
      vertex 200.0000 0.0000 0.0000
      vertex 200.0000 2.7000 4.0000
      vertex 200.0000 0.0000 4.0000
    endloop
  endfacet
  facet normal -1.000000e+00 0.000000e+00 0.000000e+00
    outer loop
      vertex 0.0000 0.0000 0.0000
      vertex 0.0000 0.0000 4.0000
      vertex 0.0000 2.7000 4.0000
    endloop
  endfacet
  facet normal -1.000000e+00 0.000000e+00 0.000000e+00
    outer loop
      vertex 0.0000 0.0000 0.0000
      vertex 0.0000 2.7000 4.0000
      vertex 0.0000 2.7000 0.0000
    endloop
  endfacet
endsolid tile_0
solid tile_1
  facet normal 0.000000e+00 0.000000e+00 -1.000000e+00
    outer loop
      vertex 0.0000 1.5000 0.0000
      vertex 0.0000 4.6000 0.0000
      vertex 200.0000 4.6000 0.0000
    endloop
  endfacet
  facet normal 0.000000e+00 0.000000e+00 -1.000000e+00
    outer loop
      vertex 0.0000 1.5000 0.0000
      vertex 200.0000 4.6000 0.0000
      vertex 200.0000 1.5000 0.0000
    endloop
  endfacet
  facet normal 0.000000e+00 0.000000e+00 1.000000e+00
    outer loop
      vertex 0.0000 1.5000 4.0000
      vertex 200.0000 1.5000 4.0000
      vertex 200.0000 4.6000 4.0000
    endloop
  endfacet
  facet normal 0.000000e+00 0.000000e+00 1.000000e+00
    outer loop
      vertex 0.0000 1.5000 4.0000
      vertex 200.0000 4.6000 4.0000
      vertex 0.0000 4.6000 4.0000
    endloop
  endfacet
  facet normal 0.000000e+00 -1.000000e+00 0.000000e+00
    outer loop
      vertex 0.0000 1.5000 0.0000
      vertex 200.0000 1.5000 0.0000
      vertex 200.0000 1.5000 4.0000
    endloop
  endfacet
  facet normal 0.000000e+00 -1.000000e+00 0.000000e+00
    outer loop
      vertex 0.0000 1.5000 0.0000
      vertex 200.0000 1.5000 4.0000
      vertex 0.0000 1.5000 4.0000
    endloop
  endfacet
  facet normal 0.000000e+00 1.000000e+00 0.000000e+00
    outer loop
      vertex 0.0000 4.6000 0.0000
      vertex 0.0000 4.6000 4.0000
      vertex 200.0000 4.6000 4.0000
    endloop
  endfacet
  facet normal 0.000000e+00 1.000000e+00 0.000000e+00
    outer loop
      vertex 0.0000 4.6000 0.0000
      vertex 200.0000 4.6000 4.0000
      vertex 200.0000 4.6000 0.0000
    endloop
  endfacet
  facet normal 1.000000e+00 0.000000e+00 0.000000e+00
    outer loop
      vertex 200.0000 1.5000 0.0000
      vertex 200.0000 4.6000 0.0000
      vertex 200.0000 4.6000 4.0000
    endloop
  endfacet
  facet normal 1.000000e+00 0.000000e+00 0.000000e+00
    outer loop
      vertex 200.0000 1.5000 0.0000
      vertex 200.0000 4.6000 4.0000
      vertex 200.0000 1.5000 4.0000
    endloop
  endfacet
  facet normal -1.000000e+00 0.000000e+00 0.000000e+00
    outer loop
      vertex 0.0000 1.5000 0.0000
      vertex 0.0000 1.5000 4.0000
      vertex 0.0000 4.6000 4.0000
    endloop
  endfacet
  facet normal -1.000000e+00 0.000000e+00 0.000000e+00
    outer loop
      vertex 0.0000 1.5000 0.0000
      vertex 0.0000 4.6000 4.0000
      vertex 0.0000 4.6000 0.0000
    endloop
  endfacet
endsolid tile_1
solid tile_2
  facet normal 0.000000e+00 0.000000e+00 -1.000000e+00
    outer loop
      vertex 0.0000 3.4000 0.0000
      vertex 0.0000 6.6000 0.0000
      vertex 200.0000 6.6000 0.0000
    endloop
  endfacet
  facet normal 0.000000e+00 0.000000e+00 -1.000000e+00
    outer loop
      vertex 0.0000 3.4000 0.0000
      vertex 200.0000 6.6000 0.0000
      vertex 200.0000 3.4000 0.0000
    endloop
  endfacet
  facet normal 0.000000e+00 0.000000e+00 1.000000e+00
    outer loop
      vertex 0.0000 3.4000 4.0000
      vertex 200.0000 3.4000 4.0000
      vertex 200.0000 6.6000 4.0000
    endloop
  endfacet
  facet normal 0.000000e+00 0.000000e+00 1.000000e+00
    outer loop
      vertex 0.0000 3.4000 4.0000
      vertex 200.0000 6.6000 4.0000
      vertex 0.0000 6.6000 4.0000
    endloop
  endfacet
  facet normal 0.000000e+00 -1.000000e+00 0.000000e+00
    outer loop
      vertex 0.0000 3.4000 0.0000
      vertex 200.0000 3.4000 0.0000
      vertex 200.0000 3.4000 4.0000
    endloop
  endfacet
  facet normal 0.000000e+00 -1.000000e+00 0.000000e+00
    outer loop
      vertex 0.0000 3.4000 0.0000
      vertex 200.0000 3.4000 4.0000
      vertex 0.0000 3.4000 4.0000
    endloop
  endfacet
  facet normal 0.000000e+00 1.000000e+00 0.000000e+00
    outer loop
      vertex 0.0000 6.6000 0.0000
      vertex 0.0000 6.6000 4.0000
      vertex 200.0000 6.6000 4.0000
    endloop
  endfacet
  facet normal 0.000000e+00 1.000000e+00 0.000000e+00
    outer loop
      vertex 0.0000 6.6000 0.0000
      vertex 200.0000 6.6000 4.0000
      vertex 200.0000 6.6000 0.0000
    endloop
  endfacet
  facet normal 1.000000e+00 0.000000e+00 0.000000e+00
    outer loop
      vertex 200.0000 3.4000 0.0000
      vertex 200.0000 6.6000 0.0000
      vertex 200.0000 6.6000 4.0000
    endloop
  endfacet
  facet normal 1.000000e+00 0.000000e+00 0.000000e+00
    outer loop
      vertex 200.0000 3.4000 0.0000
      vertex 200.0000 6.6000 4.0000
      vertex 200.0000 3.4000 4.0000
    endloop
  endfacet
  facet normal -1.000000e+00 0.000000e+00 0.000000e+00
    outer loop
      vertex 0.0000 3.4000 0.0000
      vertex 0.0000 3.4000 4.0000
      vertex 0.0000 6.6000 4.0000
    endloop
  endfacet
  facet normal -1.000000e+00 0.000000e+00 0.000000e+00
    outer loop
      vertex 0.0000 3.4000 0.0000
      vertex 0.0000 6.6000 4.0000
      vertex 0.0000 6.6000 0.0000
    endloop
  endfacet
endsolid tile_2
solid tile_3
  facet normal 0.000000e+00 0.000000e+00 -1.000000e+00
    outer loop
      vertex 0.0000 5.4000 0.0000
      vertex 0.0000 8.6000 0.0000
      vertex 200.0000 8.6000 0.0000
    endloop
  endfacet
  facet normal 0.000000e+00 0.000000e+00 -1.000000e+00
    outer loop
      vertex 0.0000 5.4000 0.0000
      vertex 200.0000 8.6000 0.0000
      vertex 200.0000 5.4000 0.0000
    endloop
  endfacet
  facet normal 0.000000e+00 0.000000e+00 1.000000e+00
    outer loop
      vertex 0.0000 5.4000 4.0000
      vertex 200.0000 5.4000 4.0000
      vertex 200.0000 8.6000 4.0000
    endloop
  endfacet
  facet normal 0.000000e+00 0.000000e+00 1.000000e+00
    outer loop
      vertex 0.0000 5.4000 4.0000
      vertex 200.0000 8.6000 4.0000
      vertex 0.0000 8.6000 4.0000
    endloop
  endfacet
  facet normal 0.000000e+00 -1.000000e+00 0.000000e+00
    outer loop
      vertex 0.0000 5.4000 0.0000
      vertex 200.0000 5.4000 0.0000
      vertex 200.0000 5.4000 4.0000
    endloop
  endfacet
  facet normal 0.000000e+00 -1.000000e+00 0.000000e+00
    outer loop
      vertex 0.0000 5.4000 0.0000
      vertex 200.0000 5.4000 4.0000
      vertex 0.0000 5.4000 4.0000
    endloop
  endfacet
  facet normal 0.000000e+00 1.000000e+00 0.000000e+00
    outer loop
      vertex 0.0000 8.6000 0.0000
      vertex 0.0000 8.6000 4.0000
      vertex 200.0000 8.6000 4.0000
    endloop
  endfacet
  facet normal 0.000000e+00 1.000000e+00 0.000000e+00
    outer loop
      vertex 0.0000 8.6000 0.0000
      vertex 200.0000 8.6000 4.0000
      vertex 200.0000 8.6000 0.0000
    endloop
  endfacet
  facet normal 1.000000e+00 0.000000e+00 0.000000e+00
    outer loop
      vertex 200.0000 5.4000 0.0000
      vertex 200.0000 8.6000 0.0000
      vertex 200.0000 8.6000 4.0000
    endloop
  endfacet
  facet normal 1.000000e+00 0.000000e+00 0.000000e+00
    outer loop
      vertex 200.0000 5.4000 0.0000
      vertex 200.0000 8.6000 4.0000
      vertex 200.0000 5.4000 4.0000
    endloop
  endfacet
  facet normal -1.000000e+00 0.000000e+00 0.000000e+00
    outer loop
      vertex 0.0000 5.4000 0.0000
      vertex 0.0000 5.4000 4.0000
      vertex 0.0000 8.6000 4.0000
    endloop
  endfacet
  facet normal -1.000000e+00 0.000000e+00 0.000000e+00
    outer loop
      vertex 0.0000 5.4000 0.0000
      vertex 0.0000 8.6000 4.0000
      vertex 0.0000 8.6000 0.0000
    endloop
  endfacet
endsolid tile_3
solid tile_4
  facet normal 0.000000e+00 0.000000e+00 -1.000000e+00
    outer loop
      vertex 0.0000 7.4000 0.0000
      vertex 0.0000 10.6000 0.0000
      vertex 8.3500 10.6000 0.0000
    endloop
  endfacet
  facet normal 0.000000e+00 0.000000e+00 -1.000000e+00
    outer loop
      vertex 0.0000 7.4000 0.0000
      vertex 8.3500 10.6000 0.0000
      vertex 8.3500 7.4000 0.0000
    endloop
  endfacet
  facet normal 0.000000e+00 0.000000e+00 1.000000e+00
    outer loop
      vertex 0.0000 7.4000 4.0000
      vertex 8.3500 7.4000 4.0000
      vertex 8.3500 10.6000 4.0000
    endloop
  endfacet
  facet normal 0.000000e+00 0.000000e+00 1.000000e+00
    outer loop
      vertex 0.0000 7.4000 4.0000
      vertex 8.3500 10.6000 4.0000
      vertex 0.0000 10.6000 4.0000
    endloop
  endfacet
  facet normal 0.000000e+00 -1.000000e+00 0.000000e+00
    outer loop
      vertex 0.0000 7.4000 0.0000
      vertex 8.3500 7.4000 0.0000
      vertex 8.3500 7.4000 4.0000
    endloop
  endfacet
  facet normal 0.000000e+00 -1.000000e+00 0.000000e+00
    outer loop
      vertex 0.0000 7.4000 0.0000
      vertex 8.3500 7.4000 4.0000
      vertex 0.0000 7.4000 4.0000
    endloop
  endfacet
  facet normal 0.000000e+00 1.000000e+00 0.000000e+00
    outer loop
      vertex 0.0000 10.6000 0.0000
      vertex 0.0000 10.6000 4.0000
      vertex 8.3500 10.6000 4.0000
    endloop
  endfacet
  facet normal 0.000000e+00 1.000000e+00 0.000000e+00
    outer loop
      vertex 0.0000 10.6000 0.0000
      vertex 8.3500 10.6000 4.0000
      vertex 8.3500 10.6000 0.0000
    endloop
  endfacet
  facet normal 1.000000e+00 0.000000e+00 0.000000e+00
    outer loop
      vertex 8.3500 7.4000 0.0000
      vertex 8.3500 10.6000 0.0000
      vertex 8.3500 10.6000 4.0000
    endloop
  endfacet
  facet normal 1.000000e+00 0.000000e+00 0.000000e+00
    outer loop
      vertex 8.3500 7.4000 0.0000
      vertex 8.3500 10.6000 4.0000
      vertex 8.3500 7.4000 4.0000
    endloop
  endfacet
  facet normal -1.000000e+00 0.000000e+00 0.000000e+00
    outer loop
      vertex 0.0000 7.4000 0.0000
      vertex 0.0000 7.4000 4.0000
      vertex 0.0000 10.6000 4.0000
    endloop
  endfacet
  facet normal -1.000000e+00 0.000000e+00 0.000000e+00
    outer loop
      vertex 0.0000 7.4000 0.0000
      vertex 0.0000 10.6000 4.0000
      vertex 0.0000 10.6000 0.0000
    endloop
  endfacet
endsolid tile_4
solid tile_5
  facet normal 0.000000e+00 0.000000e+00 -1.000000e+00
    outer loop
      vertex 11.6500 7.4000 0.0000
      vertex 11.6500 10.6000 0.0000
      vertex 188.3500 10.6000 0.0000
    endloop
  endfacet
  facet normal 0.000000e+00 0.000000e+00 -1.000000e+00
    outer loop
      vertex 11.6500 7.4000 0.0000
      vertex 188.3500 10.6000 0.0000
      vertex 188.3500 7.4000 0.0000
    endloop
  endfacet
  facet normal 0.000000e+00 0.000000e+00 1.000000e+00
    outer loop
      vertex 11.6500 7.4000 4.0000
      vertex 188.3500 7.4000 4.0000
      vertex 188.3500 10.6000 4.0000
    endloop
  endfacet
  facet normal 0.000000e+00 0.000000e+00 1.000000e+00
    outer loop
      vertex 11.6500 7.4000 4.0000
      vertex 188.3500 10.6000 4.0000
      vertex 11.6500 10.6000 4.0000
    endloop
  endfacet
  facet normal 0.000000e+00 -1.000000e+00 0.000000e+00
    outer loop
      vertex 11.6500 7.4000 0.0000
      vertex 188.3500 7.4000 0.0000
      vertex 188.3500 7.4000 4.0000
    endloop
  endfacet
  facet normal 0.000000e+00 -1.000000e+00 0.000000e+00
    outer loop
      vertex 11.6500 7.4000 0.0000
      vertex 188.3500 7.4000 4.0000
      vertex 11.6500 7.4000 4.0000
    endloop
  endfacet
  facet normal 0.000000e+00 1.000000e+00 0.000000e+00
    outer loop
      vertex 11.6500 10.6000 0.0000
      vertex 11.6500 10.6000 4.0000
      vertex 188.3500 10.6000 4.0000
    endloop
  endfacet
  facet normal 0.000000e+00 1.000000e+00 0.000000e+00
    outer loop
      vertex 11.6500 10.6000 0.0000
      vertex 188.3500 10.6000 4.0000
      vertex 188.3500 10.6000 0.0000
    endloop
  endfacet
  facet normal 1.000000e+00 0.000000e+00 0.000000e+00
    outer loop
      vertex 188.3500 7.4000 0.0000
      vertex 188.3500 10.6000 0.0000
      vertex 188.3500 10.6000 4.0000
    endloop
  endfacet
  facet normal 1.000000e+00 0.000000e+00 0.000000e+00
    outer loop
      vertex 188.3500 7.4000 0.0000
      vertex 188.3500 10.6000 4.0000
      vertex 188.3500 7.4000 4.0000
    endloop
  endfacet
  facet normal -1.000000e+00 0.000000e+00 0.000000e+00
    outer loop
      vertex 11.6500 7.4000 0.0000
      vertex 11.6500 7.4000 4.0000
      vertex 11.6500 10.6000 4.0000
    endloop
  endfacet
  facet normal -1.000000e+00 0.000000e+00 0.000000e+00
    outer loop
      vertex 11.6500 7.4000 0.0000
      vertex 11.6500 10.6000 4.0000
      vertex 11.6500 10.6000 0.0000
    endloop
  endfacet
endsolid tile_5
solid tile_6
  facet normal 0.000000e+00 0.000000e+00 -1.000000e+00
    outer loop
      vertex 191.6500 7.4000 0.0000
      vertex 191.6500 10.6000 0.0000
      vertex 200.0000 10.6000 0.0000
    endloop
  endfacet
  facet normal 0.000000e+00 0.000000e+00 -1.000000e+00
    outer loop
      vertex 191.6500 7.4000 0.0000
      vertex 200.0000 10.6000 0.0000
      vertex 200.0000 7.4000 0.0000
    endloop
  endfacet
  facet normal 0.000000e+00 0.000000e+00 1.000000e+00
    outer loop
      vertex 191.6500 7.4000 4.0000
      vertex 200.0000 7.4000 4.0000
      vertex 200.0000 10.6000 4.0000
    endloop
  endfacet
  facet normal 0.000000e+00 0.000000e+00 1.000000e+00
    outer loop
      vertex 191.6500 7.4000 4.0000
      vertex 200.0000 10.6000 4.0000
      vertex 191.6500 10.6000 4.0000
    endloop
  endfacet
  facet normal 0.000000e+00 -1.000000e+00 0.000000e+00
    outer loop
      vertex 191.6500 7.4000 0.0000
      vertex 200.0000 7.4000 0.0000
      vertex 200.0000 7.4000 4.0000
    endloop
  endfacet
  facet normal 0.000000e+00 -1.000000e+00 0.000000e+00
    outer loop
      vertex 191.6500 7.4000 0.0000
      vertex 200.0000 7.4000 4.0000
      vertex 191.6500 7.4000 4.0000
    endloop
  endfacet
  facet normal 0.000000e+00 1.000000e+00 0.000000e+00
    outer loop
      vertex 191.6500 10.6000 0.0000
      vertex 191.6500 10.6000 4.0000
      vertex 200.0000 10.6000 4.0000
    endloop
  endfacet
  facet normal 0.000000e+00 1.000000e+00 0.000000e+00
    outer loop
      vertex 191.6500 10.6000 0.0000
      vertex 200.0000 10.6000 4.0000
      vertex 200.0000 10.6000 0.0000
    endloop
  endfacet
  facet normal 1.000000e+00 0.000000e+00 0.000000e+00
    outer loop
      vertex 200.0000 7.4000 0.0000
      vertex 200.0000 10.6000 0.0000
      vertex 200.0000 10.6000 4.0000
    endloop
  endfacet
  facet normal 1.000000e+00 0.000000e+00 0.000000e+00
    outer loop
      vertex 200.0000 7.4000 0.0000
      vertex 200.0000 10.6000 4.0000
      vertex 200.0000 7.4000 4.0000
    endloop
  endfacet
  facet normal -1.000000e+00 0.000000e+00 0.000000e+00
    outer loop
      vertex 191.6500 7.4000 0.0000
      vertex 191.6500 7.4000 4.0000
      vertex 191.6500 10.6000 4.0000
    endloop
  endfacet
  facet normal -1.000000e+00 0.000000e+00 0.000000e+00
    outer loop
      vertex 191.6500 7.4000 0.0000
      vertex 191.6500 10.6000 4.0000
      vertex 191.6500 10.6000 0.0000
    endloop
  endfacet
endsolid tile_6
solid tile_7
  facet normal 0.000000e+00 0.000000e+00 -1.000000e+00
    outer loop
      vertex 0.0000 9.4000 0.0000
      vertex 0.0000 12.6000 0.0000
      vertex 8.3500 12.6000 0.0000
    endloop
  endfacet
  facet normal 0.000000e+00 0.000000e+00 -1.000000e+00
    outer loop
      vertex 0.0000 9.4000 0.0000
      vertex 8.3500 12.6000 0.0000
      vertex 8.3500 9.4000 0.0000
    endloop
  endfacet
  facet normal 0.000000e+00 0.000000e+00 1.000000e+00
    outer loop
      vertex 0.0000 9.4000 4.0000
      vertex 8.3500 9.4000 4.0000
      vertex 8.3500 12.6000 4.0000
    endloop
  endfacet
  facet normal 0.000000e+00 0.000000e+00 1.000000e+00
    outer loop
      vertex 0.0000 9.4000 4.0000
      vertex 8.3500 12.6000 4.0000
      vertex 0.0000 12.6000 4.0000
    endloop
  endfacet
  facet normal 0.000000e+00 -1.000000e+00 0.000000e+00
    outer loop
      vertex 0.0000 9.4000 0.0000
      vertex 8.3500 9.4000 0.0000
      vertex 8.3500 9.4000 4.0000
    endloop
  endfacet
  facet normal 0.000000e+00 -1.000000e+00 0.000000e+00
    outer loop
      vertex 0.0000 9.4000 0.0000
      vertex 8.3500 9.4000 4.0000
      vertex 0.0000 9.4000 4.0000
    endloop
  endfacet
  facet normal 0.000000e+00 1.000000e+00 0.000000e+00
    outer loop
      vertex 0.0000 12.6000 0.0000
      vertex 0.0000 12.6000 4.0000
      vertex 8.3500 12.6000 4.0000
    endloop
  endfacet
  facet normal 0.000000e+00 1.000000e+00 0.000000e+00
    outer loop
      vertex 0.0000 12.6000 0.0000
      vertex 8.3500 12.6000 4.0000
      vertex 8.3500 12.6000 0.0000
    endloop
  endfacet
  facet normal 1.000000e+00 0.000000e+00 0.000000e+00
    outer loop
      vertex 8.3500 9.4000 0.0000
      vertex 8.3500 12.6000 0.0000
      vertex 8.3500 12.6000 4.0000
    endloop
  endfacet
  facet normal 1.000000e+00 0.000000e+00 0.000000e+00
    outer loop
      vertex 8.3500 9.4000 0.0000
      vertex 8.3500 12.6000 4.0000
      vertex 8.3500 9.4000 4.0000
    endloop
  endfacet
  facet normal -1.000000e+00 0.000000e+00 0.000000e+00
    outer loop
      vertex 0.0000 9.4000 0.0000
      vertex 0.0000 9.4000 4.0000
      vertex 0.0000 12.6000 4.0000
    endloop
  endfacet
  facet normal -1.000000e+00 0.000000e+00 0.000000e+00
    outer loop
      vertex 0.0000 9.4000 0.0000
      vertex 0.0000 12.6000 4.0000
      vertex 0.0000 12.6000 0.0000
    endloop
  endfacet
endsolid tile_7
solid tile_8
  facet normal 0.000000e+00 0.000000e+00 -1.000000e+00
    outer loop
      vertex 11.6500 9.4000 0.0000
      vertex 11.6500 12.6000 0.0000
      vertex 188.3500 12.6000 0.0000
    endloop
  endfacet
  facet normal 0.000000e+00 0.000000e+00 -1.000000e+00
    outer loop
      vertex 11.6500 9.4000 0.0000
      vertex 188.3500 12.6000 0.0000
      vertex 188.3500 9.4000 0.0000
    endloop
  endfacet
  facet normal 0.000000e+00 0.000000e+00 1.000000e+00
    outer loop
      vertex 11.6500 9.4000 4.0000
      vertex 188.3500 9.4000 4.0000
      vertex 188.3500 12.6000 4.0000
    endloop
  endfacet
  facet normal 0.000000e+00 0.000000e+00 1.000000e+00
    outer loop
      vertex 11.6500 9.4000 4.0000
      vertex 188.3500 12.6000 4.0000
      vertex 11.6500 12.6000 4.0000
    endloop
  endfacet
  facet normal 0.000000e+00 -1.000000e+00 0.000000e+00
    outer loop
      vertex 11.6500 9.4000 0.0000
      vertex 188.3500 9.4000 0.0000
      vertex 188.3500 9.4000 4.0000
    endloop
  endfacet
  facet normal 0.000000e+00 -1.000000e+00 0.000000e+00
    outer loop
      vertex 11.6500 9.4000 0.0000
      vertex 188.3500 9.4000 4.0000
      vertex 11.6500 9.4000 4.0000
    endloop
  endfacet
  facet normal 0.000000e+00 1.000000e+00 0.000000e+00
    outer loop
      vertex 11.6500 12.6000 0.0000
      vertex 11.6500 12.6000 4.0000
      vertex 188.3500 12.6000 4.0000
    endloop
  endfacet
  facet normal 0.000000e+00 1.000000e+00 0.000000e+00
    outer loop
      vertex 11.6500 12.6000 0.0000
      vertex 188.3500 12.6000 4.0000
      vertex 188.3500 12.6000 0.0000
    endloop
  endfacet
  facet normal 1.000000e+00 0.000000e+00 0.000000e+00
    outer loop
      vertex 188.3500 9.4000 0.0000
      vertex 188.3500 12.6000 0.0000
      vertex 188.3500 12.6000 4.0000
    endloop
  endfacet
  facet normal 1.000000e+00 0.000000e+00 0.000000e+00
    outer loop
      vertex 188.3500 9.4000 0.0000
      vertex 188.3500 12.6000 4.0000
      vertex 188.3500 9.4000 4.0000
    endloop
  endfacet
  facet normal -1.000000e+00 0.000000e+00 0.000000e+00
    outer loop
      vertex 11.6500 9.4000 0.0000
      vertex 11.6500 9.4000 4.0000
      vertex 11.6500 12.6000 4.0000
    endloop
  endfacet
  facet normal -1.000000e+00 0.000000e+00 0.000000e+00
    outer loop
      vertex 11.6500 9.4000 0.0000
      vertex 11.6500 12.6000 4.0000
      vertex 11.6500 12.6000 0.0000
    endloop
  endfacet
endsolid tile_8
solid tile_9
  facet normal 0.000000e+00 0.000000e+00 -1.000000e+00
    outer loop
      vertex 191.6500 9.4000 0.0000
      vertex 191.6500 12.6000 0.0000
      vertex 200.0000 12.6000 0.0000
    endloop
  endfacet
  facet normal 0.000000e+00 0.000000e+00 -1.000000e+00
    outer loop
      vertex 191.6500 9.4000 0.0000
      vertex 200.0000 12.6000 0.0000
      vertex 200.0000 9.4000 0.0000
    endloop
  endfacet
  facet normal 0.000000e+00 0.000000e+00 1.000000e+00
    outer loop
      vertex 191.6500 9.4000 4.0000
      vertex 200.0000 9.4000 4.0000
      vertex 200.0000 12.6000 4.0000
    endloop
  endfacet
  facet normal 0.000000e+00 0.000000e+00 1.000000e+00
    outer loop
      vertex 191.6500 9.4000 4.0000
      vertex 200.0000 12.6000 4.0000
      vertex 191.6500 12.6000 4.0000
    endloop
  endfacet
  facet normal 0.000000e+00 -1.000000e+00 0.000000e+00
    outer loop
      vertex 191.6500 9.4000 0.0000
      vertex 200.0000 9.4000 0.0000
      vertex 200.0000 9.4000 4.0000
    endloop
  endfacet
  facet normal 0.000000e+00 -1.000000e+00 0.000000e+00
    outer loop
      vertex 191.6500 9.4000 0.0000
      vertex 200.0000 9.4000 4.0000
      vertex 191.6500 9.4000 4.0000
    endloop
  endfacet
  facet normal 0.000000e+00 1.000000e+00 0.000000e+00
    outer loop
      vertex 191.6500 12.6000 0.0000
      vertex 191.6500 12.6000 4.0000
      vertex 200.0000 12.6000 4.0000
    endloop
  endfacet
  facet normal 0.000000e+00 1.000000e+00 0.000000e+00
    outer loop
      vertex 191.6500 12.6000 0.0000
      vertex 200.0000 12.6000 4.0000
      vertex 200.0000 12.6000 0.0000
    endloop
  endfacet
  facet normal 1.000000e+00 0.000000e+00 0.000000e+00
    outer loop
      vertex 200.0000 9.4000 0.0000
      vertex 200.0000 12.6000 0.0000
      vertex 200.0000 12.6000 4.0000
    endloop
  endfacet
  facet normal 1.000000e+00 0.000000e+00 0.000000e+00
    outer loop
      vertex 200.0000 9.4000 0.0000
      vertex 200.0000 12.6000 4.0000
      vertex 200.0000 9.4000 4.0000
    endloop
  endfacet
  facet normal -1.000000e+00 0.000000e+00 0.000000e+00
    outer loop
      vertex 191.6500 9.4000 0.0000
      vertex 191.6500 9.4000 4.0000
      vertex 191.6500 12.6000 4.0000
    endloop
  endfacet
  facet normal -1.000000e+00 0.000000e+00 0.000000e+00
    outer loop
      vertex 191.6500 9.4000 0.0000
      vertex 191.6500 12.6000 4.0000
      vertex 191.6500 12.6000 0.0000
    endloop
  endfacet
endsolid tile_9
solid tile_10
  facet normal 0.000000e+00 0.000000e+00 -1.000000e+00
    outer loop
      vertex 0.0000 11.4000 0.0000
      vertex 0.0000 14.6000 0.0000
      vertex 200.0000 14.6000 0.0000
    endloop
  endfacet
  facet normal 0.000000e+00 0.000000e+00 -1.000000e+00
    outer loop
      vertex 0.0000 11.4000 0.0000
      vertex 200.0000 14.6000 0.0000
      vertex 200.0000 11.4000 0.0000
    endloop
  endfacet
  facet normal 0.000000e+00 0.000000e+00 1.000000e+00
    outer loop
      vertex 0.0000 11.4000 4.0000
      vertex 200.0000 11.4000 4.0000
      vertex 200.0000 14.6000 4.0000
    endloop
  endfacet
  facet normal 0.000000e+00 0.000000e+00 1.000000e+00
    outer loop
      vertex 0.0000 11.4000 4.0000
      vertex 200.0000 14.6000 4.0000
      vertex 0.0000 14.6000 4.0000
    endloop
  endfacet
  facet normal 0.000000e+00 -1.000000e+00 0.000000e+00
    outer loop
      vertex 0.0000 11.4000 0.0000
      vertex 200.0000 11.4000 0.0000
      vertex 200.0000 11.4000 4.0000
    endloop
  endfacet
  facet normal 0.000000e+00 -1.000000e+00 0.000000e+00
    outer loop
      vertex 0.0000 11.4000 0.0000
      vertex 200.0000 11.4000 4.0000
      vertex 0.0000 11.4000 4.0000
    endloop
  endfacet
  facet normal 0.000000e+00 1.000000e+00 0.000000e+00
    outer loop
      vertex 0.0000 14.6000 0.0000
      vertex 0.0000 14.6000 4.0000
      vertex 200.0000 14.6000 4.0000
    endloop
  endfacet
  facet normal 0.000000e+00 1.000000e+00 0.000000e+00
    outer loop
      vertex 0.0000 14.6000 0.0000
      vertex 200.0000 14.6000 4.0000
      vertex 200.0000 14.6000 0.0000
    endloop
  endfacet
  facet normal 1.000000e+00 0.000000e+00 0.000000e+00
    outer loop
      vertex 200.0000 11.4000 0.0000
      vertex 200.0000 14.6000 0.0000
      vertex 200.0000 14.6000 4.0000
    endloop
  endfacet
  facet normal 1.000000e+00 0.000000e+00 0.000000e+00
    outer loop
      vertex 200.0000 11.4000 0.0000
      vertex 200.0000 14.6000 4.0000
      vertex 200.0000 11.4000 4.0000
    endloop
  endfacet
  facet normal -1.000000e+00 0.000000e+00 0.000000e+00
    outer loop
      vertex 0.0000 11.4000 0.0000
      vertex 0.0000 11.4000 4.0000
      vertex 0.0000 14.6000 4.0000
    endloop
  endfacet
  facet normal -1.000000e+00 0.000000e+00 0.000000e+00
    outer loop
      vertex 0.0000 11.4000 0.0000
      vertex 0.0000 14.6000 4.0000
      vertex 0.0000 14.6000 0.0000
    endloop
  endfacet
endsolid tile_10
solid tile_11
  facet normal 0.000000e+00 0.000000e+00 -1.000000e+00
    outer loop
      vertex 0.0000 13.4000 0.0000
      vertex 0.0000 16.6000 0.0000
      vertex 200.0000 16.6000 0.0000
    endloop
  endfacet
  facet normal 0.000000e+00 0.000000e+00 -1.000000e+00
    outer loop
      vertex 0.0000 13.4000 0.0000
      vertex 200.0000 16.6000 0.0000
      vertex 200.0000 13.4000 0.0000
    endloop
  endfacet
  facet normal 0.000000e+00 0.000000e+00 1.000000e+00
    outer loop
      vertex 0.0000 13.4000 4.0000
      vertex 200.0000 13.4000 4.0000
      vertex 200.0000 16.6000 4.0000
    endloop
  endfacet
  facet normal 0.000000e+00 0.000000e+00 1.000000e+00
    outer loop
      vertex 0.0000 13.4000 4.0000
      vertex 200.0000 16.6000 4.0000
      vertex 0.0000 16.6000 4.0000
    endloop
  endfacet
  facet normal 0.000000e+00 -1.000000e+00 0.000000e+00
    outer loop
      vertex 0.0000 13.4000 0.0000
      vertex 200.0000 13.4000 0.0000
      vertex 200.0000 13.4000 4.0000
    endloop
  endfacet
  facet normal 0.000000e+00 -1.000000e+00 0.000000e+00
    outer loop
      vertex 0.0000 13.4000 0.0000
      vertex 200.0000 13.4000 4.0000
      vertex 0.0000 13.4000 4.0000
    endloop
  endfacet
  facet normal 0.000000e+00 1.000000e+00 0.000000e+00
    outer loop
      vertex 0.0000 16.6000 0.0000
      vertex 0.0000 16.6000 4.0000
      vertex 200.0000 16.6000 4.0000
    endloop
  endfacet
  facet normal 0.000000e+00 1.000000e+00 0.000000e+00
    outer loop
      vertex 0.0000 16.6000 0.0000
      vertex 200.0000 16.6000 4.0000
      vertex 200.0000 16.6000 0.0000
    endloop
  endfacet
  facet normal 1.000000e+00 0.000000e+00 0.000000e+00
    outer loop
      vertex 200.0000 13.4000 0.0000
      vertex 200.0000 16.6000 0.0000
      vertex 200.0000 16.6000 4.0000
    endloop
  endfacet
  facet normal 1.000000e+00 0.000000e+00 0.000000e+00
    outer loop
      vertex 200.0000 13.4000 0.0000
      vertex 200.0000 16.6000 4.0000
      vertex 200.0000 13.4000 4.0000
    endloop
  endfacet
  facet normal -1.000000e+00 0.000000e+00 0.000000e+00
    outer loop
      vertex 0.0000 13.4000 0.0000
      vertex 0.0000 13.4000 4.0000
      vertex 0.0000 16.6000 4.0000
    endloop
  endfacet
  facet normal -1.000000e+00 0.000000e+00 0.000000e+00
    outer loop
      vertex 0.0000 13.4000 0.0000
      vertex 0.0000 16.6000 4.0000
      vertex 0.0000 16.6000 0.0000
    endloop
  endfacet
endsolid tile_11
solid tile_12
  facet normal 0.000000e+00 0.000000e+00 -1.000000e+00
    outer loop
      vertex 0.0000 15.4000 0.0000
      vertex 0.0000 18.5000 0.0000
      vertex 200.0000 18.5000 0.0000
    endloop
  endfacet
  facet normal 0.000000e+00 0.000000e+00 -1.000000e+00
    outer loop
      vertex 0.0000 15.4000 0.0000
      vertex 200.0000 18.5000 0.0000
      vertex 200.0000 15.4000 0.0000
    endloop
  endfacet
  facet normal 0.000000e+00 0.000000e+00 1.000000e+00
    outer loop
      vertex 0.0000 15.4000 4.0000
      vertex 200.0000 15.4000 4.0000
      vertex 200.0000 18.5000 4.0000
    endloop
  endfacet
  facet normal 0.000000e+00 0.000000e+00 1.000000e+00
    outer loop
      vertex 0.0000 15.4000 4.0000
      vertex 200.0000 18.5000 4.0000
      vertex 0.0000 18.5000 4.0000
    endloop
  endfacet
  facet normal 0.000000e+00 -1.000000e+00 0.000000e+00
    outer loop
      vertex 0.0000 15.4000 0.0000
      vertex 200.0000 15.4000 0.0000
      vertex 200.0000 15.4000 4.0000
    endloop
  endfacet
  facet normal 0.000000e+00 -1.000000e+00 0.000000e+00
    outer loop
      vertex 0.0000 15.4000 0.0000
      vertex 200.0000 15.4000 4.0000
      vertex 0.0000 15.4000 4.0000
    endloop
  endfacet
  facet normal 0.000000e+00 1.000000e+00 0.000000e+00
    outer loop
      vertex 0.0000 18.5000 0.0000
      vertex 0.0000 18.5000 4.0000
      vertex 200.0000 18.5000 4.0000
    endloop
  endfacet
  facet normal 0.000000e+00 1.000000e+00 0.000000e+00
    outer loop
      vertex 0.0000 18.5000 0.0000
      vertex 200.0000 18.5000 4.0000
      vertex 200.0000 18.5000 0.0000
    endloop
  endfacet
  facet normal 1.000000e+00 0.000000e+00 0.000000e+00
    outer loop
      vertex 200.0000 15.4000 0.0000
      vertex 200.0000 18.5000 0.0000
      vertex 200.0000 18.5000 4.0000
    endloop
  endfacet
  facet normal 1.000000e+00 0.000000e+00 0.000000e+00
    outer loop
      vertex 200.0000 15.4000 0.0000
      vertex 200.0000 18.5000 4.0000
      vertex 200.0000 15.4000 4.0000
    endloop
  endfacet
  facet normal -1.000000e+00 0.000000e+00 0.000000e+00
    outer loop
      vertex 0.0000 15.4000 0.0000
      vertex 0.0000 15.4000 4.0000
      vertex 0.0000 18.5000 4.0000
    endloop
  endfacet
  facet normal -1.000000e+00 0.000000e+00 0.000000e+00
    outer loop
      vertex 0.0000 15.4000 0.0000
      vertex 0.0000 18.5000 4.0000
      vertex 0.0000 18.5000 0.0000
    endloop
  endfacet
endsolid tile_12
solid tile_13
  facet normal 0.000000e+00 0.000000e+00 -1.000000e+00
    outer loop
      vertex 0.0000 17.3000 0.0000
      vertex 0.0000 19.3000 0.0000
      vertex 200.0000 19.3000 0.0000
    endloop
  endfacet
  facet normal 0.000000e+00 0.000000e+00 -1.000000e+00
    outer loop
      vertex 0.0000 17.3000 0.0000
      vertex 200.0000 19.3000 0.0000
      vertex 200.0000 17.3000 0.0000
    endloop
  endfacet
  facet normal 0.000000e+00 0.000000e+00 1.000000e+00
    outer loop
      vertex 0.0000 17.3000 4.0000
      vertex 200.0000 17.3000 4.0000
      vertex 200.0000 19.3000 4.0000
    endloop
  endfacet
  facet normal 0.000000e+00 0.000000e+00 1.000000e+00
    outer loop
      vertex 0.0000 17.3000 4.0000
      vertex 200.0000 19.3000 4.0000
      vertex 0.0000 19.3000 4.0000
    endloop
  endfacet
  facet normal 0.000000e+00 -1.000000e+00 0.000000e+00
    outer loop
      vertex 0.0000 17.3000 0.0000
      vertex 200.0000 17.3000 0.0000
      vertex 200.0000 17.3000 4.0000
    endloop
  endfacet
  facet normal 0.000000e+00 -1.000000e+00 0.000000e+00
    outer loop
      vertex 0.0000 17.3000 0.0000
      vertex 200.0000 17.3000 4.0000
      vertex 0.0000 17.3000 4.0000
    endloop
  endfacet
  facet normal 0.000000e+00 1.000000e+00 0.000000e+00
    outer loop
      vertex 0.0000 19.3000 0.0000
      vertex 0.0000 19.3000 4.0000
      vertex 200.0000 19.3000 4.0000
    endloop
  endfacet
  facet normal 0.000000e+00 1.000000e+00 0.000000e+00
    outer loop
      vertex 0.0000 19.3000 0.0000
      vertex 200.0000 19.3000 4.0000
      vertex 200.0000 19.3000 0.0000
    endloop
  endfacet
  facet normal 1.000000e+00 0.000000e+00 0.000000e+00
    outer loop
      vertex 200.0000 17.3000 0.0000
      vertex 200.0000 19.3000 0.0000
      vertex 200.0000 19.3000 4.0000
    endloop
  endfacet
  facet normal 1.000000e+00 0.000000e+00 0.000000e+00
    outer loop
      vertex 200.0000 17.3000 0.0000
      vertex 200.0000 19.3000 4.0000
      vertex 200.0000 17.3000 4.0000
    endloop
  endfacet
  facet normal -1.000000e+00 0.000000e+00 0.000000e+00
    outer loop
      vertex 0.0000 17.3000 0.0000
      vertex 0.0000 17.3000 4.0000
      vertex 0.0000 19.3000 4.0000
    endloop
  endfacet
  facet normal -1.000000e+00 0.000000e+00 0.000000e+00
    outer loop
      vertex 0.0000 17.3000 0.0000
      vertex 0.0000 19.3000 4.0000
      vertex 0.0000 19.3000 0.0000
    endloop
  endfacet
endsolid tile_13
solid tile_14
  facet normal 0.000000e+00 0.000000e+00 -1.000000e+00
    outer loop
      vertex 0.0000 18.1000 0.0000
      vertex 0.0000 19.6000 0.0000
      vertex 200.0000 19.6000 0.0000
    endloop
  endfacet
  facet normal 0.000000e+00 0.000000e+00 -1.000000e+00
    outer loop
      vertex 0.0000 18.1000 0.0000
      vertex 200.0000 19.6000 0.0000
      vertex 200.0000 18.1000 0.0000
    endloop
  endfacet
  facet normal 0.000000e+00 0.000000e+00 1.000000e+00
    outer loop
      vertex 0.0000 18.1000 4.0000
      vertex 200.0000 18.1000 4.0000
      vertex 200.0000 19.6000 4.0000
    endloop
  endfacet
  facet normal 0.000000e+00 0.000000e+00 1.000000e+00
    outer loop
      vertex 0.0000 18.1000 4.0000
      vertex 200.0000 19.6000 4.0000
      vertex 0.0000 19.6000 4.0000
    endloop
  endfacet
  facet normal 0.000000e+00 -1.000000e+00 0.000000e+00
    outer loop
      vertex 0.0000 18.1000 0.0000
      vertex 200.0000 18.1000 0.0000
      vertex 200.0000 18.1000 4.0000
    endloop
  endfacet
  facet normal 0.000000e+00 -1.000000e+00 0.000000e+00
    outer loop
      vertex 0.0000 18.1000 0.0000
      vertex 200.0000 18.1000 4.0000
      vertex 0.0000 18.1000 4.0000
    endloop
  endfacet
  facet normal 0.000000e+00 1.000000e+00 0.000000e+00
    outer loop
      vertex 0.0000 19.6000 0.0000
      vertex 0.0000 19.6000 4.0000
      vertex 200.0000 19.6000 4.0000
    endloop
  endfacet
  facet normal 0.000000e+00 1.000000e+00 0.000000e+00
    outer loop
      vertex 0.0000 19.6000 0.0000
      vertex 200.0000 19.6000 4.0000
      vertex 200.0000 19.6000 0.0000
    endloop
  endfacet
  facet normal 1.000000e+00 0.000000e+00 0.000000e+00
    outer loop
      vertex 200.0000 18.1000 0.0000
      vertex 200.0000 19.6000 0.0000
      vertex 200.0000 19.6000 4.0000
    endloop
  endfacet
  facet normal 1.000000e+00 0.000000e+00 0.000000e+00
    outer loop
      vertex 200.0000 18.1000 0.0000
      vertex 200.0000 19.6000 4.0000
      vertex 200.0000 18.1000 4.0000
    endloop
  endfacet
  facet normal -1.000000e+00 0.000000e+00 0.000000e+00
    outer loop
      vertex 0.0000 18.1000 0.0000
      vertex 0.0000 18.1000 4.0000
      vertex 0.0000 19.6000 4.0000
    endloop
  endfacet
  facet normal -1.000000e+00 0.000000e+00 0.000000e+00
    outer loop
      vertex 0.0000 18.1000 0.0000
      vertex 0.0000 19.6000 4.0000
      vertex 0.0000 19.6000 0.0000
    endloop
  endfacet
endsolid tile_14
solid tile_15
  facet normal 0.000000e+00 0.000000e+00 -1.000000e+00
    outer loop
      vertex 0.0000 18.4000 0.0000
      vertex 0.0000 21.6000 0.0000
      vertex 200.0000 21.6000 0.0000
    endloop
  endfacet
  facet normal 0.000000e+00 0.000000e+00 -1.000000e+00
    outer loop
      vertex 0.0000 18.4000 0.0000
      vertex 200.0000 21.6000 0.0000
      vertex 200.0000 18.4000 0.0000
    endloop
  endfacet
  facet normal 0.000000e+00 0.000000e+00 1.000000e+00
    outer loop
      vertex 0.0000 18.4000 4.0000
      vertex 200.0000 18.4000 4.0000
      vertex 200.0000 21.6000 4.0000
    endloop
  endfacet
  facet normal 0.000000e+00 0.000000e+00 1.000000e+00
    outer loop
      vertex 0.0000 18.4000 4.0000
      vertex 200.0000 21.6000 4.0000
      vertex 0.0000 21.6000 4.0000
    endloop
  endfacet
  facet normal 0.000000e+00 -1.000000e+00 0.000000e+00
    outer loop
      vertex 0.0000 18.4000 0.0000
      vertex 200.0000 18.4000 0.0000
      vertex 200.0000 18.4000 4.0000
    endloop
  endfacet
  facet normal 0.000000e+00 -1.000000e+00 0.000000e+00
    outer loop
      vertex 0.0000 18.4000 0.0000
      vertex 200.0000 18.4000 4.0000
      vertex 0.0000 18.4000 4.0000
    endloop
  endfacet
  facet normal 0.000000e+00 1.000000e+00 0.000000e+00
    outer loop
      vertex 0.0000 21.6000 0.0000
      vertex 0.0000 21.6000 4.0000
      vertex 200.0000 21.6000 4.0000
    endloop
  endfacet
  facet normal 0.000000e+00 1.000000e+00 0.000000e+00
    outer loop
      vertex 0.0000 21.6000 0.0000
      vertex 200.0000 21.6000 4.0000
      vertex 200.0000 21.6000 0.0000
    endloop
  endfacet
  facet normal 1.000000e+00 0.000000e+00 0.000000e+00
    outer loop
      vertex 200.0000 18.4000 0.0000
      vertex 200.0000 21.6000 0.0000
      vertex 200.0000 21.6000 4.0000
    endloop
  endfacet
  facet normal 1.000000e+00 0.000000e+00 0.000000e+00
    outer loop
      vertex 200.0000 18.4000 0.0000
      vertex 200.0000 21.6000 4.0000
      vertex 200.0000 18.4000 4.0000
    endloop
  endfacet
  facet normal -1.000000e+00 0.000000e+00 0.000000e+00
    outer loop
      vertex 0.0000 18.4000 0.0000
      vertex 0.0000 18.4000 4.0000
      vertex 0.0000 21.6000 4.0000
    endloop
  endfacet
  facet normal -1.000000e+00 0.000000e+00 0.000000e+00
    outer loop
      vertex 0.0000 18.4000 0.0000
      vertex 0.0000 21.6000 4.0000
      vertex 0.0000 21.6000 0.0000
    endloop
  endfacet
endsolid tile_15
solid tile_16
  facet normal 0.000000e+00 0.000000e+00 -1.000000e+00
    outer loop
      vertex 0.0000 20.4000 0.0000
      vertex 0.0000 23.6000 0.0000
      vertex 200.0000 23.6000 0.0000
    endloop
  endfacet
  facet normal 0.000000e+00 0.000000e+00 -1.000000e+00
    outer loop
      vertex 0.0000 20.4000 0.0000
      vertex 200.0000 23.6000 0.0000
      vertex 200.0000 20.4000 0.0000
    endloop
  endfacet
  facet normal 0.000000e+00 0.000000e+00 1.000000e+00
    outer loop
      vertex 0.0000 20.4000 4.0000
      vertex 200.0000 20.4000 4.0000
      vertex 200.0000 23.6000 4.0000
    endloop
  endfacet
  facet normal 0.000000e+00 0.000000e+00 1.000000e+00
    outer loop
      vertex 0.0000 20.4000 4.0000
      vertex 200.0000 23.6000 4.0000
      vertex 0.0000 23.6000 4.0000
    endloop
  endfacet
  facet normal 0.000000e+00 -1.000000e+00 0.000000e+00
    outer loop
      vertex 0.0000 20.4000 0.0000
      vertex 200.0000 20.4000 0.0000
      vertex 200.0000 20.4000 4.0000
    endloop
  endfacet
  facet normal 0.000000e+00 -1.000000e+00 0.000000e+00
    outer loop
      vertex 0.0000 20.4000 0.0000
      vertex 200.0000 20.4000 4.0000
      vertex 0.0000 20.4000 4.0000
    endloop
  endfacet
  facet normal 0.000000e+00 1.000000e+00 0.000000e+00
    outer loop
      vertex 0.0000 23.6000 0.0000
      vertex 0.0000 23.6000 4.0000
      vertex 200.0000 23.6000 4.0000
    endloop
  endfacet
  facet normal 0.000000e+00 1.000000e+00 0.000000e+00
    outer loop
      vertex 0.0000 23.6000 0.0000
      vertex 200.0000 23.6000 4.0000
      vertex 200.0000 23.6000 0.0000
    endloop
  endfacet
  facet normal 1.000000e+00 0.000000e+00 0.000000e+00
    outer loop
      vertex 200.0000 20.4000 0.0000
      vertex 200.0000 23.6000 0.0000
      vertex 200.0000 23.6000 4.0000
    endloop
  endfacet
  facet normal 1.000000e+00 0.000000e+00 0.000000e+00
    outer loop
      vertex 200.0000 20.4000 0.0000
      vertex 200.0000 23.6000 4.0000
      vertex 200.0000 20.4000 4.0000
    endloop
  endfacet
  facet normal -1.000000e+00 0.000000e+00 0.000000e+00
    outer loop
      vertex 0.0000 20.4000 0.0000
      vertex 0.0000 20.4000 4.0000
      vertex 0.0000 23.6000 4.0000
    endloop
  endfacet
  facet normal -1.000000e+00 0.000000e+00 0.000000e+00
    outer loop
      vertex 0.0000 20.4000 0.0000
      vertex 0.0000 23.6000 4.0000
      vertex 0.0000 23.6000 0.0000
    endloop
  endfacet
endsolid tile_16
solid tile_17
  facet normal 0.000000e+00 0.000000e+00 -1.000000e+00
    outer loop
      vertex 0.0000 22.4000 0.0000
      vertex 0.0000 25.6000 0.0000
      vertex 200.0000 25.6000 0.0000
    endloop
  endfacet
  facet normal 0.000000e+00 0.000000e+00 -1.000000e+00
    outer loop
      vertex 0.0000 22.4000 0.0000
      vertex 200.0000 25.6000 0.0000
      vertex 200.0000 22.4000 0.0000
    endloop
  endfacet
  facet normal 0.000000e+00 0.000000e+00 1.000000e+00
    outer loop
      vertex 0.0000 22.4000 4.0000
      vertex 200.0000 22.4000 4.0000
      vertex 200.0000 25.6000 4.0000
    endloop
  endfacet
  facet normal 0.000000e+00 0.000000e+00 1.000000e+00
    outer loop
      vertex 0.0000 22.4000 4.0000
      vertex 200.0000 25.6000 4.0000
      vertex 0.0000 25.6000 4.0000
    endloop
  endfacet
  facet normal 0.000000e+00 -1.000000e+00 0.000000e+00
    outer loop
      vertex 0.0000 22.4000 0.0000
      vertex 200.0000 22.4000 0.0000
      vertex 200.0000 22.4000 4.0000
    endloop
  endfacet
  facet normal 0.000000e+00 -1.000000e+00 0.000000e+00
    outer loop
      vertex 0.0000 22.4000 0.0000
      vertex 200.0000 22.4000 4.0000
      vertex 0.0000 22.4000 4.0000
    endloop
  endfacet
  facet normal 0.000000e+00 1.000000e+00 0.000000e+00
    outer loop
      vertex 0.0000 25.6000 0.0000
      vertex 0.0000 25.6000 4.0000
      vertex 200.0000 25.6000 4.0000
    endloop
  endfacet
  facet normal 0.000000e+00 1.000000e+00 0.000000e+00
    outer loop
      vertex 0.0000 25.6000 0.0000
      vertex 200.0000 25.6000 4.0000
      vertex 200.0000 25.6000 0.0000
    endloop
  endfacet
  facet normal 1.000000e+00 0.000000e+00 0.000000e+00
    outer loop
      vertex 200.0000 22.4000 0.0000
      vertex 200.0000 25.6000 0.0000
      vertex 200.0000 25.6000 4.0000
    endloop
  endfacet
  facet normal 1.000000e+00 0.000000e+00 0.000000e+00
    outer loop
      vertex 200.0000 22.4000 0.0000
      vertex 200.0000 25.6000 4.0000
      vertex 200.0000 22.4000 4.0000
    endloop
  endfacet
  facet normal -1.000000e+00 0.000000e+00 0.000000e+00
    outer loop
      vertex 0.0000 22.4000 0.0000
      vertex 0.0000 22.4000 4.0000
      vertex 0.0000 25.6000 4.0000
    endloop
  endfacet
  facet normal -1.000000e+00 0.000000e+00 0.000000e+00
    outer loop
      vertex 0.0000 22.4000 0.0000
      vertex 0.0000 25.6000 4.0000
      vertex 0.0000 25.6000 0.0000
    endloop
  endfacet
endsolid tile_17
solid tile_18
  facet normal 0.000000e+00 0.000000e+00 -1.000000e+00
    outer loop
      vertex 0.0000 24.4000 0.0000
      vertex 0.0000 27.6000 0.0000
      vertex 50.8644 27.6000 0.0000
    endloop
  endfacet
  facet normal 0.000000e+00 0.000000e+00 -1.000000e+00
    outer loop
      vertex 0.0000 24.4000 0.0000
      vertex 50.8644 27.6000 0.0000
      vertex 50.8644 24.4000 0.0000
    endloop
  endfacet
  facet normal 0.000000e+00 0.000000e+00 1.000000e+00
    outer loop
      vertex 0.0000 24.4000 4.0000
      vertex 50.8644 24.4000 4.0000
      vertex 50.8644 27.6000 4.0000
    endloop
  endfacet
  facet normal 0.000000e+00 0.000000e+00 1.000000e+00
    outer loop
      vertex 0.0000 24.4000 4.0000
      vertex 50.8644 27.6000 4.0000
      vertex 0.0000 27.6000 4.0000
    endloop
  endfacet
  facet normal 0.000000e+00 -1.000000e+00 0.000000e+00
    outer loop
      vertex 0.0000 24.4000 0.0000
      vertex 50.8644 24.4000 0.0000
      vertex 50.8644 24.4000 4.0000
    endloop
  endfacet
  facet normal 0.000000e+00 -1.000000e+00 0.000000e+00
    outer loop
      vertex 0.0000 24.4000 0.0000
      vertex 50.8644 24.4000 4.0000
      vertex 0.0000 24.4000 4.0000
    endloop
  endfacet
  facet normal 0.000000e+00 1.000000e+00 0.000000e+00
    outer loop
      vertex 0.0000 27.6000 0.0000
      vertex 0.0000 27.6000 4.0000
      vertex 50.8644 27.6000 4.0000
    endloop
  endfacet
  facet normal 0.000000e+00 1.000000e+00 0.000000e+00
    outer loop
      vertex 0.0000 27.6000 0.0000
      vertex 50.8644 27.6000 4.0000
      vertex 50.8644 27.6000 0.0000
    endloop
  endfacet
  facet normal 1.000000e+00 0.000000e+00 0.000000e+00
    outer loop
      vertex 50.8644 24.4000 0.0000
      vertex 50.8644 27.6000 0.0000
      vertex 50.8644 27.6000 4.0000
    endloop
  endfacet
  facet normal 1.000000e+00 0.000000e+00 0.000000e+00
    outer loop
      vertex 50.8644 24.4000 0.0000
      vertex 50.8644 27.6000 4.0000
      vertex 50.8644 24.4000 4.0000
    endloop
  endfacet
  facet normal -1.000000e+00 0.000000e+00 0.000000e+00
    outer loop
      vertex 0.0000 24.4000 0.0000
      vertex 0.0000 24.4000 4.0000
      vertex 0.0000 27.6000 4.0000
    endloop
  endfacet
  facet normal -1.000000e+00 0.000000e+00 0.000000e+00
    outer loop
      vertex 0.0000 24.4000 0.0000
      vertex 0.0000 27.6000 4.0000
      vertex 0.0000 27.6000 0.0000
    endloop
  endfacet
endsolid tile_18
solid tile_19
  facet normal 0.000000e+00 0.000000e+00 -1.000000e+00
    outer loop
      vertex 69.1356 24.4000 0.0000
      vertex 69.1356 27.6000 0.0000
      vertex 200.0000 27.6000 0.0000
    endloop
  endfacet
  facet normal 0.000000e+00 0.000000e+00 -1.000000e+00
    outer loop
      vertex 69.1356 24.4000 0.0000
      vertex 200.0000 27.6000 0.0000
      vertex 200.0000 24.4000 0.0000
    endloop
  endfacet
  facet normal 0.000000e+00 0.000000e+00 1.000000e+00
    outer loop
      vertex 69.1356 24.4000 4.0000
      vertex 200.0000 24.4000 4.0000
      vertex 200.0000 27.6000 4.0000
    endloop
  endfacet
  facet normal 0.000000e+00 0.000000e+00 1.000000e+00
    outer loop
      vertex 69.1356 24.4000 4.0000
      vertex 200.0000 27.6000 4.0000
      vertex 69.1356 27.6000 4.0000
    endloop
  endfacet
  facet normal 0.000000e+00 -1.000000e+00 0.000000e+00
    outer loop
      vertex 69.1356 24.4000 0.0000
      vertex 200.0000 24.4000 0.0000
      vertex 200.0000 24.4000 4.0000
    endloop
  endfacet
  facet normal 0.000000e+00 -1.000000e+00 0.000000e+00
    outer loop
      vertex 69.1356 24.4000 0.0000
      vertex 200.0000 24.4000 4.0000
      vertex 69.1356 24.4000 4.0000
    endloop
  endfacet
  facet normal 0.000000e+00 1.000000e+00 0.000000e+00
    outer loop
      vertex 69.1356 27.6000 0.0000
      vertex 69.1356 27.6000 4.0000
      vertex 200.0000 27.6000 4.0000
    endloop
  endfacet
  facet normal 0.000000e+00 1.000000e+00 0.000000e+00
    outer loop
      vertex 69.1356 27.6000 0.0000
      vertex 200.0000 27.6000 4.0000
      vertex 200.0000 27.6000 0.0000
    endloop
  endfacet
  facet normal 1.000000e+00 0.000000e+00 0.000000e+00
    outer loop
      vertex 200.0000 24.4000 0.0000
      vertex 200.0000 27.6000 0.0000
      vertex 200.0000 27.6000 4.0000
    endloop
  endfacet
  facet normal 1.000000e+00 0.000000e+00 0.000000e+00
    outer loop
      vertex 200.0000 24.4000 0.0000
      vertex 200.0000 27.6000 4.0000
      vertex 200.0000 24.4000 4.0000
    endloop
  endfacet
  facet normal -1.000000e+00 0.000000e+00 0.000000e+00
    outer loop
      vertex 69.1356 24.4000 0.0000
      vertex 69.1356 24.4000 4.0000
      vertex 69.1356 27.6000 4.0000
    endloop
  endfacet
  facet normal -1.000000e+00 0.000000e+00 0.000000e+00
    outer loop
      vertex 69.1356 24.4000 0.0000
      vertex 69.1356 27.6000 4.0000
      vertex 69.1356 27.6000 0.0000
    endloop
  endfacet
endsolid tile_19
solid tile_20
  facet normal 0.000000e+00 0.000000e+00 -1.000000e+00
    outer loop
      vertex 0.0000 26.4000 0.0000
      vertex 0.0000 29.6000 0.0000
      vertex 47.7564 29.6000 0.0000
    endloop
  endfacet
  facet normal 0.000000e+00 0.000000e+00 -1.000000e+00
    outer loop
      vertex 0.0000 26.4000 0.0000
      vertex 47.7564 29.6000 0.0000
      vertex 47.7564 26.4000 0.0000
    endloop
  endfacet
  facet normal 0.000000e+00 0.000000e+00 1.000000e+00
    outer loop
      vertex 0.0000 26.4000 4.0000
      vertex 47.7564 26.4000 4.0000
      vertex 47.7564 29.6000 4.0000
    endloop
  endfacet
  facet normal 0.000000e+00 0.000000e+00 1.000000e+00
    outer loop
      vertex 0.0000 26.4000 4.0000
      vertex 47.7564 29.6000 4.0000
      vertex 0.0000 29.6000 4.0000
    endloop
  endfacet
  facet normal 0.000000e+00 -1.000000e+00 0.000000e+00
    outer loop
      vertex 0.0000 26.4000 0.0000
      vertex 47.7564 26.4000 0.0000
      vertex 47.7564 26.4000 4.0000
    endloop
  endfacet
  facet normal 0.000000e+00 -1.000000e+00 0.000000e+00
    outer loop
      vertex 0.0000 26.4000 0.0000
      vertex 47.7564 26.4000 4.0000
      vertex 0.0000 26.4000 4.0000
    endloop
  endfacet
  facet normal 0.000000e+00 1.000000e+00 0.000000e+00
    outer loop
      vertex 0.0000 29.6000 0.0000
      vertex 0.0000 29.6000 4.0000
      vertex 47.7564 29.6000 4.0000
    endloop
  endfacet
  facet normal 0.000000e+00 1.000000e+00 0.000000e+00
    outer loop
      vertex 0.0000 29.6000 0.0000
      vertex 47.7564 29.6000 4.0000
      vertex 47.7564 29.6000 0.0000
    endloop
  endfacet
  facet normal 1.000000e+00 0.000000e+00 0.000000e+00
    outer loop
      vertex 47.7564 26.4000 0.0000
      vertex 47.7564 29.6000 0.0000
      vertex 47.7564 29.6000 4.0000
    endloop
  endfacet
  facet normal 1.000000e+00 0.000000e+00 0.000000e+00
    outer loop
      vertex 47.7564 26.4000 0.0000
      vertex 47.7564 29.6000 4.0000
      vertex 47.7564 26.4000 4.0000
    endloop
  endfacet
  facet normal -1.000000e+00 0.000000e+00 0.000000e+00
    outer loop
      vertex 0.0000 26.4000 0.0000
      vertex 0.0000 26.4000 4.0000
      vertex 0.0000 29.6000 4.0000
    endloop
  endfacet
  facet normal -1.000000e+00 0.000000e+00 0.000000e+00
    outer loop
      vertex 0.0000 26.4000 0.0000
      vertex 0.0000 29.6000 4.0000
      vertex 0.0000 29.6000 0.0000
    endloop
  endfacet
endsolid tile_20
solid tile_21
  facet normal 0.000000e+00 0.000000e+00 -1.000000e+00
    outer loop
      vertex 72.2436 26.4000 0.0000
      vertex 72.2436 29.6000 0.0000
      vertex 200.0000 29.6000 0.0000
    endloop
  endfacet
  facet normal 0.000000e+00 0.000000e+00 -1.000000e+00
    outer loop
      vertex 72.2436 26.4000 0.0000
      vertex 200.0000 29.6000 0.0000
      vertex 200.0000 26.4000 0.0000
    endloop
  endfacet
  facet normal 0.000000e+00 0.000000e+00 1.000000e+00
    outer loop
      vertex 72.2436 26.4000 4.0000
      vertex 200.0000 26.4000 4.0000
      vertex 200.0000 29.6000 4.0000
    endloop
  endfacet
  facet normal 0.000000e+00 0.000000e+00 1.000000e+00
    outer loop
      vertex 72.2436 26.4000 4.0000
      vertex 200.0000 29.6000 4.0000
      vertex 72.2436 29.6000 4.0000
    endloop
  endfacet
  facet normal 0.000000e+00 -1.000000e+00 0.000000e+00
    outer loop
      vertex 72.2436 26.4000 0.0000
      vertex 200.0000 26.4000 0.0000
      vertex 200.0000 26.4000 4.0000
    endloop
  endfacet
  facet normal 0.000000e+00 -1.000000e+00 0.000000e+00
    outer loop
      vertex 72.2436 26.4000 0.0000
      vertex 200.0000 26.4000 4.0000
      vertex 72.2436 26.4000 4.0000
    endloop
  endfacet
  facet normal 0.000000e+00 1.000000e+00 0.000000e+00
    outer loop
      vertex 72.2436 29.6000 0.0000
      vertex 72.2436 29.6000 4.0000
      vertex 200.0000 29.6000 4.0000
    endloop
  endfacet
  facet normal 0.000000e+00 1.000000e+00 0.000000e+00
    outer loop
      vertex 72.2436 29.6000 0.0000
      vertex 200.0000 29.6000 4.0000
      vertex 200.0000 29.6000 0.0000
    endloop
  endfacet
  facet normal 1.000000e+00 0.000000e+00 0.000000e+00
    outer loop
      vertex 200.0000 26.4000 0.0000
      vertex 200.0000 29.6000 0.0000
      vertex 200.0000 29.6000 4.0000
    endloop
  endfacet
  facet normal 1.000000e+00 0.000000e+00 0.000000e+00
    outer loop
      vertex 200.0000 26.4000 0.0000
      vertex 200.0000 29.6000 4.0000
      vertex 200.0000 26.4000 4.0000
    endloop
  endfacet
  facet normal -1.000000e+00 0.000000e+00 0.000000e+00
    outer loop
      vertex 72.2436 26.4000 0.0000
      vertex 72.2436 26.4000 4.0000
      vertex 72.2436 29.6000 4.0000
    endloop
  endfacet
  facet normal -1.000000e+00 0.000000e+00 0.000000e+00
    outer loop
      vertex 72.2436 26.4000 0.0000
      vertex 72.2436 29.6000 4.0000
      vertex 72.2436 29.6000 0.0000
    endloop
  endfacet
endsolid tile_21
solid tile_22
  facet normal 0.000000e+00 0.000000e+00 -1.000000e+00
    outer loop
      vertex 0.0000 28.4000 0.0000
      vertex 0.0000 31.6000 0.0000
      vertex 45.5500 31.6000 0.0000
    endloop
  endfacet
  facet normal 0.000000e+00 0.000000e+00 -1.000000e+00
    outer loop
      vertex 0.0000 28.4000 0.0000
      vertex 45.5500 31.6000 0.0000
      vertex 45.5500 28.4000 0.0000
    endloop
  endfacet
  facet normal 0.000000e+00 0.000000e+00 1.000000e+00
    outer loop
      vertex 0.0000 28.4000 4.0000
      vertex 45.5500 28.4000 4.0000
      vertex 45.5500 31.6000 4.0000
    endloop
  endfacet
  facet normal 0.000000e+00 0.000000e+00 1.000000e+00
    outer loop
      vertex 0.0000 28.4000 4.0000
      vertex 45.5500 31.6000 4.0000
      vertex 0.0000 31.6000 4.0000
    endloop
  endfacet
  facet normal 0.000000e+00 -1.000000e+00 0.000000e+00
    outer loop
      vertex 0.0000 28.4000 0.0000
      vertex 45.5500 28.4000 0.0000
      vertex 45.5500 28.4000 4.0000
    endloop
  endfacet
  facet normal 0.000000e+00 -1.000000e+00 0.000000e+00
    outer loop
      vertex 0.0000 28.4000 0.0000
      vertex 45.5500 28.4000 4.0000
      vertex 0.0000 28.4000 4.0000
    endloop
  endfacet
  facet normal 0.000000e+00 1.000000e+00 0.000000e+00
    outer loop
      vertex 0.0000 31.6000 0.0000
      vertex 0.0000 31.6000 4.0000
      vertex 45.5500 31.6000 4.0000
    endloop
  endfacet
  facet normal 0.000000e+00 1.000000e+00 0.000000e+00
    outer loop
      vertex 0.0000 31.6000 0.0000
      vertex 45.5500 31.6000 4.0000
      vertex 45.5500 31.6000 0.0000
    endloop
  endfacet
  facet normal 1.000000e+00 0.000000e+00 0.000000e+00
    outer loop
      vertex 45.5500 28.4000 0.0000
      vertex 45.5500 31.6000 0.0000
      vertex 45.5500 31.6000 4.0000
    endloop
  endfacet
  facet normal 1.000000e+00 0.000000e+00 0.000000e+00
    outer loop
      vertex 45.5500 28.4000 0.0000
      vertex 45.5500 31.6000 4.0000
      vertex 45.5500 28.4000 4.0000
    endloop
  endfacet
  facet normal -1.000000e+00 0.000000e+00 0.000000e+00
    outer loop
      vertex 0.0000 28.4000 0.0000
      vertex 0.0000 28.4000 4.0000
      vertex 0.0000 31.6000 4.0000
    endloop
  endfacet
  facet normal -1.000000e+00 0.000000e+00 0.000000e+00
    outer loop
      vertex 0.0000 28.4000 0.0000
      vertex 0.0000 31.6000 4.0000
      vertex 0.0000 31.6000 0.0000
    endloop
  endfacet
endsolid tile_22
solid tile_23
  facet normal 0.000000e+00 0.000000e+00 -1.000000e+00
    outer loop
      vertex 74.4500 28.4000 0.0000
      vertex 74.4500 31.6000 0.0000
      vertex 200.0000 31.6000 0.0000
    endloop
  endfacet
  facet normal 0.000000e+00 0.000000e+00 -1.000000e+00
    outer loop
      vertex 74.4500 28.4000 0.0000
      vertex 200.0000 31.6000 0.0000
      vertex 200.0000 28.4000 0.0000
    endloop
  endfacet
  facet normal 0.000000e+00 0.000000e+00 1.000000e+00
    outer loop
      vertex 74.4500 28.4000 4.0000
      vertex 200.0000 28.4000 4.0000
      vertex 200.0000 31.6000 4.0000
    endloop
  endfacet
  facet normal 0.000000e+00 0.000000e+00 1.000000e+00
    outer loop
      vertex 74.4500 28.4000 4.0000
      vertex 200.0000 31.6000 4.0000
      vertex 74.4500 31.6000 4.0000
    endloop
  endfacet
  facet normal 0.000000e+00 -1.000000e+00 0.000000e+00
    outer loop
      vertex 74.4500 28.4000 0.0000
      vertex 200.0000 28.4000 0.0000
      vertex 200.0000 28.4000 4.0000
    endloop
  endfacet
  facet normal 0.000000e+00 -1.000000e+00 0.000000e+00
    outer loop
      vertex 74.4500 28.4000 0.0000
      vertex 200.0000 28.4000 4.0000
      vertex 74.4500 28.4000 4.0000
    endloop
  endfacet
  facet normal 0.000000e+00 1.000000e+00 0.000000e+00
    outer loop
      vertex 74.4500 31.6000 0.0000
      vertex 74.4500 31.6000 4.0000
      vertex 200.0000 31.6000 4.0000
    endloop
  endfacet
  facet normal 0.000000e+00 1.000000e+00 0.000000e+00
    outer loop
      vertex 74.4500 31.6000 0.0000
      vertex 200.0000 31.6000 4.0000
      vertex 200.0000 31.6000 0.0000
    endloop
  endfacet
  facet normal 1.000000e+00 0.000000e+00 0.000000e+00
    outer loop
      vertex 200.0000 28.4000 0.0000
      vertex 200.0000 31.6000 0.0000
      vertex 200.0000 31.6000 4.0000
    endloop
  endfacet
  facet normal 1.000000e+00 0.000000e+00 0.000000e+00
    outer loop
      vertex 200.0000 28.4000 0.0000
      vertex 200.0000 31.6000 4.0000
      vertex 200.0000 28.4000 4.0000
    endloop
  endfacet
  facet normal -1.000000e+00 0.000000e+00 0.000000e+00
    outer loop
      vertex 74.4500 28.4000 0.0000
      vertex 74.4500 28.4000 4.0000
      vertex 74.4500 31.6000 4.0000
    endloop
  endfacet
  facet normal -1.000000e+00 0.000000e+00 0.000000e+00
    outer loop
      vertex 74.4500 28.4000 0.0000
      vertex 74.4500 31.6000 4.0000
      vertex 74.4500 31.6000 0.0000
    endloop
  endfacet
endsolid tile_23
solid tile_24
  facet normal 0.000000e+00 0.000000e+00 -1.000000e+00
    outer loop
      vertex 0.0000 30.4000 0.0000
      vertex 0.0000 33.6000 0.0000
      vertex 43.8765 33.6000 0.0000
    endloop
  endfacet
  facet normal 0.000000e+00 0.000000e+00 -1.000000e+00
    outer loop
      vertex 0.0000 30.4000 0.0000
      vertex 43.8765 33.6000 0.0000
      vertex 43.8765 30.4000 0.0000
    endloop
  endfacet
  facet normal 0.000000e+00 0.000000e+00 1.000000e+00
    outer loop
      vertex 0.0000 30.4000 4.0000
      vertex 43.8765 30.4000 4.0000
      vertex 43.8765 33.6000 4.0000
    endloop
  endfacet
  facet normal 0.000000e+00 0.000000e+00 1.000000e+00
    outer loop
      vertex 0.0000 30.4000 4.0000
      vertex 43.8765 33.6000 4.0000
      vertex 0.0000 33.6000 4.0000
    endloop
  endfacet
  facet normal 0.000000e+00 -1.000000e+00 0.000000e+00
    outer loop
      vertex 0.0000 30.4000 0.0000
      vertex 43.8765 30.4000 0.0000
      vertex 43.8765 30.4000 4.0000
    endloop
  endfacet
  facet normal 0.000000e+00 -1.000000e+00 0.000000e+00
    outer loop
      vertex 0.0000 30.4000 0.0000
      vertex 43.8765 30.4000 4.0000
      vertex 0.0000 30.4000 4.0000
    endloop
  endfacet
  facet normal 0.000000e+00 1.000000e+00 0.000000e+00
    outer loop
      vertex 0.0000 33.6000 0.0000
      vertex 0.0000 33.6000 4.0000
      vertex 43.8765 33.6000 4.0000
    endloop
  endfacet
  facet normal 0.000000e+00 1.000000e+00 0.000000e+00
    outer loop
      vertex 0.0000 33.6000 0.0000
      vertex 43.8765 33.6000 4.0000
      vertex 43.8765 33.6000 0.0000
    endloop
  endfacet
  facet normal 1.000000e+00 0.000000e+00 0.000000e+00
    outer loop
      vertex 43.8765 30.4000 0.0000
      vertex 43.8765 33.6000 0.0000
      vertex 43.8765 33.6000 4.0000
    endloop
  endfacet
  facet normal 1.000000e+00 0.000000e+00 0.000000e+00
    outer loop
      vertex 43.8765 30.4000 0.0000
      vertex 43.8765 33.6000 4.0000
      vertex 43.8765 30.4000 4.0000
    endloop
  endfacet
  facet normal -1.000000e+00 0.000000e+00 0.000000e+00
    outer loop
      vertex 0.0000 30.4000 0.0000
      vertex 0.0000 30.4000 4.0000
      vertex 0.0000 33.6000 4.0000
    endloop
  endfacet
  facet normal -1.000000e+00 0.000000e+00 0.000000e+00
    outer loop
      vertex 0.0000 30.4000 0.0000
      vertex 0.0000 33.6000 4.0000
      vertex 0.0000 33.6000 0.0000
    endloop
  endfacet
endsolid tile_24
solid tile_25
  facet normal 0.000000e+00 0.000000e+00 -1.000000e+00
    outer loop
      vertex 76.1235 30.4000 0.0000
      vertex 76.1235 33.6000 0.0000
      vertex 200.0000 33.6000 0.0000
    endloop
  endfacet
  facet normal 0.000000e+00 0.000000e+00 -1.000000e+00
    outer loop
      vertex 76.1235 30.4000 0.0000
      vertex 200.0000 33.6000 0.0000
      vertex 200.0000 30.4000 0.0000
    endloop
  endfacet
  facet normal 0.000000e+00 0.000000e+00 1.000000e+00
    outer loop
      vertex 76.1235 30.4000 4.0000
      vertex 200.0000 30.4000 4.0000
      vertex 200.0000 33.6000 4.0000
    endloop
  endfacet
  facet normal 0.000000e+00 0.000000e+00 1.000000e+00
    outer loop
      vertex 76.1235 30.4000 4.0000
      vertex 200.0000 33.6000 4.0000
      vertex 76.1235 33.6000 4.0000
    endloop
  endfacet
  facet normal 0.000000e+00 -1.000000e+00 0.000000e+00
    outer loop
      vertex 76.1235 30.4000 0.0000
      vertex 200.0000 30.4000 0.0000
      vertex 200.0000 30.4000 4.0000
    endloop
  endfacet
  facet normal 0.000000e+00 -1.000000e+00 0.000000e+00
    outer loop
      vertex 76.1235 30.4000 0.0000
      vertex 200.0000 30.4000 4.0000
      vertex 76.1235 30.4000 4.0000
    endloop
  endfacet
  facet normal 0.000000e+00 1.000000e+00 0.000000e+00
    outer loop
      vertex 76.1235 33.6000 0.0000
      vertex 76.1235 33.6000 4.0000
      vertex 200.0000 33.6000 4.0000
    endloop
  endfacet
  facet normal 0.000000e+00 1.000000e+00 0.000000e+00
    outer loop
      vertex 76.1235 33.6000 0.0000
      vertex 200.0000 33.6000 4.0000
      vertex 200.0000 33.6000 0.0000
    endloop
  endfacet
  facet normal 1.000000e+00 0.000000e+00 0.000000e+00
    outer loop
      vertex 200.0000 30.4000 0.0000
      vertex 200.0000 33.6000 0.0000
      vertex 200.0000 33.6000 4.0000
    endloop
  endfacet
  facet normal 1.000000e+00 0.000000e+00 0.000000e+00
    outer loop
      vertex 200.0000 30.4000 0.0000
      vertex 200.0000 33.6000 4.0000
      vertex 200.0000 30.4000 4.0000
    endloop
  endfacet
  facet normal -1.000000e+00 0.000000e+00 0.000000e+00
    outer loop
      vertex 76.1235 30.4000 0.0000
      vertex 76.1235 30.4000 4.0000
      vertex 76.1235 33.6000 4.0000
    endloop
  endfacet
  facet normal -1.000000e+00 0.000000e+00 0.000000e+00
    outer loop
      vertex 76.1235 30.4000 0.0000
      vertex 76.1235 33.6000 4.0000
      vertex 76.1235 33.6000 0.0000
    endloop
  endfacet
endsolid tile_25
solid tile_26
  facet normal 0.000000e+00 0.000000e+00 -1.000000e+00
    outer loop
      vertex 0.0000 32.4000 0.0000
      vertex 0.0000 35.6000 0.0000
      vertex 42.5839 35.6000 0.0000
    endloop
  endfacet
  facet normal 0.000000e+00 0.000000e+00 -1.000000e+00
    outer loop
      vertex 0.0000 32.4000 0.0000
      vertex 42.5839 35.6000 0.0000
      vertex 42.5839 32.4000 0.0000
    endloop
  endfacet
  facet normal 0.000000e+00 0.000000e+00 1.000000e+00
    outer loop
      vertex 0.0000 32.4000 4.0000
      vertex 42.5839 32.4000 4.0000
      vertex 42.5839 35.6000 4.0000
    endloop
  endfacet
  facet normal 0.000000e+00 0.000000e+00 1.000000e+00
    outer loop
      vertex 0.0000 32.4000 4.0000
      vertex 42.5839 35.6000 4.0000
      vertex 0.0000 35.6000 4.0000
    endloop
  endfacet
  facet normal 0.000000e+00 -1.000000e+00 0.000000e+00
    outer loop
      vertex 0.0000 32.4000 0.0000
      vertex 42.5839 32.4000 0.0000
      vertex 42.5839 32.4000 4.0000
    endloop
  endfacet
  facet normal 0.000000e+00 -1.000000e+00 0.000000e+00
    outer loop
      vertex 0.0000 32.4000 0.0000
      vertex 42.5839 32.4000 4.0000
      vertex 0.0000 32.4000 4.0000
    endloop
  endfacet
  facet normal 0.000000e+00 1.000000e+00 0.000000e+00
    outer loop
      vertex 0.0000 35.6000 0.0000
      vertex 0.0000 35.6000 4.0000
      vertex 42.5839 35.6000 4.0000
    endloop
  endfacet
  facet normal 0.000000e+00 1.000000e+00 0.000000e+00
    outer loop
      vertex 0.0000 35.6000 0.0000
      vertex 42.5839 35.6000 4.0000
      vertex 42.5839 35.6000 0.0000
    endloop
  endfacet
  facet normal 1.000000e+00 0.000000e+00 0.000000e+00
    outer loop
      vertex 42.5839 32.4000 0.0000
      vertex 42.5839 35.6000 0.0000
      vertex 42.5839 35.6000 4.0000
    endloop
  endfacet
  facet normal 1.000000e+00 0.000000e+00 0.000000e+00
    outer loop
      vertex 42.5839 32.4000 0.0000
      vertex 42.5839 35.6000 4.0000
      vertex 42.5839 32.4000 4.0000
    endloop
  endfacet
  facet normal -1.000000e+00 0.000000e+00 0.000000e+00
    outer loop
      vertex 0.0000 32.4000 0.0000
      vertex 0.0000 32.4000 4.0000
      vertex 0.0000 35.6000 4.0000
    endloop
  endfacet
  facet normal -1.000000e+00 0.000000e+00 0.000000e+00
    outer loop
      vertex 0.0000 32.4000 0.0000
      vertex 0.0000 35.6000 4.0000
      vertex 0.0000 35.6000 0.0000
    endloop
  endfacet
endsolid tile_26
solid tile_27
  facet normal 0.000000e+00 0.000000e+00 -1.000000e+00
    outer loop
      vertex 77.4161 32.4000 0.0000
      vertex 77.4161 35.6000 0.0000
      vertex 200.0000 35.6000 0.0000
    endloop
  endfacet
  facet normal 0.000000e+00 0.000000e+00 -1.000000e+00
    outer loop
      vertex 77.4161 32.4000 0.0000
      vertex 200.0000 35.6000 0.0000
      vertex 200.0000 32.4000 0.0000
    endloop
  endfacet
  facet normal 0.000000e+00 0.000000e+00 1.000000e+00
    outer loop
      vertex 77.4161 32.4000 4.0000
      vertex 200.0000 32.4000 4.0000
      vertex 200.0000 35.6000 4.0000
    endloop
  endfacet
  facet normal 0.000000e+00 0.000000e+00 1.000000e+00
    outer loop
      vertex 77.4161 32.4000 4.0000
      vertex 200.0000 35.6000 4.0000
      vertex 77.4161 35.6000 4.0000
    endloop
  endfacet
  facet normal 0.000000e+00 -1.000000e+00 0.000000e+00
    outer loop
      vertex 77.4161 32.4000 0.0000
      vertex 200.0000 32.4000 0.0000
      vertex 200.0000 32.4000 4.0000
    endloop
  endfacet
  facet normal 0.000000e+00 -1.000000e+00 0.000000e+00
    outer loop
      vertex 77.4161 32.4000 0.0000
      vertex 200.0000 32.4000 4.0000
      vertex 77.4161 32.4000 4.0000
    endloop
  endfacet
  facet normal 0.000000e+00 1.000000e+00 0.000000e+00
    outer loop
      vertex 77.4161 35.6000 0.0000
      vertex 77.4161 35.6000 4.0000
      vertex 200.0000 35.6000 4.0000
    endloop
  endfacet
  facet normal 0.000000e+00 1.000000e+00 0.000000e+00
    outer loop
      vertex 77.4161 35.6000 0.0000
      vertex 200.0000 35.6000 4.0000
      vertex 200.0000 35.6000 0.0000
    endloop
  endfacet
  facet normal 1.000000e+00 0.000000e+00 0.000000e+00
    outer loop
      vertex 200.0000 32.4000 0.0000
      vertex 200.0000 35.6000 0.0000
      vertex 200.0000 35.6000 4.0000
    endloop
  endfacet
  facet normal 1.000000e+00 0.000000e+00 0.000000e+00
    outer loop
      vertex 200.0000 32.4000 0.0000
      vertex 200.0000 35.6000 4.0000
      vertex 200.0000 32.4000 4.0000
    endloop
  endfacet
  facet normal -1.000000e+00 0.000000e+00 0.000000e+00
    outer loop
      vertex 77.4161 32.4000 0.0000
      vertex 77.4161 32.4000 4.0000
      vertex 77.4161 35.6000 4.0000
    endloop
  endfacet
  facet normal -1.000000e+00 0.000000e+00 0.000000e+00
    outer loop
      vertex 77.4161 32.4000 0.0000
      vertex 77.4161 35.6000 4.0000
      vertex 77.4161 35.6000 0.0000
    endloop
  endfacet
endsolid tile_27
solid tile_28
  facet normal 0.000000e+00 0.000000e+00 -1.000000e+00
    outer loop
      vertex 0.0000 34.4000 0.0000
      vertex 0.0000 37.6000 0.0000
      vertex 41.5928 37.6000 0.0000
    endloop
  endfacet
  facet normal 0.000000e+00 0.000000e+00 -1.000000e+00
    outer loop
      vertex 0.0000 34.4000 0.0000
      vertex 41.5928 37.6000 0.0000
      vertex 41.5928 34.4000 0.0000
    endloop
  endfacet
  facet normal 0.000000e+00 0.000000e+00 1.000000e+00
    outer loop
      vertex 0.0000 34.4000 4.0000
      vertex 41.5928 34.4000 4.0000
      vertex 41.5928 37.6000 4.0000
    endloop
  endfacet
  facet normal 0.000000e+00 0.000000e+00 1.000000e+00
    outer loop
      vertex 0.0000 34.4000 4.0000
      vertex 41.5928 37.6000 4.0000
      vertex 0.0000 37.6000 4.0000
    endloop
  endfacet
  facet normal 0.000000e+00 -1.000000e+00 0.000000e+00
    outer loop
      vertex 0.0000 34.4000 0.0000
      vertex 41.5928 34.4000 0.0000
      vertex 41.5928 34.4000 4.0000
    endloop
  endfacet
  facet normal 0.000000e+00 -1.000000e+00 0.000000e+00
    outer loop
      vertex 0.0000 34.4000 0.0000
      vertex 41.5928 34.4000 4.0000
      vertex 0.0000 34.4000 4.0000
    endloop
  endfacet
  facet normal 0.000000e+00 1.000000e+00 0.000000e+00
    outer loop
      vertex 0.0000 37.6000 0.0000
      vertex 0.0000 37.6000 4.0000
      vertex 41.5928 37.6000 4.0000
    endloop
  endfacet
  facet normal 0.000000e+00 1.000000e+00 0.000000e+00
    outer loop
      vertex 0.0000 37.6000 0.0000
      vertex 41.5928 37.6000 4.0000
      vertex 41.5928 37.6000 0.0000
    endloop
  endfacet
  facet normal 1.000000e+00 0.000000e+00 0.000000e+00
    outer loop
      vertex 41.5928 34.4000 0.0000
      vertex 41.5928 37.6000 0.0000
      vertex 41.5928 37.6000 4.0000
    endloop
  endfacet
  facet normal 1.000000e+00 0.000000e+00 0.000000e+00
    outer loop
      vertex 41.5928 34.4000 0.0000
      vertex 41.5928 37.6000 4.0000
      vertex 41.5928 34.4000 4.0000
    endloop
  endfacet
  facet normal -1.000000e+00 0.000000e+00 0.000000e+00
    outer loop
      vertex 0.0000 34.4000 0.0000
      vertex 0.0000 34.4000 4.0000
      vertex 0.0000 37.6000 4.0000
    endloop
  endfacet
  facet normal -1.000000e+00 0.000000e+00 0.000000e+00
    outer loop
      vertex 0.0000 34.4000 0.0000
      vertex 0.0000 37.6000 4.0000
      vertex 0.0000 37.6000 0.0000
    endloop
  endfacet
endsolid tile_28
solid tile_29
  facet normal 0.000000e+00 0.000000e+00 -1.000000e+00
    outer loop
      vertex 78.4072 34.4000 0.0000
      vertex 78.4072 37.6000 0.0000
      vertex 200.0000 37.6000 0.0000
    endloop
  endfacet
  facet normal 0.000000e+00 0.000000e+00 -1.000000e+00
    outer loop
      vertex 78.4072 34.4000 0.0000
      vertex 200.0000 37.6000 0.0000
      vertex 200.0000 34.4000 0.0000
    endloop
  endfacet
  facet normal 0.000000e+00 0.000000e+00 1.000000e+00
    outer loop
      vertex 78.4072 34.4000 4.0000
      vertex 200.0000 34.4000 4.0000
      vertex 200.0000 37.6000 4.0000
    endloop
  endfacet
  facet normal 0.000000e+00 0.000000e+00 1.000000e+00
    outer loop
      vertex 78.4072 34.4000 4.0000
      vertex 200.0000 37.6000 4.0000
      vertex 78.4072 37.6000 4.0000
    endloop
  endfacet
  facet normal 0.000000e+00 -1.000000e+00 0.000000e+00
    outer loop
      vertex 78.4072 34.4000 0.0000
      vertex 200.0000 34.4000 0.0000
      vertex 200.0000 34.4000 4.0000
    endloop
  endfacet
  facet normal 0.000000e+00 -1.000000e+00 0.000000e+00
    outer loop
      vertex 78.4072 34.4000 0.0000
      vertex 200.0000 34.4000 4.0000
      vertex 78.4072 34.4000 4.0000
    endloop
  endfacet
  facet normal 0.000000e+00 1.000000e+00 0.000000e+00
    outer loop
      vertex 78.4072 37.6000 0.0000
      vertex 78.4072 37.6000 4.0000
      vertex 200.0000 37.6000 4.0000
    endloop
  endfacet
  facet normal 0.000000e+00 1.000000e+00 0.000000e+00
    outer loop
      vertex 78.4072 37.6000 0.0000
      vertex 200.0000 37.6000 4.0000
      vertex 200.0000 37.6000 0.0000
    endloop
  endfacet
  facet normal 1.000000e+00 0.000000e+00 0.000000e+00
    outer loop
      vertex 200.0000 34.4000 0.0000
      vertex 200.0000 37.6000 0.0000
      vertex 200.0000 37.6000 4.0000
    endloop
  endfacet
  facet normal 1.000000e+00 0.000000e+00 0.000000e+00
    outer loop
      vertex 200.0000 34.4000 0.0000
      vertex 200.0000 37.6000 4.0000
      vertex 200.0000 34.4000 4.0000
    endloop
  endfacet
  facet normal -1.000000e+00 0.000000e+00 0.000000e+00
    outer loop
      vertex 78.4072 34.4000 0.0000
      vertex 78.4072 34.4000 4.0000
      vertex 78.4072 37.6000 4.0000
    endloop
  endfacet
  facet normal -1.000000e+00 0.000000e+00 0.000000e+00
    outer loop
      vertex 78.4072 34.4000 0.0000
      vertex 78.4072 37.6000 4.0000
      vertex 78.4072 37.6000 0.0000
    endloop
  endfacet
endsolid tile_29
solid tile_30
  facet normal 0.000000e+00 0.000000e+00 -1.000000e+00
    outer loop
      vertex 0.0000 36.4000 0.0000
      vertex 0.0000 39.6000 0.0000
      vertex 40.8570 39.6000 0.0000
    endloop
  endfacet
  facet normal 0.000000e+00 0.000000e+00 -1.000000e+00
    outer loop
      vertex 0.0000 36.4000 0.0000
      vertex 40.8570 39.6000 0.0000
      vertex 40.8570 36.4000 0.0000
    endloop
  endfacet
  facet normal 0.000000e+00 0.000000e+00 1.000000e+00
    outer loop
      vertex 0.0000 36.4000 4.0000
      vertex 40.8570 36.4000 4.0000
      vertex 40.8570 39.6000 4.0000
    endloop
  endfacet
  facet normal 0.000000e+00 0.000000e+00 1.000000e+00
    outer loop
      vertex 0.0000 36.4000 4.0000
      vertex 40.8570 39.6000 4.0000
      vertex 0.0000 39.6000 4.0000
    endloop
  endfacet
  facet normal 0.000000e+00 -1.000000e+00 0.000000e+00
    outer loop
      vertex 0.0000 36.4000 0.0000
      vertex 40.8570 36.4000 0.0000
      vertex 40.8570 36.4000 4.0000
    endloop
  endfacet
  facet normal 0.000000e+00 -1.000000e+00 0.000000e+00
    outer loop
      vertex 0.0000 36.4000 0.0000
      vertex 40.8570 36.4000 4.0000
      vertex 0.0000 36.4000 4.0000
    endloop
  endfacet
  facet normal 0.000000e+00 1.000000e+00 0.000000e+00
    outer loop
      vertex 0.0000 39.6000 0.0000
      vertex 0.0000 39.6000 4.0000
      vertex 40.8570 39.6000 4.0000
    endloop
  endfacet
  facet normal 0.000000e+00 1.000000e+00 0.000000e+00
    outer loop
      vertex 0.0000 39.6000 0.0000
      vertex 40.8570 39.6000 4.0000
      vertex 40.8570 39.6000 0.0000
    endloop
  endfacet
  facet normal 1.000000e+00 0.000000e+00 0.000000e+00
    outer loop
      vertex 40.8570 36.4000 0.0000
      vertex 40.8570 39.6000 0.0000
      vertex 40.8570 39.6000 4.0000
    endloop
  endfacet
  facet normal 1.000000e+00 0.000000e+00 0.000000e+00
    outer loop
      vertex 40.8570 36.4000 0.0000
      vertex 40.8570 39.6000 4.0000
      vertex 40.8570 36.4000 4.0000
    endloop
  endfacet
  facet normal -1.000000e+00 0.000000e+00 0.000000e+00
    outer loop
      vertex 0.0000 36.4000 0.0000
      vertex 0.0000 36.4000 4.0000
      vertex 0.0000 39.6000 4.0000
    endloop
  endfacet
  facet normal -1.000000e+00 0.000000e+00 0.000000e+00
    outer loop
      vertex 0.0000 36.4000 0.0000
      vertex 0.0000 39.6000 4.0000
      vertex 0.0000 39.6000 0.0000
    endloop
  endfacet
endsolid tile_30
solid tile_31
  facet normal 0.000000e+00 0.000000e+00 -1.000000e+00
    outer loop
      vertex 79.1430 36.4000 0.0000
      vertex 79.1430 39.6000 0.0000
      vertex 200.0000 39.6000 0.0000
    endloop
  endfacet
  facet normal 0.000000e+00 0.000000e+00 -1.000000e+00
    outer loop
      vertex 79.1430 36.4000 0.0000
      vertex 200.0000 39.6000 0.0000
      vertex 200.0000 36.4000 0.0000
    endloop
  endfacet
  facet normal 0.000000e+00 0.000000e+00 1.000000e+00
    outer loop
      vertex 79.1430 36.4000 4.0000
      vertex 200.0000 36.4000 4.0000
      vertex 200.0000 39.6000 4.0000
    endloop
  endfacet
  facet normal 0.000000e+00 0.000000e+00 1.000000e+00
    outer loop
      vertex 79.1430 36.4000 4.0000
      vertex 200.0000 39.6000 4.0000
      vertex 79.1430 39.6000 4.0000
    endloop
  endfacet
  facet normal 0.000000e+00 -1.000000e+00 0.000000e+00
    outer loop
      vertex 79.1430 36.4000 0.0000
      vertex 200.0000 36.4000 0.0000
      vertex 200.0000 36.4000 4.0000
    endloop
  endfacet
  facet normal 0.000000e+00 -1.000000e+00 0.000000e+00
    outer loop
      vertex 79.1430 36.4000 0.0000
      vertex 200.0000 36.4000 4.0000
      vertex 79.1430 36.4000 4.0000
    endloop
  endfacet
  facet normal 0.000000e+00 1.000000e+00 0.000000e+00
    outer loop
      vertex 79.1430 39.6000 0.0000
      vertex 79.1430 39.6000 4.0000
      vertex 200.0000 39.6000 4.0000
    endloop
  endfacet
  facet normal 0.000000e+00 1.000000e+00 0.000000e+00
    outer loop
      vertex 79.1430 39.6000 0.0000
      vertex 200.0000 39.6000 4.0000
      vertex 200.0000 39.6000 0.0000
    endloop
  endfacet
  facet normal 1.000000e+00 0.000000e+00 0.000000e+00
    outer loop
      vertex 200.0000 36.4000 0.0000
      vertex 200.0000 39.6000 0.0000
      vertex 200.0000 39.6000 4.0000
    endloop
  endfacet
  facet normal 1.000000e+00 0.000000e+00 0.000000e+00
    outer loop
      vertex 200.0000 36.4000 0.0000
      vertex 200.0000 39.6000 4.0000
      vertex 200.0000 36.4000 4.0000
    endloop
  endfacet
  facet normal -1.000000e+00 0.000000e+00 0.000000e+00
    outer loop
      vertex 79.1430 36.4000 0.0000
      vertex 79.1430 36.4000 4.0000
      vertex 79.1430 39.6000 4.0000
    endloop
  endfacet
  facet normal -1.000000e+00 0.000000e+00 0.000000e+00
    outer loop
      vertex 79.1430 36.4000 0.0000
      vertex 79.1430 39.6000 4.0000
      vertex 79.1430 39.6000 0.0000
    endloop
  endfacet
endsolid tile_31
solid tile_32
  facet normal 0.000000e+00 0.000000e+00 -1.000000e+00
    outer loop
      vertex 0.0000 38.4000 0.0000
      vertex 0.0000 41.6000 0.0000
      vertex 40.3480 41.6000 0.0000
    endloop
  endfacet
  facet normal 0.000000e+00 0.000000e+00 -1.000000e+00
    outer loop
      vertex 0.0000 38.4000 0.0000
      vertex 40.3480 41.6000 0.0000
      vertex 40.3480 38.4000 0.0000
    endloop
  endfacet
  facet normal 0.000000e+00 0.000000e+00 1.000000e+00
    outer loop
      vertex 0.0000 38.4000 4.0000
      vertex 40.3480 38.4000 4.0000
      vertex 40.3480 41.6000 4.0000
    endloop
  endfacet
  facet normal 0.000000e+00 0.000000e+00 1.000000e+00
    outer loop
      vertex 0.0000 38.4000 4.0000
      vertex 40.3480 41.6000 4.0000
      vertex 0.0000 41.6000 4.0000
    endloop
  endfacet
  facet normal 0.000000e+00 -1.000000e+00 0.000000e+00
    outer loop
      vertex 0.0000 38.4000 0.0000
      vertex 40.3480 38.4000 0.0000
      vertex 40.3480 38.4000 4.0000
    endloop
  endfacet
  facet normal 0.000000e+00 -1.000000e+00 0.000000e+00
    outer loop
      vertex 0.0000 38.4000 0.0000
      vertex 40.3480 38.4000 4.0000
      vertex 0.0000 38.4000 4.0000
    endloop
  endfacet
  facet normal 0.000000e+00 1.000000e+00 0.000000e+00
    outer loop
      vertex 0.0000 41.6000 0.0000
      vertex 0.0000 41.6000 4.0000
      vertex 40.3480 41.6000 4.0000
    endloop
  endfacet
  facet normal 0.000000e+00 1.000000e+00 0.000000e+00
    outer loop
      vertex 0.0000 41.6000 0.0000
      vertex 40.3480 41.6000 4.0000
      vertex 40.3480 41.6000 0.0000
    endloop
  endfacet
  facet normal 1.000000e+00 0.000000e+00 0.000000e+00
    outer loop
      vertex 40.3480 38.4000 0.0000
      vertex 40.3480 41.6000 0.0000
      vertex 40.3480 41.6000 4.0000
    endloop
  endfacet
  facet normal 1.000000e+00 0.000000e+00 0.000000e+00
    outer loop
      vertex 40.3480 38.4000 0.0000
      vertex 40.3480 41.6000 4.0000
      vertex 40.3480 38.4000 4.0000
    endloop
  endfacet
  facet normal -1.000000e+00 0.000000e+00 0.000000e+00
    outer loop
      vertex 0.0000 38.4000 0.0000
      vertex 0.0000 38.4000 4.0000
      vertex 0.0000 41.6000 4.0000
    endloop
  endfacet
  facet normal -1.000000e+00 0.000000e+00 0.000000e+00
    outer loop
      vertex 0.0000 38.4000 0.0000
      vertex 0.0000 41.6000 4.0000
      vertex 0.0000 41.6000 0.0000
    endloop
  endfacet
endsolid tile_32
solid tile_33
  facet normal 0.000000e+00 0.000000e+00 -1.000000e+00
    outer loop
      vertex 79.6520 38.4000 0.0000
      vertex 79.6520 41.6000 0.0000
      vertex 200.0000 41.6000 0.0000
    endloop
  endfacet
  facet normal 0.000000e+00 0.000000e+00 -1.000000e+00
    outer loop
      vertex 79.6520 38.4000 0.0000
      vertex 200.0000 41.6000 0.0000
      vertex 200.0000 38.4000 0.0000
    endloop
  endfacet
  facet normal 0.000000e+00 0.000000e+00 1.000000e+00
    outer loop
      vertex 79.6520 38.4000 4.0000
      vertex 200.0000 38.4000 4.0000
      vertex 200.0000 41.6000 4.0000
    endloop
  endfacet
  facet normal 0.000000e+00 0.000000e+00 1.000000e+00
    outer loop
      vertex 79.6520 38.4000 4.0000
      vertex 200.0000 41.6000 4.0000
      vertex 79.6520 41.6000 4.0000
    endloop
  endfacet
  facet normal 0.000000e+00 -1.000000e+00 0.000000e+00
    outer loop
      vertex 79.6520 38.4000 0.0000
      vertex 200.0000 38.4000 0.0000
      vertex 200.0000 38.4000 4.0000
    endloop
  endfacet
  facet normal 0.000000e+00 -1.000000e+00 0.000000e+00
    outer loop
      vertex 79.6520 38.4000 0.0000
      vertex 200.0000 38.4000 4.0000
      vertex 79.6520 38.4000 4.0000
    endloop
  endfacet
  facet normal 0.000000e+00 1.000000e+00 0.000000e+00
    outer loop
      vertex 79.6520 41.6000 0.0000
      vertex 79.6520 41.6000 4.0000
      vertex 200.0000 41.6000 4.0000
    endloop
  endfacet
  facet normal 0.000000e+00 1.000000e+00 0.000000e+00
    outer loop
      vertex 79.6520 41.6000 0.0000
      vertex 200.0000 41.6000 4.0000
      vertex 200.0000 41.6000 0.0000
    endloop
  endfacet
  facet normal 1.000000e+00 0.000000e+00 0.000000e+00
    outer loop
      vertex 200.0000 38.4000 0.0000
      vertex 200.0000 41.6000 0.0000
      vertex 200.0000 41.6000 4.0000
    endloop
  endfacet
  facet normal 1.000000e+00 0.000000e+00 0.000000e+00
    outer loop
      vertex 200.0000 38.4000 0.0000
      vertex 200.0000 41.6000 4.0000
      vertex 200.0000 38.4000 4.0000
    endloop
  endfacet
  facet normal -1.000000e+00 0.000000e+00 0.000000e+00
    outer loop
      vertex 79.6520 38.4000 0.0000
      vertex 79.6520 38.4000 4.0000
      vertex 79.6520 41.6000 4.0000
    endloop
  endfacet
  facet normal -1.000000e+00 0.000000e+00 0.000000e+00
    outer loop
      vertex 79.6520 38.4000 0.0000
      vertex 79.6520 41.6000 4.0000
      vertex 79.6520 41.6000 0.0000
    endloop
  endfacet
endsolid tile_33
solid tile_34
  facet normal 0.000000e+00 0.000000e+00 -1.000000e+00
    outer loop
      vertex 0.0000 40.4000 0.0000
      vertex 0.0000 43.6000 0.0000
      vertex 40.0488 43.6000 0.0000
    endloop
  endfacet
  facet normal 0.000000e+00 0.000000e+00 -1.000000e+00
    outer loop
      vertex 0.0000 40.4000 0.0000
      vertex 40.0488 43.6000 0.0000
      vertex 40.0488 40.4000 0.0000
    endloop
  endfacet
  facet normal 0.000000e+00 0.000000e+00 1.000000e+00
    outer loop
      vertex 0.0000 40.4000 4.0000
      vertex 40.0488 40.4000 4.0000
      vertex 40.0488 43.6000 4.0000
    endloop
  endfacet
  facet normal 0.000000e+00 0.000000e+00 1.000000e+00
    outer loop
      vertex 0.0000 40.4000 4.0000
      vertex 40.0488 43.6000 4.0000
      vertex 0.0000 43.6000 4.0000
    endloop
  endfacet
  facet normal 0.000000e+00 -1.000000e+00 0.000000e+00
    outer loop
      vertex 0.0000 40.4000 0.0000
      vertex 40.0488 40.4000 0.0000
      vertex 40.0488 40.4000 4.0000
    endloop
  endfacet
  facet normal 0.000000e+00 -1.000000e+00 0.000000e+00
    outer loop
      vertex 0.0000 40.4000 0.0000
      vertex 40.0488 40.4000 4.0000
      vertex 0.0000 40.4000 4.0000
    endloop
  endfacet
  facet normal 0.000000e+00 1.000000e+00 0.000000e+00
    outer loop
      vertex 0.0000 43.6000 0.0000
      vertex 0.0000 43.6000 4.0000
      vertex 40.0488 43.6000 4.0000
    endloop
  endfacet
  facet normal 0.000000e+00 1.000000e+00 0.000000e+00
    outer loop
      vertex 0.0000 43.6000 0.0000
      vertex 40.0488 43.6000 4.0000
      vertex 40.0488 43.6000 0.0000
    endloop
  endfacet
  facet normal 1.000000e+00 0.000000e+00 0.000000e+00
    outer loop
      vertex 40.0488 40.4000 0.0000
      vertex 40.0488 43.6000 0.0000
      vertex 40.0488 43.6000 4.0000
    endloop
  endfacet
  facet normal 1.000000e+00 0.000000e+00 0.000000e+00
    outer loop
      vertex 40.0488 40.4000 0.0000
      vertex 40.0488 43.6000 4.0000
      vertex 40.0488 40.4000 4.0000
    endloop
  endfacet
  facet normal -1.000000e+00 0.000000e+00 0.000000e+00
    outer loop
      vertex 0.0000 40.4000 0.0000
      vertex 0.0000 40.4000 4.0000
      vertex 0.0000 43.6000 4.0000
    endloop
  endfacet
  facet normal -1.000000e+00 0.000000e+00 0.000000e+00
    outer loop
      vertex 0.0000 40.4000 0.0000
      vertex 0.0000 43.6000 4.0000
      vertex 0.0000 43.6000 0.0000
    endloop
  endfacet
endsolid tile_34
solid tile_35
  facet normal 0.000000e+00 0.000000e+00 -1.000000e+00
    outer loop
      vertex 79.9512 40.4000 0.0000
      vertex 79.9512 43.6000 0.0000
      vertex 200.0000 43.6000 0.0000
    endloop
  endfacet
  facet normal 0.000000e+00 0.000000e+00 -1.000000e+00
    outer loop
      vertex 79.9512 40.4000 0.0000
      vertex 200.0000 43.6000 0.0000
      vertex 200.0000 40.4000 0.0000
    endloop
  endfacet
  facet normal 0.000000e+00 0.000000e+00 1.000000e+00
    outer loop
      vertex 79.9512 40.4000 4.0000
      vertex 200.0000 40.4000 4.0000
      vertex 200.0000 43.6000 4.0000
    endloop
  endfacet
  facet normal 0.000000e+00 0.000000e+00 1.000000e+00
    outer loop
      vertex 79.9512 40.4000 4.0000
      vertex 200.0000 43.6000 4.0000
      vertex 79.9512 43.6000 4.0000
    endloop
  endfacet
  facet normal 0.000000e+00 -1.000000e+00 0.000000e+00
    outer loop
      vertex 79.9512 40.4000 0.0000
      vertex 200.0000 40.4000 0.0000
      vertex 200.0000 40.4000 4.0000
    endloop
  endfacet
  facet normal 0.000000e+00 -1.000000e+00 0.000000e+00
    outer loop
      vertex 79.9512 40.4000 0.0000
      vertex 200.0000 40.4000 4.0000
      vertex 79.9512 40.4000 4.0000
    endloop
  endfacet
  facet normal 0.000000e+00 1.000000e+00 0.000000e+00
    outer loop
      vertex 79.9512 43.6000 0.0000
      vertex 79.9512 43.6000 4.0000
      vertex 200.0000 43.6000 4.0000
    endloop
  endfacet
  facet normal 0.000000e+00 1.000000e+00 0.000000e+00
    outer loop
      vertex 79.9512 43.6000 0.0000
      vertex 200.0000 43.6000 4.0000
      vertex 200.0000 43.6000 0.0000
    endloop
  endfacet
  facet normal 1.000000e+00 0.000000e+00 0.000000e+00
    outer loop
      vertex 200.0000 40.4000 0.0000
      vertex 200.0000 43.6000 0.0000
      vertex 200.0000 43.6000 4.0000
    endloop
  endfacet
  facet normal 1.000000e+00 0.000000e+00 0.000000e+00
    outer loop
      vertex 200.0000 40.4000 0.0000
      vertex 200.0000 43.6000 4.0000
      vertex 200.0000 40.4000 4.0000
    endloop
  endfacet
  facet normal -1.000000e+00 0.000000e+00 0.000000e+00
    outer loop
      vertex 79.9512 40.4000 0.0000
      vertex 79.9512 40.4000 4.0000
      vertex 79.9512 43.6000 4.0000
    endloop
  endfacet
  facet normal -1.000000e+00 0.000000e+00 0.000000e+00
    outer loop
      vertex 79.9512 40.4000 0.0000
      vertex 79.9512 43.6000 4.0000
      vertex 79.9512 43.6000 0.0000
    endloop
  endfacet
endsolid tile_35
solid tile_36
  facet normal 0.000000e+00 0.000000e+00 -1.000000e+00
    outer loop
      vertex 0.0000 42.4000 0.0000
      vertex 0.0000 45.6000 0.0000
      vertex 39.9500 45.6000 0.0000
    endloop
  endfacet
  facet normal 0.000000e+00 0.000000e+00 -1.000000e+00
    outer loop
      vertex 0.0000 42.4000 0.0000
      vertex 39.9500 45.6000 0.0000
      vertex 39.9500 42.4000 0.0000
    endloop
  endfacet
  facet normal 0.000000e+00 0.000000e+00 1.000000e+00
    outer loop
      vertex 0.0000 42.4000 4.0000
      vertex 39.9500 42.4000 4.0000
      vertex 39.9500 45.6000 4.0000
    endloop
  endfacet
  facet normal 0.000000e+00 0.000000e+00 1.000000e+00
    outer loop
      vertex 0.0000 42.4000 4.0000
      vertex 39.9500 45.6000 4.0000
      vertex 0.0000 45.6000 4.0000
    endloop
  endfacet
  facet normal 0.000000e+00 -1.000000e+00 0.000000e+00
    outer loop
      vertex 0.0000 42.4000 0.0000
      vertex 39.9500 42.4000 0.0000
      vertex 39.9500 42.4000 4.0000
    endloop
  endfacet
  facet normal 0.000000e+00 -1.000000e+00 0.000000e+00
    outer loop
      vertex 0.0000 42.4000 0.0000
      vertex 39.9500 42.4000 4.0000
      vertex 0.0000 42.4000 4.0000
    endloop
  endfacet
  facet normal 0.000000e+00 1.000000e+00 0.000000e+00
    outer loop
      vertex 0.0000 45.6000 0.0000
      vertex 0.0000 45.6000 4.0000
      vertex 39.9500 45.6000 4.0000
    endloop
  endfacet
  facet normal 0.000000e+00 1.000000e+00 0.000000e+00
    outer loop
      vertex 0.0000 45.6000 0.0000
      vertex 39.9500 45.6000 4.0000
      vertex 39.9500 45.6000 0.0000
    endloop
  endfacet
  facet normal 1.000000e+00 0.000000e+00 0.000000e+00
    outer loop
      vertex 39.9500 42.4000 0.0000
      vertex 39.9500 45.6000 0.0000
      vertex 39.9500 45.6000 4.0000
    endloop
  endfacet
  facet normal 1.000000e+00 0.000000e+00 0.000000e+00
    outer loop
      vertex 39.9500 42.4000 0.0000
      vertex 39.9500 45.6000 4.0000
      vertex 39.9500 42.4000 4.0000
    endloop
  endfacet
  facet normal -1.000000e+00 0.000000e+00 0.000000e+00
    outer loop
      vertex 0.0000 42.4000 0.0000
      vertex 0.0000 42.4000 4.0000
      vertex 0.0000 45.6000 4.0000
    endloop
  endfacet
  facet normal -1.000000e+00 0.000000e+00 0.000000e+00
    outer loop
      vertex 0.0000 42.4000 0.0000
      vertex 0.0000 45.6000 4.0000
      vertex 0.0000 45.6000 0.0000
    endloop
  endfacet
endsolid tile_36
solid tile_37
  facet normal 0.000000e+00 0.000000e+00 -1.000000e+00
    outer loop
      vertex 80.0500 42.4000 0.0000
      vertex 80.0500 45.6000 0.0000
      vertex 200.0000 45.6000 0.0000
    endloop
  endfacet
  facet normal 0.000000e+00 0.000000e+00 -1.000000e+00
    outer loop
      vertex 80.0500 42.4000 0.0000
      vertex 200.0000 45.6000 0.0000
      vertex 200.0000 42.4000 0.0000
    endloop
  endfacet
  facet normal 0.000000e+00 0.000000e+00 1.000000e+00
    outer loop
      vertex 80.0500 42.4000 4.0000
      vertex 200.0000 42.4000 4.0000
      vertex 200.0000 45.6000 4.0000
    endloop
  endfacet
  facet normal 0.000000e+00 0.000000e+00 1.000000e+00
    outer loop
      vertex 80.0500 42.4000 4.0000
      vertex 200.0000 45.6000 4.0000
      vertex 80.0500 45.6000 4.0000
    endloop
  endfacet
  facet normal 0.000000e+00 -1.000000e+00 0.000000e+00
    outer loop
      vertex 80.0500 42.4000 0.0000
      vertex 200.0000 42.4000 0.0000
      vertex 200.0000 42.4000 4.0000
    endloop
  endfacet
  facet normal 0.000000e+00 -1.000000e+00 0.000000e+00
    outer loop
      vertex 80.0500 42.4000 0.0000
      vertex 200.0000 42.4000 4.0000
      vertex 80.0500 42.4000 4.0000
    endloop
  endfacet
  facet normal 0.000000e+00 1.000000e+00 0.000000e+00
    outer loop
      vertex 80.0500 45.6000 0.0000
      vertex 80.0500 45.6000 4.0000
      vertex 200.0000 45.6000 4.0000
    endloop
  endfacet
  facet normal 0.000000e+00 1.000000e+00 0.000000e+00
    outer loop
      vertex 80.0500 45.6000 0.0000
      vertex 200.0000 45.6000 4.0000
      vertex 200.0000 45.6000 0.0000
    endloop
  endfacet
  facet normal 1.000000e+00 0.000000e+00 0.000000e+00
    outer loop
      vertex 200.0000 42.4000 0.0000
      vertex 200.0000 45.6000 0.0000
      vertex 200.0000 45.6000 4.0000
    endloop
  endfacet
  facet normal 1.000000e+00 0.000000e+00 0.000000e+00
    outer loop
      vertex 200.0000 42.4000 0.0000
      vertex 200.0000 45.6000 4.0000
      vertex 200.0000 42.4000 4.0000
    endloop
  endfacet
  facet normal -1.000000e+00 0.000000e+00 0.000000e+00
    outer loop
      vertex 80.0500 42.4000 0.0000
      vertex 80.0500 42.4000 4.0000
      vertex 80.0500 45.6000 4.0000
    endloop
  endfacet
  facet normal -1.000000e+00 0.000000e+00 0.000000e+00
    outer loop
      vertex 80.0500 42.4000 0.0000
      vertex 80.0500 45.6000 4.0000
      vertex 80.0500 45.6000 0.0000
    endloop
  endfacet
endsolid tile_37
solid tile_38
  facet normal 0.000000e+00 0.000000e+00 -1.000000e+00
    outer loop
      vertex 0.0000 44.4000 0.0000
      vertex 0.0000 47.6000 0.0000
      vertex 39.9500 47.6000 0.0000
    endloop
  endfacet
  facet normal 0.000000e+00 0.000000e+00 -1.000000e+00
    outer loop
      vertex 0.0000 44.4000 0.0000
      vertex 39.9500 47.6000 0.0000
      vertex 39.9500 44.4000 0.0000
    endloop
  endfacet
  facet normal 0.000000e+00 0.000000e+00 1.000000e+00
    outer loop
      vertex 0.0000 44.4000 4.0000
      vertex 39.9500 44.4000 4.0000
      vertex 39.9500 47.6000 4.0000
    endloop
  endfacet
  facet normal 0.000000e+00 0.000000e+00 1.000000e+00
    outer loop
      vertex 0.0000 44.4000 4.0000
      vertex 39.9500 47.6000 4.0000
      vertex 0.0000 47.6000 4.0000
    endloop
  endfacet
  facet normal 0.000000e+00 -1.000000e+00 0.000000e+00
    outer loop
      vertex 0.0000 44.4000 0.0000
      vertex 39.9500 44.4000 0.0000
      vertex 39.9500 44.4000 4.0000
    endloop
  endfacet
  facet normal 0.000000e+00 -1.000000e+00 0.000000e+00
    outer loop
      vertex 0.0000 44.4000 0.0000
      vertex 39.9500 44.4000 4.0000
      vertex 0.0000 44.4000 4.0000
    endloop
  endfacet
  facet normal 0.000000e+00 1.000000e+00 0.000000e+00
    outer loop
      vertex 0.0000 47.6000 0.0000
      vertex 0.0000 47.6000 4.0000
      vertex 39.9500 47.6000 4.0000
    endloop
  endfacet
  facet normal 0.000000e+00 1.000000e+00 0.000000e+00
    outer loop
      vertex 0.0000 47.6000 0.0000
      vertex 39.9500 47.6000 4.0000
      vertex 39.9500 47.6000 0.0000
    endloop
  endfacet
  facet normal 1.000000e+00 0.000000e+00 0.000000e+00
    outer loop
      vertex 39.9500 44.4000 0.0000
      vertex 39.9500 47.6000 0.0000
      vertex 39.9500 47.6000 4.0000
    endloop
  endfacet
  facet normal 1.000000e+00 0.000000e+00 0.000000e+00
    outer loop
      vertex 39.9500 44.4000 0.0000
      vertex 39.9500 47.6000 4.0000
      vertex 39.9500 44.4000 4.0000
    endloop
  endfacet
  facet normal -1.000000e+00 0.000000e+00 0.000000e+00
    outer loop
      vertex 0.0000 44.4000 0.0000
      vertex 0.0000 44.4000 4.0000
      vertex 0.0000 47.6000 4.0000
    endloop
  endfacet
  facet normal -1.000000e+00 0.000000e+00 0.000000e+00
    outer loop
      vertex 0.0000 44.4000 0.0000
      vertex 0.0000 47.6000 4.0000
      vertex 0.0000 47.6000 0.0000
    endloop
  endfacet
endsolid tile_38
solid tile_39
  facet normal 0.000000e+00 0.000000e+00 -1.000000e+00
    outer loop
      vertex 80.0500 44.4000 0.0000
      vertex 80.0500 47.6000 0.0000
      vertex 200.0000 47.6000 0.0000
    endloop
  endfacet
  facet normal 0.000000e+00 0.000000e+00 -1.000000e+00
    outer loop
      vertex 80.0500 44.4000 0.0000
      vertex 200.0000 47.6000 0.0000
      vertex 200.0000 44.4000 0.0000
    endloop
  endfacet
  facet normal 0.000000e+00 0.000000e+00 1.000000e+00
    outer loop
      vertex 80.0500 44.4000 4.0000
      vertex 200.0000 44.4000 4.0000
      vertex 200.0000 47.6000 4.0000
    endloop
  endfacet
  facet normal 0.000000e+00 0.000000e+00 1.000000e+00
    outer loop
      vertex 80.0500 44.4000 4.0000
      vertex 200.0000 47.6000 4.0000
      vertex 80.0500 47.6000 4.0000
    endloop
  endfacet
  facet normal 0.000000e+00 -1.000000e+00 0.000000e+00
    outer loop
      vertex 80.0500 44.4000 0.0000
      vertex 200.0000 44.4000 0.0000
      vertex 200.0000 44.4000 4.0000
    endloop
  endfacet
  facet normal 0.000000e+00 -1.000000e+00 0.000000e+00
    outer loop
      vertex 80.0500 44.4000 0.0000
      vertex 200.0000 44.4000 4.0000
      vertex 80.0500 44.4000 4.0000
    endloop
  endfacet
  facet normal 0.000000e+00 1.000000e+00 0.000000e+00
    outer loop
      vertex 80.0500 47.6000 0.0000
      vertex 80.0500 47.6000 4.0000
      vertex 200.0000 47.6000 4.0000
    endloop
  endfacet
  facet normal 0.000000e+00 1.000000e+00 0.000000e+00
    outer loop
      vertex 80.0500 47.6000 0.0000
      vertex 200.0000 47.6000 4.0000
      vertex 200.0000 47.6000 0.0000
    endloop
  endfacet
  facet normal 1.000000e+00 0.000000e+00 0.000000e+00
    outer loop
      vertex 200.0000 44.4000 0.0000
      vertex 200.0000 47.6000 0.0000
      vertex 200.0000 47.6000 4.0000
    endloop
  endfacet
  facet normal 1.000000e+00 0.000000e+00 0.000000e+00
    outer loop
      vertex 200.0000 44.4000 0.0000
      vertex 200.0000 47.6000 4.0000
      vertex 200.0000 44.4000 4.0000
    endloop
  endfacet
  facet normal -1.000000e+00 0.000000e+00 0.000000e+00
    outer loop
      vertex 80.0500 44.4000 0.0000
      vertex 80.0500 44.4000 4.0000
      vertex 80.0500 47.6000 4.0000
    endloop
  endfacet
  facet normal -1.000000e+00 0.000000e+00 0.000000e+00
    outer loop
      vertex 80.0500 44.4000 0.0000
      vertex 80.0500 47.6000 4.0000
      vertex 80.0500 47.6000 0.0000
    endloop
  endfacet
endsolid tile_39
solid tile_40
  facet normal 0.000000e+00 0.000000e+00 -1.000000e+00
    outer loop
      vertex 0.0000 46.4000 0.0000
      vertex 0.0000 49.6000 0.0000
      vertex 40.0488 49.6000 0.0000
    endloop
  endfacet
  facet normal 0.000000e+00 0.000000e+00 -1.000000e+00
    outer loop
      vertex 0.0000 46.4000 0.0000
      vertex 40.0488 49.6000 0.0000
      vertex 40.0488 46.4000 0.0000
    endloop
  endfacet
  facet normal 0.000000e+00 0.000000e+00 1.000000e+00
    outer loop
      vertex 0.0000 46.4000 4.0000
      vertex 40.0488 46.4000 4.0000
      vertex 40.0488 49.6000 4.0000
    endloop
  endfacet
  facet normal 0.000000e+00 0.000000e+00 1.000000e+00
    outer loop
      vertex 0.0000 46.4000 4.0000
      vertex 40.0488 49.6000 4.0000
      vertex 0.0000 49.6000 4.0000
    endloop
  endfacet
  facet normal 0.000000e+00 -1.000000e+00 0.000000e+00
    outer loop
      vertex 0.0000 46.4000 0.0000
      vertex 40.0488 46.4000 0.0000
      vertex 40.0488 46.4000 4.0000
    endloop
  endfacet
  facet normal 0.000000e+00 -1.000000e+00 0.000000e+00
    outer loop
      vertex 0.0000 46.4000 0.0000
      vertex 40.0488 46.4000 4.0000
      vertex 0.0000 46.4000 4.0000
    endloop
  endfacet
  facet normal 0.000000e+00 1.000000e+00 0.000000e+00
    outer loop
      vertex 0.0000 49.6000 0.0000
      vertex 0.0000 49.6000 4.0000
      vertex 40.0488 49.6000 4.0000
    endloop
  endfacet
  facet normal 0.000000e+00 1.000000e+00 0.000000e+00
    outer loop
      vertex 0.0000 49.6000 0.0000
      vertex 40.0488 49.6000 4.0000
      vertex 40.0488 49.6000 0.0000
    endloop
  endfacet
  facet normal 1.000000e+00 0.000000e+00 0.000000e+00
    outer loop
      vertex 40.0488 46.4000 0.0000
      vertex 40.0488 49.6000 0.0000
      vertex 40.0488 49.6000 4.0000
    endloop
  endfacet
  facet normal 1.000000e+00 0.000000e+00 0.000000e+00
    outer loop
      vertex 40.0488 46.4000 0.0000
      vertex 40.0488 49.6000 4.0000
      vertex 40.0488 46.4000 4.0000
    endloop
  endfacet
  facet normal -1.000000e+00 0.000000e+00 0.000000e+00
    outer loop
      vertex 0.0000 46.4000 0.0000
      vertex 0.0000 46.4000 4.0000
      vertex 0.0000 49.6000 4.0000
    endloop
  endfacet
  facet normal -1.000000e+00 0.000000e+00 0.000000e+00
    outer loop
      vertex 0.0000 46.4000 0.0000
      vertex 0.0000 49.6000 4.0000
      vertex 0.0000 49.6000 0.0000
    endloop
  endfacet
endsolid tile_40
solid tile_41
  facet normal 0.000000e+00 0.000000e+00 -1.000000e+00
    outer loop
      vertex 79.9512 46.4000 0.0000
      vertex 79.9512 49.6000 0.0000
      vertex 200.0000 49.6000 0.0000
    endloop
  endfacet
  facet normal 0.000000e+00 0.000000e+00 -1.000000e+00
    outer loop
      vertex 79.9512 46.4000 0.0000
      vertex 200.0000 49.6000 0.0000
      vertex 200.0000 46.4000 0.0000
    endloop
  endfacet
  facet normal 0.000000e+00 0.000000e+00 1.000000e+00
    outer loop
      vertex 79.9512 46.4000 4.0000
      vertex 200.0000 46.4000 4.0000
      vertex 200.0000 49.6000 4.0000
    endloop
  endfacet
  facet normal 0.000000e+00 0.000000e+00 1.000000e+00
    outer loop
      vertex 79.9512 46.4000 4.0000
      vertex 200.0000 49.6000 4.0000
      vertex 79.9512 49.6000 4.0000
    endloop
  endfacet
  facet normal 0.000000e+00 -1.000000e+00 0.000000e+00
    outer loop
      vertex 79.9512 46.4000 0.0000
      vertex 200.0000 46.4000 0.0000
      vertex 200.0000 46.4000 4.0000
    endloop
  endfacet
  facet normal 0.000000e+00 -1.000000e+00 0.000000e+00
    outer loop
      vertex 79.9512 46.4000 0.0000
      vertex 200.0000 46.4000 4.0000
      vertex 79.9512 46.4000 4.0000
    endloop
  endfacet
  facet normal 0.000000e+00 1.000000e+00 0.000000e+00
    outer loop
      vertex 79.9512 49.6000 0.0000
      vertex 79.9512 49.6000 4.0000
      vertex 200.0000 49.6000 4.0000
    endloop
  endfacet
  facet normal 0.000000e+00 1.000000e+00 0.000000e+00
    outer loop
      vertex 79.9512 49.6000 0.0000
      vertex 200.0000 49.6000 4.0000
      vertex 200.0000 49.6000 0.0000
    endloop
  endfacet
  facet normal 1.000000e+00 0.000000e+00 0.000000e+00
    outer loop
      vertex 200.0000 46.4000 0.0000
      vertex 200.0000 49.6000 0.0000
      vertex 200.0000 49.6000 4.0000
    endloop
  endfacet
  facet normal 1.000000e+00 0.000000e+00 0.000000e+00
    outer loop
      vertex 200.0000 46.4000 0.0000
      vertex 200.0000 49.6000 4.0000
      vertex 200.0000 46.4000 4.0000
    endloop
  endfacet
  facet normal -1.000000e+00 0.000000e+00 0.000000e+00
    outer loop
      vertex 79.9512 46.4000 0.0000
      vertex 79.9512 46.4000 4.0000
      vertex 79.9512 49.6000 4.0000
    endloop
  endfacet
  facet normal -1.000000e+00 0.000000e+00 0.000000e+00
    outer loop
      vertex 79.9512 46.4000 0.0000
      vertex 79.9512 49.6000 4.0000
      vertex 79.9512 49.6000 0.0000
    endloop
  endfacet
endsolid tile_41
solid tile_42
  facet normal 0.000000e+00 0.000000e+00 -1.000000e+00
    outer loop
      vertex 0.0000 48.4000 0.0000
      vertex 0.0000 51.6000 0.0000
      vertex 40.3480 51.6000 0.0000
    endloop
  endfacet
  facet normal 0.000000e+00 0.000000e+00 -1.000000e+00
    outer loop
      vertex 0.0000 48.4000 0.0000
      vertex 40.3480 51.6000 0.0000
      vertex 40.3480 48.4000 0.0000
    endloop
  endfacet
  facet normal 0.000000e+00 0.000000e+00 1.000000e+00
    outer loop
      vertex 0.0000 48.4000 4.0000
      vertex 40.3480 48.4000 4.0000
      vertex 40.3480 51.6000 4.0000
    endloop
  endfacet
  facet normal 0.000000e+00 0.000000e+00 1.000000e+00
    outer loop
      vertex 0.0000 48.4000 4.0000
      vertex 40.3480 51.6000 4.0000
      vertex 0.0000 51.6000 4.0000
    endloop
  endfacet
  facet normal 0.000000e+00 -1.000000e+00 0.000000e+00
    outer loop
      vertex 0.0000 48.4000 0.0000
      vertex 40.3480 48.4000 0.0000
      vertex 40.3480 48.4000 4.0000
    endloop
  endfacet
  facet normal 0.000000e+00 -1.000000e+00 0.000000e+00
    outer loop
      vertex 0.0000 48.4000 0.0000
      vertex 40.3480 48.4000 4.0000
      vertex 0.0000 48.4000 4.0000
    endloop
  endfacet
  facet normal 0.000000e+00 1.000000e+00 0.000000e+00
    outer loop
      vertex 0.0000 51.6000 0.0000
      vertex 0.0000 51.6000 4.0000
      vertex 40.3480 51.6000 4.0000
    endloop
  endfacet
  facet normal 0.000000e+00 1.000000e+00 0.000000e+00
    outer loop
      vertex 0.0000 51.6000 0.0000
      vertex 40.3480 51.6000 4.0000
      vertex 40.3480 51.6000 0.0000
    endloop
  endfacet
  facet normal 1.000000e+00 0.000000e+00 0.000000e+00
    outer loop
      vertex 40.3480 48.4000 0.0000
      vertex 40.3480 51.6000 0.0000
      vertex 40.3480 51.6000 4.0000
    endloop
  endfacet
  facet normal 1.000000e+00 0.000000e+00 0.000000e+00
    outer loop
      vertex 40.3480 48.4000 0.0000
      vertex 40.3480 51.6000 4.0000
      vertex 40.3480 48.4000 4.0000
    endloop
  endfacet
  facet normal -1.000000e+00 0.000000e+00 0.000000e+00
    outer loop
      vertex 0.0000 48.4000 0.0000
      vertex 0.0000 48.4000 4.0000
      vertex 0.0000 51.6000 4.0000
    endloop
  endfacet
  facet normal -1.000000e+00 0.000000e+00 0.000000e+00
    outer loop
      vertex 0.0000 48.4000 0.0000
      vertex 0.0000 51.6000 4.0000
      vertex 0.0000 51.6000 0.0000
    endloop
  endfacet
endsolid tile_42
solid tile_43
  facet normal 0.000000e+00 0.000000e+00 -1.000000e+00
    outer loop
      vertex 79.6520 48.4000 0.0000
      vertex 79.6520 51.6000 0.0000
      vertex 200.0000 51.6000 0.0000
    endloop
  endfacet
  facet normal 0.000000e+00 0.000000e+00 -1.000000e+00
    outer loop
      vertex 79.6520 48.4000 0.0000
      vertex 200.0000 51.6000 0.0000
      vertex 200.0000 48.4000 0.0000
    endloop
  endfacet
  facet normal 0.000000e+00 0.000000e+00 1.000000e+00
    outer loop
      vertex 79.6520 48.4000 4.0000
      vertex 200.0000 48.4000 4.0000
      vertex 200.0000 51.6000 4.0000
    endloop
  endfacet
  facet normal 0.000000e+00 0.000000e+00 1.000000e+00
    outer loop
      vertex 79.6520 48.4000 4.0000
      vertex 200.0000 51.6000 4.0000
      vertex 79.6520 51.6000 4.0000
    endloop
  endfacet
  facet normal 0.000000e+00 -1.000000e+00 0.000000e+00
    outer loop
      vertex 79.6520 48.4000 0.0000
      vertex 200.0000 48.4000 0.0000
      vertex 200.0000 48.4000 4.0000
    endloop
  endfacet
  facet normal 0.000000e+00 -1.000000e+00 0.000000e+00
    outer loop
      vertex 79.6520 48.4000 0.0000
      vertex 200.0000 48.4000 4.0000
      vertex 79.6520 48.4000 4.0000
    endloop
  endfacet
  facet normal 0.000000e+00 1.000000e+00 0.000000e+00
    outer loop
      vertex 79.6520 51.6000 0.0000
      vertex 79.6520 51.6000 4.0000
      vertex 200.0000 51.6000 4.0000
    endloop
  endfacet
  facet normal 0.000000e+00 1.000000e+00 0.000000e+00
    outer loop
      vertex 79.6520 51.6000 0.0000
      vertex 200.0000 51.6000 4.0000
      vertex 200.0000 51.6000 0.0000
    endloop
  endfacet
  facet normal 1.000000e+00 0.000000e+00 0.000000e+00
    outer loop
      vertex 200.0000 48.4000 0.0000
      vertex 200.0000 51.6000 0.0000
      vertex 200.0000 51.6000 4.0000
    endloop
  endfacet
  facet normal 1.000000e+00 0.000000e+00 0.000000e+00
    outer loop
      vertex 200.0000 48.4000 0.0000
      vertex 200.0000 51.6000 4.0000
      vertex 200.0000 48.4000 4.0000
    endloop
  endfacet
  facet normal -1.000000e+00 0.000000e+00 0.000000e+00
    outer loop
      vertex 79.6520 48.4000 0.0000
      vertex 79.6520 48.4000 4.0000
      vertex 79.6520 51.6000 4.0000
    endloop
  endfacet
  facet normal -1.000000e+00 0.000000e+00 0.000000e+00
    outer loop
      vertex 79.6520 48.4000 0.0000
      vertex 79.6520 51.6000 4.0000
      vertex 79.6520 51.6000 0.0000
    endloop
  endfacet
endsolid tile_43
solid tile_44
  facet normal 0.000000e+00 0.000000e+00 -1.000000e+00
    outer loop
      vertex 0.0000 50.4000 0.0000
      vertex 0.0000 53.6000 0.0000
      vertex 40.8570 53.6000 0.0000
    endloop
  endfacet
  facet normal 0.000000e+00 0.000000e+00 -1.000000e+00
    outer loop
      vertex 0.0000 50.4000 0.0000
      vertex 40.8570 53.6000 0.0000
      vertex 40.8570 50.4000 0.0000
    endloop
  endfacet
  facet normal 0.000000e+00 0.000000e+00 1.000000e+00
    outer loop
      vertex 0.0000 50.4000 4.0000
      vertex 40.8570 50.4000 4.0000
      vertex 40.8570 53.6000 4.0000
    endloop
  endfacet
  facet normal 0.000000e+00 0.000000e+00 1.000000e+00
    outer loop
      vertex 0.0000 50.4000 4.0000
      vertex 40.8570 53.6000 4.0000
      vertex 0.0000 53.6000 4.0000
    endloop
  endfacet
  facet normal 0.000000e+00 -1.000000e+00 0.000000e+00
    outer loop
      vertex 0.0000 50.4000 0.0000
      vertex 40.8570 50.4000 0.0000
      vertex 40.8570 50.4000 4.0000
    endloop
  endfacet
  facet normal 0.000000e+00 -1.000000e+00 0.000000e+00
    outer loop
      vertex 0.0000 50.4000 0.0000
      vertex 40.8570 50.4000 4.0000
      vertex 0.0000 50.4000 4.0000
    endloop
  endfacet
  facet normal 0.000000e+00 1.000000e+00 0.000000e+00
    outer loop
      vertex 0.0000 53.6000 0.0000
      vertex 0.0000 53.6000 4.0000
      vertex 40.8570 53.6000 4.0000
    endloop
  endfacet
  facet normal 0.000000e+00 1.000000e+00 0.000000e+00
    outer loop
      vertex 0.0000 53.6000 0.0000
      vertex 40.8570 53.6000 4.0000
      vertex 40.8570 53.6000 0.0000
    endloop
  endfacet
  facet normal 1.000000e+00 0.000000e+00 0.000000e+00
    outer loop
      vertex 40.8570 50.4000 0.0000
      vertex 40.8570 53.6000 0.0000
      vertex 40.8570 53.6000 4.0000
    endloop
  endfacet
  facet normal 1.000000e+00 0.000000e+00 0.000000e+00
    outer loop
      vertex 40.8570 50.4000 0.0000
      vertex 40.8570 53.6000 4.0000
      vertex 40.8570 50.4000 4.0000
    endloop
  endfacet
  facet normal -1.000000e+00 0.000000e+00 0.000000e+00
    outer loop
      vertex 0.0000 50.4000 0.0000
      vertex 0.0000 50.4000 4.0000
      vertex 0.0000 53.6000 4.0000
    endloop
  endfacet
  facet normal -1.000000e+00 0.000000e+00 0.000000e+00
    outer loop
      vertex 0.0000 50.4000 0.0000
      vertex 0.0000 53.6000 4.0000
      vertex 0.0000 53.6000 0.0000
    endloop
  endfacet
endsolid tile_44
solid tile_45
  facet normal 0.000000e+00 0.000000e+00 -1.000000e+00
    outer loop
      vertex 79.1430 50.4000 0.0000
      vertex 79.1430 53.6000 0.0000
      vertex 200.0000 53.6000 0.0000
    endloop
  endfacet
  facet normal 0.000000e+00 0.000000e+00 -1.000000e+00
    outer loop
      vertex 79.1430 50.4000 0.0000
      vertex 200.0000 53.6000 0.0000
      vertex 200.0000 50.4000 0.0000
    endloop
  endfacet
  facet normal 0.000000e+00 0.000000e+00 1.000000e+00
    outer loop
      vertex 79.1430 50.4000 4.0000
      vertex 200.0000 50.4000 4.0000
      vertex 200.0000 53.6000 4.0000
    endloop
  endfacet
  facet normal 0.000000e+00 0.000000e+00 1.000000e+00
    outer loop
      vertex 79.1430 50.4000 4.0000
      vertex 200.0000 53.6000 4.0000
      vertex 79.1430 53.6000 4.0000
    endloop
  endfacet
  facet normal 0.000000e+00 -1.000000e+00 0.000000e+00
    outer loop
      vertex 79.1430 50.4000 0.0000
      vertex 200.0000 50.4000 0.0000
      vertex 200.0000 50.4000 4.0000
    endloop
  endfacet
  facet normal 0.000000e+00 -1.000000e+00 0.000000e+00
    outer loop
      vertex 79.1430 50.4000 0.0000
      vertex 200.0000 50.4000 4.0000
      vertex 79.1430 50.4000 4.0000
    endloop
  endfacet
  facet normal 0.000000e+00 1.000000e+00 0.000000e+00
    outer loop
      vertex 79.1430 53.6000 0.0000
      vertex 79.1430 53.6000 4.0000
      vertex 200.0000 53.6000 4.0000
    endloop
  endfacet
  facet normal 0.000000e+00 1.000000e+00 0.000000e+00
    outer loop
      vertex 79.1430 53.6000 0.0000
      vertex 200.0000 53.6000 4.0000
      vertex 200.0000 53.6000 0.0000
    endloop
  endfacet
  facet normal 1.000000e+00 0.000000e+00 0.000000e+00
    outer loop
      vertex 200.0000 50.4000 0.0000
      vertex 200.0000 53.6000 0.0000
      vertex 200.0000 53.6000 4.0000
    endloop
  endfacet
  facet normal 1.000000e+00 0.000000e+00 0.000000e+00
    outer loop
      vertex 200.0000 50.4000 0.0000
      vertex 200.0000 53.6000 4.0000
      vertex 200.0000 50.4000 4.0000
    endloop
  endfacet
  facet normal -1.000000e+00 0.000000e+00 0.000000e+00
    outer loop
      vertex 79.1430 50.4000 0.0000
      vertex 79.1430 50.4000 4.0000
      vertex 79.1430 53.6000 4.0000
    endloop
  endfacet
  facet normal -1.000000e+00 0.000000e+00 0.000000e+00
    outer loop
      vertex 79.1430 50.4000 0.0000
      vertex 79.1430 53.6000 4.0000
      vertex 79.1430 53.6000 0.0000
    endloop
  endfacet
endsolid tile_45
solid tile_46
  facet normal 0.000000e+00 0.000000e+00 -1.000000e+00
    outer loop
      vertex 0.0000 52.4000 0.0000
      vertex 0.0000 55.6000 0.0000
      vertex 41.5928 55.6000 0.0000
    endloop
  endfacet
  facet normal 0.000000e+00 0.000000e+00 -1.000000e+00
    outer loop
      vertex 0.0000 52.4000 0.0000
      vertex 41.5928 55.6000 0.0000
      vertex 41.5928 52.4000 0.0000
    endloop
  endfacet
  facet normal 0.000000e+00 0.000000e+00 1.000000e+00
    outer loop
      vertex 0.0000 52.4000 4.0000
      vertex 41.5928 52.4000 4.0000
      vertex 41.5928 55.6000 4.0000
    endloop
  endfacet
  facet normal 0.000000e+00 0.000000e+00 1.000000e+00
    outer loop
      vertex 0.0000 52.4000 4.0000
      vertex 41.5928 55.6000 4.0000
      vertex 0.0000 55.6000 4.0000
    endloop
  endfacet
  facet normal 0.000000e+00 -1.000000e+00 0.000000e+00
    outer loop
      vertex 0.0000 52.4000 0.0000
      vertex 41.5928 52.4000 0.0000
      vertex 41.5928 52.4000 4.0000
    endloop
  endfacet
  facet normal 0.000000e+00 -1.000000e+00 0.000000e+00
    outer loop
      vertex 0.0000 52.4000 0.0000
      vertex 41.5928 52.4000 4.0000
      vertex 0.0000 52.4000 4.0000
    endloop
  endfacet
  facet normal 0.000000e+00 1.000000e+00 0.000000e+00
    outer loop
      vertex 0.0000 55.6000 0.0000
      vertex 0.0000 55.6000 4.0000
      vertex 41.5928 55.6000 4.0000
    endloop
  endfacet
  facet normal 0.000000e+00 1.000000e+00 0.000000e+00
    outer loop
      vertex 0.0000 55.6000 0.0000
      vertex 41.5928 55.6000 4.0000
      vertex 41.5928 55.6000 0.0000
    endloop
  endfacet
  facet normal 1.000000e+00 0.000000e+00 0.000000e+00
    outer loop
      vertex 41.5928 52.4000 0.0000
      vertex 41.5928 55.6000 0.0000
      vertex 41.5928 55.6000 4.0000
    endloop
  endfacet
  facet normal 1.000000e+00 0.000000e+00 0.000000e+00
    outer loop
      vertex 41.5928 52.4000 0.0000
      vertex 41.5928 55.6000 4.0000
      vertex 41.5928 52.4000 4.0000
    endloop
  endfacet
  facet normal -1.000000e+00 0.000000e+00 0.000000e+00
    outer loop
      vertex 0.0000 52.4000 0.0000
      vertex 0.0000 52.4000 4.0000
      vertex 0.0000 55.6000 4.0000
    endloop
  endfacet
  facet normal -1.000000e+00 0.000000e+00 0.000000e+00
    outer loop
      vertex 0.0000 52.4000 0.0000
      vertex 0.0000 55.6000 4.0000
      vertex 0.0000 55.6000 0.0000
    endloop
  endfacet
endsolid tile_46
solid tile_47
  facet normal 0.000000e+00 0.000000e+00 -1.000000e+00
    outer loop
      vertex 78.4072 52.4000 0.0000
      vertex 78.4072 55.6000 0.0000
      vertex 200.0000 55.6000 0.0000
    endloop
  endfacet
  facet normal 0.000000e+00 0.000000e+00 -1.000000e+00
    outer loop
      vertex 78.4072 52.4000 0.0000
      vertex 200.0000 55.6000 0.0000
      vertex 200.0000 52.4000 0.0000
    endloop
  endfacet
  facet normal 0.000000e+00 0.000000e+00 1.000000e+00
    outer loop
      vertex 78.4072 52.4000 4.0000
      vertex 200.0000 52.4000 4.0000
      vertex 200.0000 55.6000 4.0000
    endloop
  endfacet
  facet normal 0.000000e+00 0.000000e+00 1.000000e+00
    outer loop
      vertex 78.4072 52.4000 4.0000
      vertex 200.0000 55.6000 4.0000
      vertex 78.4072 55.6000 4.0000
    endloop
  endfacet
  facet normal 0.000000e+00 -1.000000e+00 0.000000e+00
    outer loop
      vertex 78.4072 52.4000 0.0000
      vertex 200.0000 52.4000 0.0000
      vertex 200.0000 52.4000 4.0000
    endloop
  endfacet
  facet normal 0.000000e+00 -1.000000e+00 0.000000e+00
    outer loop
      vertex 78.4072 52.4000 0.0000
      vertex 200.0000 52.4000 4.0000
      vertex 78.4072 52.4000 4.0000
    endloop
  endfacet
  facet normal 0.000000e+00 1.000000e+00 0.000000e+00
    outer loop
      vertex 78.4072 55.6000 0.0000
      vertex 78.4072 55.6000 4.0000
      vertex 200.0000 55.6000 4.0000
    endloop
  endfacet
  facet normal 0.000000e+00 1.000000e+00 0.000000e+00
    outer loop
      vertex 78.4072 55.6000 0.0000
      vertex 200.0000 55.6000 4.0000
      vertex 200.0000 55.6000 0.0000
    endloop
  endfacet
  facet normal 1.000000e+00 0.000000e+00 0.000000e+00
    outer loop
      vertex 200.0000 52.4000 0.0000
      vertex 200.0000 55.6000 0.0000
      vertex 200.0000 55.6000 4.0000
    endloop
  endfacet
  facet normal 1.000000e+00 0.000000e+00 0.000000e+00
    outer loop
      vertex 200.0000 52.4000 0.0000
      vertex 200.0000 55.6000 4.0000
      vertex 200.0000 52.4000 4.0000
    endloop
  endfacet
  facet normal -1.000000e+00 0.000000e+00 0.000000e+00
    outer loop
      vertex 78.4072 52.4000 0.0000
      vertex 78.4072 52.4000 4.0000
      vertex 78.4072 55.6000 4.0000
    endloop
  endfacet
  facet normal -1.000000e+00 0.000000e+00 0.000000e+00
    outer loop
      vertex 78.4072 52.4000 0.0000
      vertex 78.4072 55.6000 4.0000
      vertex 78.4072 55.6000 0.0000
    endloop
  endfacet
endsolid tile_47
solid tile_48
  facet normal 0.000000e+00 0.000000e+00 -1.000000e+00
    outer loop
      vertex 0.0000 54.4000 0.0000
      vertex 0.0000 57.6000 0.0000
      vertex 42.5839 57.6000 0.0000
    endloop
  endfacet
  facet normal 0.000000e+00 0.000000e+00 -1.000000e+00
    outer loop
      vertex 0.0000 54.4000 0.0000
      vertex 42.5839 57.6000 0.0000
      vertex 42.5839 54.4000 0.0000
    endloop
  endfacet
  facet normal 0.000000e+00 0.000000e+00 1.000000e+00
    outer loop
      vertex 0.0000 54.4000 4.0000
      vertex 42.5839 54.4000 4.0000
      vertex 42.5839 57.6000 4.0000
    endloop
  endfacet
  facet normal 0.000000e+00 0.000000e+00 1.000000e+00
    outer loop
      vertex 0.0000 54.4000 4.0000
      vertex 42.5839 57.6000 4.0000
      vertex 0.0000 57.6000 4.0000
    endloop
  endfacet
  facet normal 0.000000e+00 -1.000000e+00 0.000000e+00
    outer loop
      vertex 0.0000 54.4000 0.0000
      vertex 42.5839 54.4000 0.0000
      vertex 42.5839 54.4000 4.0000
    endloop
  endfacet
  facet normal 0.000000e+00 -1.000000e+00 0.000000e+00
    outer loop
      vertex 0.0000 54.4000 0.0000
      vertex 42.5839 54.4000 4.0000
      vertex 0.0000 54.4000 4.0000
    endloop
  endfacet
  facet normal 0.000000e+00 1.000000e+00 0.000000e+00
    outer loop
      vertex 0.0000 57.6000 0.0000
      vertex 0.0000 57.6000 4.0000
      vertex 42.5839 57.6000 4.0000
    endloop
  endfacet
  facet normal 0.000000e+00 1.000000e+00 0.000000e+00
    outer loop
      vertex 0.0000 57.6000 0.0000
      vertex 42.5839 57.6000 4.0000
      vertex 42.5839 57.6000 0.0000
    endloop
  endfacet
  facet normal 1.000000e+00 0.000000e+00 0.000000e+00
    outer loop
      vertex 42.5839 54.4000 0.0000
      vertex 42.5839 57.6000 0.0000
      vertex 42.5839 57.6000 4.0000
    endloop
  endfacet
  facet normal 1.000000e+00 0.000000e+00 0.000000e+00
    outer loop
      vertex 42.5839 54.4000 0.0000
      vertex 42.5839 57.6000 4.0000
      vertex 42.5839 54.4000 4.0000
    endloop
  endfacet
  facet normal -1.000000e+00 0.000000e+00 0.000000e+00
    outer loop
      vertex 0.0000 54.4000 0.0000
      vertex 0.0000 54.4000 4.0000
      vertex 0.0000 57.6000 4.0000
    endloop
  endfacet
  facet normal -1.000000e+00 0.000000e+00 0.000000e+00
    outer loop
      vertex 0.0000 54.4000 0.0000
      vertex 0.0000 57.6000 4.0000
      vertex 0.0000 57.6000 0.0000
    endloop
  endfacet
endsolid tile_48
solid tile_49
  facet normal 0.000000e+00 0.000000e+00 -1.000000e+00
    outer loop
      vertex 77.4161 54.4000 0.0000
      vertex 77.4161 57.6000 0.0000
      vertex 200.0000 57.6000 0.0000
    endloop
  endfacet
  facet normal 0.000000e+00 0.000000e+00 -1.000000e+00
    outer loop
      vertex 77.4161 54.4000 0.0000
      vertex 200.0000 57.6000 0.0000
      vertex 200.0000 54.4000 0.0000
    endloop
  endfacet
  facet normal 0.000000e+00 0.000000e+00 1.000000e+00
    outer loop
      vertex 77.4161 54.4000 4.0000
      vertex 200.0000 54.4000 4.0000
      vertex 200.0000 57.6000 4.0000
    endloop
  endfacet
  facet normal 0.000000e+00 0.000000e+00 1.000000e+00
    outer loop
      vertex 77.4161 54.4000 4.0000
      vertex 200.0000 57.6000 4.0000
      vertex 77.4161 57.6000 4.0000
    endloop
  endfacet
  facet normal 0.000000e+00 -1.000000e+00 0.000000e+00
    outer loop
      vertex 77.4161 54.4000 0.0000
      vertex 200.0000 54.4000 0.0000
      vertex 200.0000 54.4000 4.0000
    endloop
  endfacet
  facet normal 0.000000e+00 -1.000000e+00 0.000000e+00
    outer loop
      vertex 77.4161 54.4000 0.0000
      vertex 200.0000 54.4000 4.0000
      vertex 77.4161 54.4000 4.0000
    endloop
  endfacet
  facet normal 0.000000e+00 1.000000e+00 0.000000e+00
    outer loop
      vertex 77.4161 57.6000 0.0000
      vertex 77.4161 57.6000 4.0000
      vertex 200.0000 57.6000 4.0000
    endloop
  endfacet
  facet normal 0.000000e+00 1.000000e+00 0.000000e+00
    outer loop
      vertex 77.4161 57.6000 0.0000
      vertex 200.0000 57.6000 4.0000
      vertex 200.0000 57.6000 0.0000
    endloop
  endfacet
  facet normal 1.000000e+00 0.000000e+00 0.000000e+00
    outer loop
      vertex 200.0000 54.4000 0.0000
      vertex 200.0000 57.6000 0.0000
      vertex 200.0000 57.6000 4.0000
    endloop
  endfacet
  facet normal 1.000000e+00 0.000000e+00 0.000000e+00
    outer loop
      vertex 200.0000 54.4000 0.0000
      vertex 200.0000 57.6000 4.0000
      vertex 200.0000 54.4000 4.0000
    endloop
  endfacet
  facet normal -1.000000e+00 0.000000e+00 0.000000e+00
    outer loop
      vertex 77.4161 54.4000 0.0000
      vertex 77.4161 54.4000 4.0000
      vertex 77.4161 57.6000 4.0000
    endloop
  endfacet
  facet normal -1.000000e+00 0.000000e+00 0.000000e+00
    outer loop
      vertex 77.4161 54.4000 0.0000
      vertex 77.4161 57.6000 4.0000
      vertex 77.4161 57.6000 0.0000
    endloop
  endfacet
endsolid tile_49
solid tile_50
  facet normal 0.000000e+00 0.000000e+00 -1.000000e+00
    outer loop
      vertex 0.0000 56.4000 0.0000
      vertex 0.0000 59.6000 0.0000
      vertex 43.8765 59.6000 0.0000
    endloop
  endfacet
  facet normal 0.000000e+00 0.000000e+00 -1.000000e+00
    outer loop
      vertex 0.0000 56.4000 0.0000
      vertex 43.8765 59.6000 0.0000
      vertex 43.8765 56.4000 0.0000
    endloop
  endfacet
  facet normal 0.000000e+00 0.000000e+00 1.000000e+00
    outer loop
      vertex 0.0000 56.4000 4.0000
      vertex 43.8765 56.4000 4.0000
      vertex 43.8765 59.6000 4.0000
    endloop
  endfacet
  facet normal 0.000000e+00 0.000000e+00 1.000000e+00
    outer loop
      vertex 0.0000 56.4000 4.0000
      vertex 43.8765 59.6000 4.0000
      vertex 0.0000 59.6000 4.0000
    endloop
  endfacet
  facet normal 0.000000e+00 -1.000000e+00 0.000000e+00
    outer loop
      vertex 0.0000 56.4000 0.0000
      vertex 43.8765 56.4000 0.0000
      vertex 43.8765 56.4000 4.0000
    endloop
  endfacet
  facet normal 0.000000e+00 -1.000000e+00 0.000000e+00
    outer loop
      vertex 0.0000 56.4000 0.0000
      vertex 43.8765 56.4000 4.0000
      vertex 0.0000 56.4000 4.0000
    endloop
  endfacet
  facet normal 0.000000e+00 1.000000e+00 0.000000e+00
    outer loop
      vertex 0.0000 59.6000 0.0000
      vertex 0.0000 59.6000 4.0000
      vertex 43.8765 59.6000 4.0000
    endloop
  endfacet
  facet normal 0.000000e+00 1.000000e+00 0.000000e+00
    outer loop
      vertex 0.0000 59.6000 0.0000
      vertex 43.8765 59.6000 4.0000
      vertex 43.8765 59.6000 0.0000
    endloop
  endfacet
  facet normal 1.000000e+00 0.000000e+00 0.000000e+00
    outer loop
      vertex 43.8765 56.4000 0.0000
      vertex 43.8765 59.6000 0.0000
      vertex 43.8765 59.6000 4.0000
    endloop
  endfacet
  facet normal 1.000000e+00 0.000000e+00 0.000000e+00
    outer loop
      vertex 43.8765 56.4000 0.0000
      vertex 43.8765 59.6000 4.0000
      vertex 43.8765 56.4000 4.0000
    endloop
  endfacet
  facet normal -1.000000e+00 0.000000e+00 0.000000e+00
    outer loop
      vertex 0.0000 56.4000 0.0000
      vertex 0.0000 56.4000 4.0000
      vertex 0.0000 59.6000 4.0000
    endloop
  endfacet
  facet normal -1.000000e+00 0.000000e+00 0.000000e+00
    outer loop
      vertex 0.0000 56.4000 0.0000
      vertex 0.0000 59.6000 4.0000
      vertex 0.0000 59.6000 0.0000
    endloop
  endfacet
endsolid tile_50
solid tile_51
  facet normal 0.000000e+00 0.000000e+00 -1.000000e+00
    outer loop
      vertex 76.1235 56.4000 0.0000
      vertex 76.1235 59.6000 0.0000
      vertex 200.0000 59.6000 0.0000
    endloop
  endfacet
  facet normal 0.000000e+00 0.000000e+00 -1.000000e+00
    outer loop
      vertex 76.1235 56.4000 0.0000
      vertex 200.0000 59.6000 0.0000
      vertex 200.0000 56.4000 0.0000
    endloop
  endfacet
  facet normal 0.000000e+00 0.000000e+00 1.000000e+00
    outer loop
      vertex 76.1235 56.4000 4.0000
      vertex 200.0000 56.4000 4.0000
      vertex 200.0000 59.6000 4.0000
    endloop
  endfacet
  facet normal 0.000000e+00 0.000000e+00 1.000000e+00
    outer loop
      vertex 76.1235 56.4000 4.0000
      vertex 200.0000 59.6000 4.0000
      vertex 76.1235 59.6000 4.0000
    endloop
  endfacet
  facet normal 0.000000e+00 -1.000000e+00 0.000000e+00
    outer loop
      vertex 76.1235 56.4000 0.0000
      vertex 200.0000 56.4000 0.0000
      vertex 200.0000 56.4000 4.0000
    endloop
  endfacet
  facet normal 0.000000e+00 -1.000000e+00 0.000000e+00
    outer loop
      vertex 76.1235 56.4000 0.0000
      vertex 200.0000 56.4000 4.0000
      vertex 76.1235 56.4000 4.0000
    endloop
  endfacet
  facet normal 0.000000e+00 1.000000e+00 0.000000e+00
    outer loop
      vertex 76.1235 59.6000 0.0000
      vertex 76.1235 59.6000 4.0000
      vertex 200.0000 59.6000 4.0000
    endloop
  endfacet
  facet normal 0.000000e+00 1.000000e+00 0.000000e+00
    outer loop
      vertex 76.1235 59.6000 0.0000
      vertex 200.0000 59.6000 4.0000
      vertex 200.0000 59.6000 0.0000
    endloop
  endfacet
  facet normal 1.000000e+00 0.000000e+00 0.000000e+00
    outer loop
      vertex 200.0000 56.4000 0.0000
      vertex 200.0000 59.6000 0.0000
      vertex 200.0000 59.6000 4.0000
    endloop
  endfacet
  facet normal 1.000000e+00 0.000000e+00 0.000000e+00
    outer loop
      vertex 200.0000 56.4000 0.0000
      vertex 200.0000 59.6000 4.0000
      vertex 200.0000 56.4000 4.0000
    endloop
  endfacet
  facet normal -1.000000e+00 0.000000e+00 0.000000e+00
    outer loop
      vertex 76.1235 56.4000 0.0000
      vertex 76.1235 56.4000 4.0000
      vertex 76.1235 59.6000 4.0000
    endloop
  endfacet
  facet normal -1.000000e+00 0.000000e+00 0.000000e+00
    outer loop
      vertex 76.1235 56.4000 0.0000
      vertex 76.1235 59.6000 4.0000
      vertex 76.1235 59.6000 0.0000
    endloop
  endfacet
endsolid tile_51
solid tile_52
  facet normal 0.000000e+00 0.000000e+00 -1.000000e+00
    outer loop
      vertex 0.0000 58.4000 0.0000
      vertex 0.0000 60.6000 0.0000
      vertex 45.5500 60.6000 0.0000
    endloop
  endfacet
  facet normal 0.000000e+00 0.000000e+00 -1.000000e+00
    outer loop
      vertex 0.0000 58.4000 0.0000
      vertex 45.5500 60.6000 0.0000
      vertex 45.5500 58.4000 0.0000
    endloop
  endfacet
  facet normal 0.000000e+00 0.000000e+00 1.000000e+00
    outer loop
      vertex 0.0000 58.4000 4.0000
      vertex 45.5500 58.4000 4.0000
      vertex 45.5500 60.6000 4.0000
    endloop
  endfacet
  facet normal 0.000000e+00 0.000000e+00 1.000000e+00
    outer loop
      vertex 0.0000 58.4000 4.0000
      vertex 45.5500 60.6000 4.0000
      vertex 0.0000 60.6000 4.0000
    endloop
  endfacet
  facet normal 0.000000e+00 -1.000000e+00 0.000000e+00
    outer loop
      vertex 0.0000 58.4000 0.0000
      vertex 45.5500 58.4000 0.0000
      vertex 45.5500 58.4000 4.0000
    endloop
  endfacet
  facet normal 0.000000e+00 -1.000000e+00 0.000000e+00
    outer loop
      vertex 0.0000 58.4000 0.0000
      vertex 45.5500 58.4000 4.0000
      vertex 0.0000 58.4000 4.0000
    endloop
  endfacet
  facet normal 0.000000e+00 1.000000e+00 0.000000e+00
    outer loop
      vertex 0.0000 60.6000 0.0000
      vertex 0.0000 60.6000 4.0000
      vertex 45.5500 60.6000 4.0000
    endloop
  endfacet
  facet normal 0.000000e+00 1.000000e+00 0.000000e+00
    outer loop
      vertex 0.0000 60.6000 0.0000
      vertex 45.5500 60.6000 4.0000
      vertex 45.5500 60.6000 0.0000
    endloop
  endfacet
  facet normal 1.000000e+00 0.000000e+00 0.000000e+00
    outer loop
      vertex 45.5500 58.4000 0.0000
      vertex 45.5500 60.6000 0.0000
      vertex 45.5500 60.6000 4.0000
    endloop
  endfacet
  facet normal 1.000000e+00 0.000000e+00 0.000000e+00
    outer loop
      vertex 45.5500 58.4000 0.0000
      vertex 45.5500 60.6000 4.0000
      vertex 45.5500 58.4000 4.0000
    endloop
  endfacet
  facet normal -1.000000e+00 0.000000e+00 0.000000e+00
    outer loop
      vertex 0.0000 58.4000 0.0000
      vertex 0.0000 58.4000 4.0000
      vertex 0.0000 60.6000 4.0000
    endloop
  endfacet
  facet normal -1.000000e+00 0.000000e+00 0.000000e+00
    outer loop
      vertex 0.0000 58.4000 0.0000
      vertex 0.0000 60.6000 4.0000
      vertex 0.0000 60.6000 0.0000
    endloop
  endfacet
endsolid tile_52
solid tile_53
  facet normal 0.000000e+00 0.000000e+00 -1.000000e+00
    outer loop
      vertex 74.4500 58.4000 0.0000
      vertex 74.4500 60.6000 0.0000
      vertex 200.0000 60.6000 0.0000
    endloop
  endfacet
  facet normal 0.000000e+00 0.000000e+00 -1.000000e+00
    outer loop
      vertex 74.4500 58.4000 0.0000
      vertex 200.0000 60.6000 0.0000
      vertex 200.0000 58.4000 0.0000
    endloop
  endfacet
  facet normal 0.000000e+00 0.000000e+00 1.000000e+00
    outer loop
      vertex 74.4500 58.4000 4.0000
      vertex 200.0000 58.4000 4.0000
      vertex 200.0000 60.6000 4.0000
    endloop
  endfacet
  facet normal 0.000000e+00 0.000000e+00 1.000000e+00
    outer loop
      vertex 74.4500 58.4000 4.0000
      vertex 200.0000 60.6000 4.0000
      vertex 74.4500 60.6000 4.0000
    endloop
  endfacet
  facet normal 0.000000e+00 -1.000000e+00 0.000000e+00
    outer loop
      vertex 74.4500 58.4000 0.0000
      vertex 200.0000 58.4000 0.0000
      vertex 200.0000 58.4000 4.0000
    endloop
  endfacet
  facet normal 0.000000e+00 -1.000000e+00 0.000000e+00
    outer loop
      vertex 74.4500 58.4000 0.0000
      vertex 200.0000 58.4000 4.0000
      vertex 74.4500 58.4000 4.0000
    endloop
  endfacet
  facet normal 0.000000e+00 1.000000e+00 0.000000e+00
    outer loop
      vertex 74.4500 60.6000 0.0000
      vertex 74.4500 60.6000 4.0000
      vertex 200.0000 60.6000 4.0000
    endloop
  endfacet
  facet normal 0.000000e+00 1.000000e+00 0.000000e+00
    outer loop
      vertex 74.4500 60.6000 0.0000
      vertex 200.0000 60.6000 4.0000
      vertex 200.0000 60.6000 0.0000
    endloop
  endfacet
  facet normal 1.000000e+00 0.000000e+00 0.000000e+00
    outer loop
      vertex 200.0000 58.4000 0.0000
      vertex 200.0000 60.6000 0.0000
      vertex 200.0000 60.6000 4.0000
    endloop
  endfacet
  facet normal 1.000000e+00 0.000000e+00 0.000000e+00
    outer loop
      vertex 200.0000 58.4000 0.0000
      vertex 200.0000 60.6000 4.0000
      vertex 200.0000 58.4000 4.0000
    endloop
  endfacet
  facet normal -1.000000e+00 0.000000e+00 0.000000e+00
    outer loop
      vertex 74.4500 58.4000 0.0000
      vertex 74.4500 58.4000 4.0000
      vertex 74.4500 60.6000 4.0000
    endloop
  endfacet
  facet normal -1.000000e+00 0.000000e+00 0.000000e+00
    outer loop
      vertex 74.4500 58.4000 0.0000
      vertex 74.4500 60.6000 4.0000
      vertex 74.4500 60.6000 0.0000
    endloop
  endfacet
endsolid tile_53
solid tile_54
  facet normal 0.000000e+00 0.000000e+00 -1.000000e+00
    outer loop
      vertex 0.0000 59.4000 0.0000
      vertex 0.0000 61.6000 0.0000
      vertex 46.5719 61.6000 0.0000
    endloop
  endfacet
  facet normal 0.000000e+00 0.000000e+00 -1.000000e+00
    outer loop
      vertex 0.0000 59.4000 0.0000
      vertex 46.5719 61.6000 0.0000
      vertex 46.5719 59.4000 0.0000
    endloop
  endfacet
  facet normal 0.000000e+00 0.000000e+00 1.000000e+00
    outer loop
      vertex 0.0000 59.4000 4.0000
      vertex 46.5719 59.4000 4.0000
      vertex 46.5719 61.6000 4.0000
    endloop
  endfacet
  facet normal 0.000000e+00 0.000000e+00 1.000000e+00
    outer loop
      vertex 0.0000 59.4000 4.0000
      vertex 46.5719 61.6000 4.0000
      vertex 0.0000 61.6000 4.0000
    endloop
  endfacet
  facet normal 0.000000e+00 -1.000000e+00 0.000000e+00
    outer loop
      vertex 0.0000 59.4000 0.0000
      vertex 46.5719 59.4000 0.0000
      vertex 46.5719 59.4000 4.0000
    endloop
  endfacet
  facet normal 0.000000e+00 -1.000000e+00 0.000000e+00
    outer loop
      vertex 0.0000 59.4000 0.0000
      vertex 46.5719 59.4000 4.0000
      vertex 0.0000 59.4000 4.0000
    endloop
  endfacet
  facet normal 0.000000e+00 1.000000e+00 0.000000e+00
    outer loop
      vertex 0.0000 61.6000 0.0000
      vertex 0.0000 61.6000 4.0000
      vertex 46.5719 61.6000 4.0000
    endloop
  endfacet
  facet normal 0.000000e+00 1.000000e+00 0.000000e+00
    outer loop
      vertex 0.0000 61.6000 0.0000
      vertex 46.5719 61.6000 4.0000
      vertex 46.5719 61.6000 0.0000
    endloop
  endfacet
  facet normal 1.000000e+00 0.000000e+00 0.000000e+00
    outer loop
      vertex 46.5719 59.4000 0.0000
      vertex 46.5719 61.6000 0.0000
      vertex 46.5719 61.6000 4.0000
    endloop
  endfacet
  facet normal 1.000000e+00 0.000000e+00 0.000000e+00
    outer loop
      vertex 46.5719 59.4000 0.0000
      vertex 46.5719 61.6000 4.0000
      vertex 46.5719 59.4000 4.0000
    endloop
  endfacet
  facet normal -1.000000e+00 0.000000e+00 0.000000e+00
    outer loop
      vertex 0.0000 59.4000 0.0000
      vertex 0.0000 59.4000 4.0000
      vertex 0.0000 61.6000 4.0000
    endloop
  endfacet
  facet normal -1.000000e+00 0.000000e+00 0.000000e+00
    outer loop
      vertex 0.0000 59.4000 0.0000
      vertex 0.0000 61.6000 4.0000
      vertex 0.0000 61.6000 0.0000
    endloop
  endfacet
endsolid tile_54
solid tile_55
  facet normal 0.000000e+00 0.000000e+00 -1.000000e+00
    outer loop
      vertex 73.4281 59.4000 0.0000
      vertex 73.4281 61.6000 0.0000
      vertex 105.6000 61.6000 0.0000
    endloop
  endfacet
  facet normal 0.000000e+00 0.000000e+00 -1.000000e+00
    outer loop
      vertex 73.4281 59.4000 0.0000
      vertex 105.6000 61.6000 0.0000
      vertex 105.6000 59.4000 0.0000
    endloop
  endfacet
  facet normal 0.000000e+00 0.000000e+00 1.000000e+00
    outer loop
      vertex 73.4281 59.4000 4.0000
      vertex 105.6000 59.4000 4.0000
      vertex 105.6000 61.6000 4.0000
    endloop
  endfacet
  facet normal 0.000000e+00 0.000000e+00 1.000000e+00
    outer loop
      vertex 73.4281 59.4000 4.0000
      vertex 105.6000 61.6000 4.0000
      vertex 73.4281 61.6000 4.0000
    endloop
  endfacet
  facet normal 0.000000e+00 -1.000000e+00 0.000000e+00
    outer loop
      vertex 73.4281 59.4000 0.0000
      vertex 105.6000 59.4000 0.0000
      vertex 105.6000 59.4000 4.0000
    endloop
  endfacet
  facet normal 0.000000e+00 -1.000000e+00 0.000000e+00
    outer loop
      vertex 73.4281 59.4000 0.0000
      vertex 105.6000 59.4000 4.0000
      vertex 73.4281 59.4000 4.0000
    endloop
  endfacet
  facet normal 0.000000e+00 1.000000e+00 0.000000e+00
    outer loop
      vertex 73.4281 61.6000 0.0000
      vertex 73.4281 61.6000 4.0000
      vertex 105.6000 61.6000 4.0000
    endloop
  endfacet
  facet normal 0.000000e+00 1.000000e+00 0.000000e+00
    outer loop
      vertex 73.4281 61.6000 0.0000
      vertex 105.6000 61.6000 4.0000
      vertex 105.6000 61.6000 0.0000
    endloop
  endfacet
  facet normal 1.000000e+00 0.000000e+00 0.000000e+00
    outer loop
      vertex 105.6000 59.4000 0.0000
      vertex 105.6000 61.6000 0.0000
      vertex 105.6000 61.6000 4.0000
    endloop
  endfacet
  facet normal 1.000000e+00 0.000000e+00 0.000000e+00
    outer loop
      vertex 105.6000 59.4000 0.0000
      vertex 105.6000 61.6000 4.0000
      vertex 105.6000 59.4000 4.0000
    endloop
  endfacet
  facet normal -1.000000e+00 0.000000e+00 0.000000e+00
    outer loop
      vertex 73.4281 59.4000 0.0000
      vertex 73.4281 59.4000 4.0000
      vertex 73.4281 61.6000 4.0000
    endloop
  endfacet
  facet normal -1.000000e+00 0.000000e+00 0.000000e+00
    outer loop
      vertex 73.4281 59.4000 0.0000
      vertex 73.4281 61.6000 4.0000
      vertex 73.4281 61.6000 0.0000
    endloop
  endfacet
endsolid tile_55
solid tile_56
  facet normal 0.000000e+00 0.000000e+00 -1.000000e+00
    outer loop
      vertex 136.4000 59.4000 0.0000
      vertex 136.4000 61.6000 0.0000
      vertex 150.6000 61.6000 0.0000
    endloop
  endfacet
  facet normal 0.000000e+00 0.000000e+00 -1.000000e+00
    outer loop
      vertex 136.4000 59.4000 0.0000
      vertex 150.6000 61.6000 0.0000
      vertex 150.6000 59.4000 0.0000
    endloop
  endfacet
  facet normal 0.000000e+00 0.000000e+00 1.000000e+00
    outer loop
      vertex 136.4000 59.4000 4.0000
      vertex 150.6000 59.4000 4.0000
      vertex 150.6000 61.6000 4.0000
    endloop
  endfacet
  facet normal 0.000000e+00 0.000000e+00 1.000000e+00
    outer loop
      vertex 136.4000 59.4000 4.0000
      vertex 150.6000 61.6000 4.0000
      vertex 136.4000 61.6000 4.0000
    endloop
  endfacet
  facet normal 0.000000e+00 -1.000000e+00 0.000000e+00
    outer loop
      vertex 136.4000 59.4000 0.0000
      vertex 150.6000 59.4000 0.0000
      vertex 150.6000 59.4000 4.0000
    endloop
  endfacet
  facet normal 0.000000e+00 -1.000000e+00 0.000000e+00
    outer loop
      vertex 136.4000 59.4000 0.0000
      vertex 150.6000 59.4000 4.0000
      vertex 136.4000 59.4000 4.0000
    endloop
  endfacet
  facet normal 0.000000e+00 1.000000e+00 0.000000e+00
    outer loop
      vertex 136.4000 61.6000 0.0000
      vertex 136.4000 61.6000 4.0000
      vertex 150.6000 61.6000 4.0000
    endloop
  endfacet
  facet normal 0.000000e+00 1.000000e+00 0.000000e+00
    outer loop
      vertex 136.4000 61.6000 0.0000
      vertex 150.6000 61.6000 4.0000
      vertex 150.6000 61.6000 0.0000
    endloop
  endfacet
  facet normal 1.000000e+00 0.000000e+00 0.000000e+00
    outer loop
      vertex 150.6000 59.4000 0.0000
      vertex 150.6000 61.6000 0.0000
      vertex 150.6000 61.6000 4.0000
    endloop
  endfacet
  facet normal 1.000000e+00 0.000000e+00 0.000000e+00
    outer loop
      vertex 150.6000 59.4000 0.0000
      vertex 150.6000 61.6000 4.0000
      vertex 150.6000 59.4000 4.0000
    endloop
  endfacet
  facet normal -1.000000e+00 0.000000e+00 0.000000e+00
    outer loop
      vertex 136.4000 59.4000 0.0000
      vertex 136.4000 59.4000 4.0000
      vertex 136.4000 61.6000 4.0000
    endloop
  endfacet
  facet normal -1.000000e+00 0.000000e+00 0.000000e+00
    outer loop
      vertex 136.4000 59.4000 0.0000
      vertex 136.4000 61.6000 4.0000
      vertex 136.4000 61.6000 0.0000
    endloop
  endfacet
endsolid tile_56
solid tile_57
  facet normal 0.000000e+00 0.000000e+00 -1.000000e+00
    outer loop
      vertex 165.4000 59.4000 0.0000
      vertex 165.4000 61.6000 0.0000
      vertex 200.0000 61.6000 0.0000
    endloop
  endfacet
  facet normal 0.000000e+00 0.000000e+00 -1.000000e+00
    outer loop
      vertex 165.4000 59.4000 0.0000
      vertex 200.0000 61.6000 0.0000
      vertex 200.0000 59.4000 0.0000
    endloop
  endfacet
  facet normal 0.000000e+00 0.000000e+00 1.000000e+00
    outer loop
      vertex 165.4000 59.4000 4.0000
      vertex 200.0000 59.4000 4.0000
      vertex 200.0000 61.6000 4.0000
    endloop
  endfacet
  facet normal 0.000000e+00 0.000000e+00 1.000000e+00
    outer loop
      vertex 165.4000 59.4000 4.0000
      vertex 200.0000 61.6000 4.0000
      vertex 165.4000 61.6000 4.0000
    endloop
  endfacet
  facet normal 0.000000e+00 -1.000000e+00 0.000000e+00
    outer loop
      vertex 165.4000 59.4000 0.0000
      vertex 200.0000 59.4000 0.0000
      vertex 200.0000 59.4000 4.0000
    endloop
  endfacet
  facet normal 0.000000e+00 -1.000000e+00 0.000000e+00
    outer loop
      vertex 165.4000 59.4000 0.0000
      vertex 200.0000 59.4000 4.0000
      vertex 165.4000 59.4000 4.0000
    endloop
  endfacet
  facet normal 0.000000e+00 1.000000e+00 0.000000e+00
    outer loop
      vertex 165.4000 61.6000 0.0000
      vertex 165.4000 61.6000 4.0000
      vertex 200.0000 61.6000 4.0000
    endloop
  endfacet
  facet normal 0.000000e+00 1.000000e+00 0.000000e+00
    outer loop
      vertex 165.4000 61.6000 0.0000
      vertex 200.0000 61.6000 4.0000
      vertex 200.0000 61.6000 0.0000
    endloop
  endfacet
  facet normal 1.000000e+00 0.000000e+00 0.000000e+00
    outer loop
      vertex 200.0000 59.4000 0.0000
      vertex 200.0000 61.6000 0.0000
      vertex 200.0000 61.6000 4.0000
    endloop
  endfacet
  facet normal 1.000000e+00 0.000000e+00 0.000000e+00
    outer loop
      vertex 200.0000 59.4000 0.0000
      vertex 200.0000 61.6000 4.0000
      vertex 200.0000 59.4000 4.0000
    endloop
  endfacet
  facet normal -1.000000e+00 0.000000e+00 0.000000e+00
    outer loop
      vertex 165.4000 59.4000 0.0000
      vertex 165.4000 59.4000 4.0000
      vertex 165.4000 61.6000 4.0000
    endloop
  endfacet
  facet normal -1.000000e+00 0.000000e+00 0.000000e+00
    outer loop
      vertex 165.4000 59.4000 0.0000
      vertex 165.4000 61.6000 4.0000
      vertex 165.4000 61.6000 0.0000
    endloop
  endfacet
endsolid tile_57
solid tile_58
  facet normal 0.000000e+00 0.000000e+00 -1.000000e+00
    outer loop
      vertex 0.0000 60.4000 0.0000
      vertex 0.0000 63.6000 0.0000
      vertex 47.7564 63.6000 0.0000
    endloop
  endfacet
  facet normal 0.000000e+00 0.000000e+00 -1.000000e+00
    outer loop
      vertex 0.0000 60.4000 0.0000
      vertex 47.7564 63.6000 0.0000
      vertex 47.7564 60.4000 0.0000
    endloop
  endfacet
  facet normal 0.000000e+00 0.000000e+00 1.000000e+00
    outer loop
      vertex 0.0000 60.4000 4.0000
      vertex 47.7564 60.4000 4.0000
      vertex 47.7564 63.6000 4.0000
    endloop
  endfacet
  facet normal 0.000000e+00 0.000000e+00 1.000000e+00
    outer loop
      vertex 0.0000 60.4000 4.0000
      vertex 47.7564 63.6000 4.0000
      vertex 0.0000 63.6000 4.0000
    endloop
  endfacet
  facet normal 0.000000e+00 -1.000000e+00 0.000000e+00
    outer loop
      vertex 0.0000 60.4000 0.0000
      vertex 47.7564 60.4000 0.0000
      vertex 47.7564 60.4000 4.0000
    endloop
  endfacet
  facet normal 0.000000e+00 -1.000000e+00 0.000000e+00
    outer loop
      vertex 0.0000 60.4000 0.0000
      vertex 47.7564 60.4000 4.0000
      vertex 0.0000 60.4000 4.0000
    endloop
  endfacet
  facet normal 0.000000e+00 1.000000e+00 0.000000e+00
    outer loop
      vertex 0.0000 63.6000 0.0000
      vertex 0.0000 63.6000 4.0000
      vertex 47.7564 63.6000 4.0000
    endloop
  endfacet
  facet normal 0.000000e+00 1.000000e+00 0.000000e+00
    outer loop
      vertex 0.0000 63.6000 0.0000
      vertex 47.7564 63.6000 4.0000
      vertex 47.7564 63.6000 0.0000
    endloop
  endfacet
  facet normal 1.000000e+00 0.000000e+00 0.000000e+00
    outer loop
      vertex 47.7564 60.4000 0.0000
      vertex 47.7564 63.6000 0.0000
      vertex 47.7564 63.6000 4.0000
    endloop
  endfacet
  facet normal 1.000000e+00 0.000000e+00 0.000000e+00
    outer loop
      vertex 47.7564 60.4000 0.0000
      vertex 47.7564 63.6000 4.0000
      vertex 47.7564 60.4000 4.0000
    endloop
  endfacet
  facet normal -1.000000e+00 0.000000e+00 0.000000e+00
    outer loop
      vertex 0.0000 60.4000 0.0000
      vertex 0.0000 60.4000 4.0000
      vertex 0.0000 63.6000 4.0000
    endloop
  endfacet
  facet normal -1.000000e+00 0.000000e+00 0.000000e+00
    outer loop
      vertex 0.0000 60.4000 0.0000
      vertex 0.0000 63.6000 4.0000
      vertex 0.0000 63.6000 0.0000
    endloop
  endfacet
endsolid tile_58
solid tile_59
  facet normal 0.000000e+00 0.000000e+00 -1.000000e+00
    outer loop
      vertex 72.2436 60.4000 0.0000
      vertex 72.2436 63.6000 0.0000
      vertex 105.6000 63.6000 0.0000
    endloop
  endfacet
  facet normal 0.000000e+00 0.000000e+00 -1.000000e+00
    outer loop
      vertex 72.2436 60.4000 0.0000
      vertex 105.6000 63.6000 0.0000
      vertex 105.6000 60.4000 0.0000
    endloop
  endfacet
  facet normal 0.000000e+00 0.000000e+00 1.000000e+00
    outer loop
      vertex 72.2436 60.4000 4.0000
      vertex 105.6000 60.4000 4.0000
      vertex 105.6000 63.6000 4.0000
    endloop
  endfacet
  facet normal 0.000000e+00 0.000000e+00 1.000000e+00
    outer loop
      vertex 72.2436 60.4000 4.0000
      vertex 105.6000 63.6000 4.0000
      vertex 72.2436 63.6000 4.0000
    endloop
  endfacet
  facet normal 0.000000e+00 -1.000000e+00 0.000000e+00
    outer loop
      vertex 72.2436 60.4000 0.0000
      vertex 105.6000 60.4000 0.0000
      vertex 105.6000 60.4000 4.0000
    endloop
  endfacet
  facet normal 0.000000e+00 -1.000000e+00 0.000000e+00
    outer loop
      vertex 72.2436 60.4000 0.0000
      vertex 105.6000 60.4000 4.0000
      vertex 72.2436 60.4000 4.0000
    endloop
  endfacet
  facet normal 0.000000e+00 1.000000e+00 0.000000e+00
    outer loop
      vertex 72.2436 63.6000 0.0000
      vertex 72.2436 63.6000 4.0000
      vertex 105.6000 63.6000 4.0000
    endloop
  endfacet
  facet normal 0.000000e+00 1.000000e+00 0.000000e+00
    outer loop
      vertex 72.2436 63.6000 0.0000
      vertex 105.6000 63.6000 4.0000
      vertex 105.6000 63.6000 0.0000
    endloop
  endfacet
  facet normal 1.000000e+00 0.000000e+00 0.000000e+00
    outer loop
      vertex 105.6000 60.4000 0.0000
      vertex 105.6000 63.6000 0.0000
      vertex 105.6000 63.6000 4.0000
    endloop
  endfacet
  facet normal 1.000000e+00 0.000000e+00 0.000000e+00
    outer loop
      vertex 105.6000 60.4000 0.0000
      vertex 105.6000 63.6000 4.0000
      vertex 105.6000 60.4000 4.0000
    endloop
  endfacet
  facet normal -1.000000e+00 0.000000e+00 0.000000e+00
    outer loop
      vertex 72.2436 60.4000 0.0000
      vertex 72.2436 60.4000 4.0000
      vertex 72.2436 63.6000 4.0000
    endloop
  endfacet
  facet normal -1.000000e+00 0.000000e+00 0.000000e+00
    outer loop
      vertex 72.2436 60.4000 0.0000
      vertex 72.2436 63.6000 4.0000
      vertex 72.2436 63.6000 0.0000
    endloop
  endfacet
endsolid tile_59
solid tile_60
  facet normal 0.000000e+00 0.000000e+00 -1.000000e+00
    outer loop
      vertex 136.4000 60.4000 0.0000
      vertex 136.4000 63.6000 0.0000
      vertex 150.6000 63.6000 0.0000
    endloop
  endfacet
  facet normal 0.000000e+00 0.000000e+00 -1.000000e+00
    outer loop
      vertex 136.4000 60.4000 0.0000
      vertex 150.6000 63.6000 0.0000
      vertex 150.6000 60.4000 0.0000
    endloop
  endfacet
  facet normal 0.000000e+00 0.000000e+00 1.000000e+00
    outer loop
      vertex 136.4000 60.4000 4.0000
      vertex 150.6000 60.4000 4.0000
      vertex 150.6000 63.6000 4.0000
    endloop
  endfacet
  facet normal 0.000000e+00 0.000000e+00 1.000000e+00
    outer loop
      vertex 136.4000 60.4000 4.0000
      vertex 150.6000 63.6000 4.0000
      vertex 136.4000 63.6000 4.0000
    endloop
  endfacet
  facet normal 0.000000e+00 -1.000000e+00 0.000000e+00
    outer loop
      vertex 136.4000 60.4000 0.0000
      vertex 150.6000 60.4000 0.0000
      vertex 150.6000 60.4000 4.0000
    endloop
  endfacet
  facet normal 0.000000e+00 -1.000000e+00 0.000000e+00
    outer loop
      vertex 136.4000 60.4000 0.0000
      vertex 150.6000 60.4000 4.0000
      vertex 136.4000 60.4000 4.0000
    endloop
  endfacet
  facet normal 0.000000e+00 1.000000e+00 0.000000e+00
    outer loop
      vertex 136.4000 63.6000 0.0000
      vertex 136.4000 63.6000 4.0000
      vertex 150.6000 63.6000 4.0000
    endloop
  endfacet
  facet normal 0.000000e+00 1.000000e+00 0.000000e+00
    outer loop
      vertex 136.4000 63.6000 0.0000
      vertex 150.6000 63.6000 4.0000
      vertex 150.6000 63.6000 0.0000
    endloop
  endfacet
  facet normal 1.000000e+00 0.000000e+00 0.000000e+00
    outer loop
      vertex 150.6000 60.4000 0.0000
      vertex 150.6000 63.6000 0.0000
      vertex 150.6000 63.6000 4.0000
    endloop
  endfacet
  facet normal 1.000000e+00 0.000000e+00 0.000000e+00
    outer loop
      vertex 150.6000 60.4000 0.0000
      vertex 150.6000 63.6000 4.0000
      vertex 150.6000 60.4000 4.0000
    endloop
  endfacet
  facet normal -1.000000e+00 0.000000e+00 0.000000e+00
    outer loop
      vertex 136.4000 60.4000 0.0000
      vertex 136.4000 60.4000 4.0000
      vertex 136.4000 63.6000 4.0000
    endloop
  endfacet
  facet normal -1.000000e+00 0.000000e+00 0.000000e+00
    outer loop
      vertex 136.4000 60.4000 0.0000
      vertex 136.4000 63.6000 4.0000
      vertex 136.4000 63.6000 0.0000
    endloop
  endfacet
endsolid tile_60
solid tile_61
  facet normal 0.000000e+00 0.000000e+00 -1.000000e+00
    outer loop
      vertex 165.4000 60.4000 0.0000
      vertex 165.4000 63.6000 0.0000
      vertex 200.0000 63.6000 0.0000
    endloop
  endfacet
  facet normal 0.000000e+00 0.000000e+00 -1.000000e+00
    outer loop
      vertex 165.4000 60.4000 0.0000
      vertex 200.0000 63.6000 0.0000
      vertex 200.0000 60.4000 0.0000
    endloop
  endfacet
  facet normal 0.000000e+00 0.000000e+00 1.000000e+00
    outer loop
      vertex 165.4000 60.4000 4.0000
      vertex 200.0000 60.4000 4.0000
      vertex 200.0000 63.6000 4.0000
    endloop
  endfacet
  facet normal 0.000000e+00 0.000000e+00 1.000000e+00
    outer loop
      vertex 165.4000 60.4000 4.0000
      vertex 200.0000 63.6000 4.0000
      vertex 165.4000 63.6000 4.0000
    endloop
  endfacet
  facet normal 0.000000e+00 -1.000000e+00 0.000000e+00
    outer loop
      vertex 165.4000 60.4000 0.0000
      vertex 200.0000 60.4000 0.0000
      vertex 200.0000 60.4000 4.0000
    endloop
  endfacet
  facet normal 0.000000e+00 -1.000000e+00 0.000000e+00
    outer loop
      vertex 165.4000 60.4000 0.0000
      vertex 200.0000 60.4000 4.0000
      vertex 165.4000 60.4000 4.0000
    endloop
  endfacet
  facet normal 0.000000e+00 1.000000e+00 0.000000e+00
    outer loop
      vertex 165.4000 63.6000 0.0000
      vertex 165.4000 63.6000 4.0000
      vertex 200.0000 63.6000 4.0000
    endloop
  endfacet
  facet normal 0.000000e+00 1.000000e+00 0.000000e+00
    outer loop
      vertex 165.4000 63.6000 0.0000
      vertex 200.0000 63.6000 4.0000
      vertex 200.0000 63.6000 0.0000
    endloop
  endfacet
  facet normal 1.000000e+00 0.000000e+00 0.000000e+00
    outer loop
      vertex 200.0000 60.4000 0.0000
      vertex 200.0000 63.6000 0.0000
      vertex 200.0000 63.6000 4.0000
    endloop
  endfacet
  facet normal 1.000000e+00 0.000000e+00 0.000000e+00
    outer loop
      vertex 200.0000 60.4000 0.0000
      vertex 200.0000 63.6000 4.0000
      vertex 200.0000 60.4000 4.0000
    endloop
  endfacet
  facet normal -1.000000e+00 0.000000e+00 0.000000e+00
    outer loop
      vertex 165.4000 60.4000 0.0000
      vertex 165.4000 60.4000 4.0000
      vertex 165.4000 63.6000 4.0000
    endloop
  endfacet
  facet normal -1.000000e+00 0.000000e+00 0.000000e+00
    outer loop
      vertex 165.4000 60.4000 0.0000
      vertex 165.4000 63.6000 4.0000
      vertex 165.4000 63.6000 0.0000
    endloop
  endfacet
endsolid tile_61
solid tile_62
  facet normal 0.000000e+00 0.000000e+00 -1.000000e+00
    outer loop
      vertex 0.0000 62.4000 0.0000
      vertex 0.0000 65.6000 0.0000
      vertex 50.8644 65.6000 0.0000
    endloop
  endfacet
  facet normal 0.000000e+00 0.000000e+00 -1.000000e+00
    outer loop
      vertex 0.0000 62.4000 0.0000
      vertex 50.8644 65.6000 0.0000
      vertex 50.8644 62.4000 0.0000
    endloop
  endfacet
  facet normal 0.000000e+00 0.000000e+00 1.000000e+00
    outer loop
      vertex 0.0000 62.4000 4.0000
      vertex 50.8644 62.4000 4.0000
      vertex 50.8644 65.6000 4.0000
    endloop
  endfacet
  facet normal 0.000000e+00 0.000000e+00 1.000000e+00
    outer loop
      vertex 0.0000 62.4000 4.0000
      vertex 50.8644 65.6000 4.0000
      vertex 0.0000 65.6000 4.0000
    endloop
  endfacet
  facet normal 0.000000e+00 -1.000000e+00 0.000000e+00
    outer loop
      vertex 0.0000 62.4000 0.0000
      vertex 50.8644 62.4000 0.0000
      vertex 50.8644 62.4000 4.0000
    endloop
  endfacet
  facet normal 0.000000e+00 -1.000000e+00 0.000000e+00
    outer loop
      vertex 0.0000 62.4000 0.0000
      vertex 50.8644 62.4000 4.0000
      vertex 0.0000 62.4000 4.0000
    endloop
  endfacet
  facet normal 0.000000e+00 1.000000e+00 0.000000e+00
    outer loop
      vertex 0.0000 65.6000 0.0000
      vertex 0.0000 65.6000 4.0000
      vertex 50.8644 65.6000 4.0000
    endloop
  endfacet
  facet normal 0.000000e+00 1.000000e+00 0.000000e+00
    outer loop
      vertex 0.0000 65.6000 0.0000
      vertex 50.8644 65.6000 4.0000
      vertex 50.8644 65.6000 0.0000
    endloop
  endfacet
  facet normal 1.000000e+00 0.000000e+00 0.000000e+00
    outer loop
      vertex 50.8644 62.4000 0.0000
      vertex 50.8644 65.6000 0.0000
      vertex 50.8644 65.6000 4.0000
    endloop
  endfacet
  facet normal 1.000000e+00 0.000000e+00 0.000000e+00
    outer loop
      vertex 50.8644 62.4000 0.0000
      vertex 50.8644 65.6000 4.0000
      vertex 50.8644 62.4000 4.0000
    endloop
  endfacet
  facet normal -1.000000e+00 0.000000e+00 0.000000e+00
    outer loop
      vertex 0.0000 62.4000 0.0000
      vertex 0.0000 62.4000 4.0000
      vertex 0.0000 65.6000 4.0000
    endloop
  endfacet
  facet normal -1.000000e+00 0.000000e+00 0.000000e+00
    outer loop
      vertex 0.0000 62.4000 0.0000
      vertex 0.0000 65.6000 4.0000
      vertex 0.0000 65.6000 0.0000
    endloop
  endfacet
endsolid tile_62
solid tile_63
  facet normal 0.000000e+00 0.000000e+00 -1.000000e+00
    outer loop
      vertex 69.1356 62.4000 0.0000
      vertex 69.1356 65.6000 0.0000
      vertex 105.6000 65.6000 0.0000
    endloop
  endfacet
  facet normal 0.000000e+00 0.000000e+00 -1.000000e+00
    outer loop
      vertex 69.1356 62.4000 0.0000
      vertex 105.6000 65.6000 0.0000
      vertex 105.6000 62.4000 0.0000
    endloop
  endfacet
  facet normal 0.000000e+00 0.000000e+00 1.000000e+00
    outer loop
      vertex 69.1356 62.4000 4.0000
      vertex 105.6000 62.4000 4.0000
      vertex 105.6000 65.6000 4.0000
    endloop
  endfacet
  facet normal 0.000000e+00 0.000000e+00 1.000000e+00
    outer loop
      vertex 69.1356 62.4000 4.0000
      vertex 105.6000 65.6000 4.0000
      vertex 69.1356 65.6000 4.0000
    endloop
  endfacet
  facet normal 0.000000e+00 -1.000000e+00 0.000000e+00
    outer loop
      vertex 69.1356 62.4000 0.0000
      vertex 105.6000 62.4000 0.0000
      vertex 105.6000 62.4000 4.0000
    endloop
  endfacet
  facet normal 0.000000e+00 -1.000000e+00 0.000000e+00
    outer loop
      vertex 69.1356 62.4000 0.0000
      vertex 105.6000 62.4000 4.0000
      vertex 69.1356 62.4000 4.0000
    endloop
  endfacet
  facet normal 0.000000e+00 1.000000e+00 0.000000e+00
    outer loop
      vertex 69.1356 65.6000 0.0000
      vertex 69.1356 65.6000 4.0000
      vertex 105.6000 65.6000 4.0000
    endloop
  endfacet
  facet normal 0.000000e+00 1.000000e+00 0.000000e+00
    outer loop
      vertex 69.1356 65.6000 0.0000
      vertex 105.6000 65.6000 4.0000
      vertex 105.6000 65.6000 0.0000
    endloop
  endfacet
  facet normal 1.000000e+00 0.000000e+00 0.000000e+00
    outer loop
      vertex 105.6000 62.4000 0.0000
      vertex 105.6000 65.6000 0.0000
      vertex 105.6000 65.6000 4.0000
    endloop
  endfacet
  facet normal 1.000000e+00 0.000000e+00 0.000000e+00
    outer loop
      vertex 105.6000 62.4000 0.0000
      vertex 105.6000 65.6000 4.0000
      vertex 105.6000 62.4000 4.0000
    endloop
  endfacet
  facet normal -1.000000e+00 0.000000e+00 0.000000e+00
    outer loop
      vertex 69.1356 62.4000 0.0000
      vertex 69.1356 62.4000 4.0000
      vertex 69.1356 65.6000 4.0000
    endloop
  endfacet
  facet normal -1.000000e+00 0.000000e+00 0.000000e+00
    outer loop
      vertex 69.1356 62.4000 0.0000
      vertex 69.1356 65.6000 4.0000
      vertex 69.1356 65.6000 0.0000
    endloop
  endfacet
endsolid tile_63
solid tile_64
  facet normal 0.000000e+00 0.000000e+00 -1.000000e+00
    outer loop
      vertex 136.4000 62.4000 0.0000
      vertex 136.4000 65.6000 0.0000
      vertex 150.6000 65.6000 0.0000
    endloop
  endfacet
  facet normal 0.000000e+00 0.000000e+00 -1.000000e+00
    outer loop
      vertex 136.4000 62.4000 0.0000
      vertex 150.6000 65.6000 0.0000
      vertex 150.6000 62.4000 0.0000
    endloop
  endfacet
  facet normal 0.000000e+00 0.000000e+00 1.000000e+00
    outer loop
      vertex 136.4000 62.4000 4.0000
      vertex 150.6000 62.4000 4.0000
      vertex 150.6000 65.6000 4.0000
    endloop
  endfacet
  facet normal 0.000000e+00 0.000000e+00 1.000000e+00
    outer loop
      vertex 136.4000 62.4000 4.0000
      vertex 150.6000 65.6000 4.0000
      vertex 136.4000 65.6000 4.0000
    endloop
  endfacet
  facet normal 0.000000e+00 -1.000000e+00 0.000000e+00
    outer loop
      vertex 136.4000 62.4000 0.0000
      vertex 150.6000 62.4000 0.0000
      vertex 150.6000 62.4000 4.0000
    endloop
  endfacet
  facet normal 0.000000e+00 -1.000000e+00 0.000000e+00
    outer loop
      vertex 136.4000 62.4000 0.0000
      vertex 150.6000 62.4000 4.0000
      vertex 136.4000 62.4000 4.0000
    endloop
  endfacet
  facet normal 0.000000e+00 1.000000e+00 0.000000e+00
    outer loop
      vertex 136.4000 65.6000 0.0000
      vertex 136.4000 65.6000 4.0000
      vertex 150.6000 65.6000 4.0000
    endloop
  endfacet
  facet normal 0.000000e+00 1.000000e+00 0.000000e+00
    outer loop
      vertex 136.4000 65.6000 0.0000
      vertex 150.6000 65.6000 4.0000
      vertex 150.6000 65.6000 0.0000
    endloop
  endfacet
  facet normal 1.000000e+00 0.000000e+00 0.000000e+00
    outer loop
      vertex 150.6000 62.4000 0.0000
      vertex 150.6000 65.6000 0.0000
      vertex 150.6000 65.6000 4.0000
    endloop
  endfacet
  facet normal 1.000000e+00 0.000000e+00 0.000000e+00
    outer loop
      vertex 150.6000 62.4000 0.0000
      vertex 150.6000 65.6000 4.0000
      vertex 150.6000 62.4000 4.0000
    endloop
  endfacet
  facet normal -1.000000e+00 0.000000e+00 0.000000e+00
    outer loop
      vertex 136.4000 62.4000 0.0000
      vertex 136.4000 62.4000 4.0000
      vertex 136.4000 65.6000 4.0000
    endloop
  endfacet
  facet normal -1.000000e+00 0.000000e+00 0.000000e+00
    outer loop
      vertex 136.4000 62.4000 0.0000
      vertex 136.4000 65.6000 4.0000
      vertex 136.4000 65.6000 0.0000
    endloop
  endfacet
endsolid tile_64
solid tile_65
  facet normal 0.000000e+00 0.000000e+00 -1.000000e+00
    outer loop
      vertex 165.4000 62.4000 0.0000
      vertex 165.4000 65.6000 0.0000
      vertex 200.0000 65.6000 0.0000
    endloop
  endfacet
  facet normal 0.000000e+00 0.000000e+00 -1.000000e+00
    outer loop
      vertex 165.4000 62.4000 0.0000
      vertex 200.0000 65.6000 0.0000
      vertex 200.0000 62.4000 0.0000
    endloop
  endfacet
  facet normal 0.000000e+00 0.000000e+00 1.000000e+00
    outer loop
      vertex 165.4000 62.4000 4.0000
      vertex 200.0000 62.4000 4.0000
      vertex 200.0000 65.6000 4.0000
    endloop
  endfacet
  facet normal 0.000000e+00 0.000000e+00 1.000000e+00
    outer loop
      vertex 165.4000 62.4000 4.0000
      vertex 200.0000 65.6000 4.0000
      vertex 165.4000 65.6000 4.0000
    endloop
  endfacet
  facet normal 0.000000e+00 -1.000000e+00 0.000000e+00
    outer loop
      vertex 165.4000 62.4000 0.0000
      vertex 200.0000 62.4000 0.0000
      vertex 200.0000 62.4000 4.0000
    endloop
  endfacet
  facet normal 0.000000e+00 -1.000000e+00 0.000000e+00
    outer loop
      vertex 165.4000 62.4000 0.0000
      vertex 200.0000 62.4000 4.0000
      vertex 165.4000 62.4000 4.0000
    endloop
  endfacet
  facet normal 0.000000e+00 1.000000e+00 0.000000e+00
    outer loop
      vertex 165.4000 65.6000 0.0000
      vertex 165.4000 65.6000 4.0000
      vertex 200.0000 65.6000 4.0000
    endloop
  endfacet
  facet normal 0.000000e+00 1.000000e+00 0.000000e+00
    outer loop
      vertex 165.4000 65.6000 0.0000
      vertex 200.0000 65.6000 4.0000
      vertex 200.0000 65.6000 0.0000
    endloop
  endfacet
  facet normal 1.000000e+00 0.000000e+00 0.000000e+00
    outer loop
      vertex 200.0000 62.4000 0.0000
      vertex 200.0000 65.6000 0.0000
      vertex 200.0000 65.6000 4.0000
    endloop
  endfacet
  facet normal 1.000000e+00 0.000000e+00 0.000000e+00
    outer loop
      vertex 200.0000 62.4000 0.0000
      vertex 200.0000 65.6000 4.0000
      vertex 200.0000 62.4000 4.0000
    endloop
  endfacet
  facet normal -1.000000e+00 0.000000e+00 0.000000e+00
    outer loop
      vertex 165.4000 62.4000 0.0000
      vertex 165.4000 62.4000 4.0000
      vertex 165.4000 65.6000 4.0000
    endloop
  endfacet
  facet normal -1.000000e+00 0.000000e+00 0.000000e+00
    outer loop
      vertex 165.4000 62.4000 0.0000
      vertex 165.4000 65.6000 4.0000
      vertex 165.4000 65.6000 0.0000
    endloop
  endfacet
endsolid tile_65
solid tile_66
  facet normal 0.000000e+00 0.000000e+00 -1.000000e+00
    outer loop
      vertex 0.0000 64.4000 0.0000
      vertex 0.0000 67.6000 0.0000
      vertex 105.6000 67.6000 0.0000
    endloop
  endfacet
  facet normal 0.000000e+00 0.000000e+00 -1.000000e+00
    outer loop
      vertex 0.0000 64.4000 0.0000
      vertex 105.6000 67.6000 0.0000
      vertex 105.6000 64.4000 0.0000
    endloop
  endfacet
  facet normal 0.000000e+00 0.000000e+00 1.000000e+00
    outer loop
      vertex 0.0000 64.4000 4.0000
      vertex 105.6000 64.4000 4.0000
      vertex 105.6000 67.6000 4.0000
    endloop
  endfacet
  facet normal 0.000000e+00 0.000000e+00 1.000000e+00
    outer loop
      vertex 0.0000 64.4000 4.0000
      vertex 105.6000 67.6000 4.0000
      vertex 0.0000 67.6000 4.0000
    endloop
  endfacet
  facet normal 0.000000e+00 -1.000000e+00 0.000000e+00
    outer loop
      vertex 0.0000 64.4000 0.0000
      vertex 105.6000 64.4000 0.0000
      vertex 105.6000 64.4000 4.0000
    endloop
  endfacet
  facet normal 0.000000e+00 -1.000000e+00 0.000000e+00
    outer loop
      vertex 0.0000 64.4000 0.0000
      vertex 105.6000 64.4000 4.0000
      vertex 0.0000 64.4000 4.0000
    endloop
  endfacet
  facet normal 0.000000e+00 1.000000e+00 0.000000e+00
    outer loop
      vertex 0.0000 67.6000 0.0000
      vertex 0.0000 67.6000 4.0000
      vertex 105.6000 67.6000 4.0000
    endloop
  endfacet
  facet normal 0.000000e+00 1.000000e+00 0.000000e+00
    outer loop
      vertex 0.0000 67.6000 0.0000
      vertex 105.6000 67.6000 4.0000
      vertex 105.6000 67.6000 0.0000
    endloop
  endfacet
  facet normal 1.000000e+00 0.000000e+00 0.000000e+00
    outer loop
      vertex 105.6000 64.4000 0.0000
      vertex 105.6000 67.6000 0.0000
      vertex 105.6000 67.6000 4.0000
    endloop
  endfacet
  facet normal 1.000000e+00 0.000000e+00 0.000000e+00
    outer loop
      vertex 105.6000 64.4000 0.0000
      vertex 105.6000 67.6000 4.0000
      vertex 105.6000 64.4000 4.0000
    endloop
  endfacet
  facet normal -1.000000e+00 0.000000e+00 0.000000e+00
    outer loop
      vertex 0.0000 64.4000 0.0000
      vertex 0.0000 64.4000 4.0000
      vertex 0.0000 67.6000 4.0000
    endloop
  endfacet
  facet normal -1.000000e+00 0.000000e+00 0.000000e+00
    outer loop
      vertex 0.0000 64.4000 0.0000
      vertex 0.0000 67.6000 4.0000
      vertex 0.0000 67.6000 0.0000
    endloop
  endfacet
endsolid tile_66
solid tile_67
  facet normal 0.000000e+00 0.000000e+00 -1.000000e+00
    outer loop
      vertex 136.4000 64.4000 0.0000
      vertex 136.4000 67.6000 0.0000
      vertex 150.6000 67.6000 0.0000
    endloop
  endfacet
  facet normal 0.000000e+00 0.000000e+00 -1.000000e+00
    outer loop
      vertex 136.4000 64.4000 0.0000
      vertex 150.6000 67.6000 0.0000
      vertex 150.6000 64.4000 0.0000
    endloop
  endfacet
  facet normal 0.000000e+00 0.000000e+00 1.000000e+00
    outer loop
      vertex 136.4000 64.4000 4.0000
      vertex 150.6000 64.4000 4.0000
      vertex 150.6000 67.6000 4.0000
    endloop
  endfacet
  facet normal 0.000000e+00 0.000000e+00 1.000000e+00
    outer loop
      vertex 136.4000 64.4000 4.0000
      vertex 150.6000 67.6000 4.0000
      vertex 136.4000 67.6000 4.0000
    endloop
  endfacet
  facet normal 0.000000e+00 -1.000000e+00 0.000000e+00
    outer loop
      vertex 136.4000 64.4000 0.0000
      vertex 150.6000 64.4000 0.0000
      vertex 150.6000 64.4000 4.0000
    endloop
  endfacet
  facet normal 0.000000e+00 -1.000000e+00 0.000000e+00
    outer loop
      vertex 136.4000 64.4000 0.0000
      vertex 150.6000 64.4000 4.0000
      vertex 136.4000 64.4000 4.0000
    endloop
  endfacet
  facet normal 0.000000e+00 1.000000e+00 0.000000e+00
    outer loop
      vertex 136.4000 67.6000 0.0000
      vertex 136.4000 67.6000 4.0000
      vertex 150.6000 67.6000 4.0000
    endloop
  endfacet
  facet normal 0.000000e+00 1.000000e+00 0.000000e+00
    outer loop
      vertex 136.4000 67.6000 0.0000
      vertex 150.6000 67.6000 4.0000
      vertex 150.6000 67.6000 0.0000
    endloop
  endfacet
  facet normal 1.000000e+00 0.000000e+00 0.000000e+00
    outer loop
      vertex 150.6000 64.4000 0.0000
      vertex 150.6000 67.6000 0.0000
      vertex 150.6000 67.6000 4.0000
    endloop
  endfacet
  facet normal 1.000000e+00 0.000000e+00 0.000000e+00
    outer loop
      vertex 150.6000 64.4000 0.0000
      vertex 150.6000 67.6000 4.0000
      vertex 150.6000 64.4000 4.0000
    endloop
  endfacet
  facet normal -1.000000e+00 0.000000e+00 0.000000e+00
    outer loop
      vertex 136.4000 64.4000 0.0000
      vertex 136.4000 64.4000 4.0000
      vertex 136.4000 67.6000 4.0000
    endloop
  endfacet
  facet normal -1.000000e+00 0.000000e+00 0.000000e+00
    outer loop
      vertex 136.4000 64.4000 0.0000
      vertex 136.4000 67.6000 4.0000
      vertex 136.4000 67.6000 0.0000
    endloop
  endfacet
endsolid tile_67
solid tile_68
  facet normal 0.000000e+00 0.000000e+00 -1.000000e+00
    outer loop
      vertex 165.4000 64.4000 0.0000
      vertex 165.4000 67.6000 0.0000
      vertex 200.0000 67.6000 0.0000
    endloop
  endfacet
  facet normal 0.000000e+00 0.000000e+00 -1.000000e+00
    outer loop
      vertex 165.4000 64.4000 0.0000
      vertex 200.0000 67.6000 0.0000
      vertex 200.0000 64.4000 0.0000
    endloop
  endfacet
  facet normal 0.000000e+00 0.000000e+00 1.000000e+00
    outer loop
      vertex 165.4000 64.4000 4.0000
      vertex 200.0000 64.4000 4.0000
      vertex 200.0000 67.6000 4.0000
    endloop
  endfacet
  facet normal 0.000000e+00 0.000000e+00 1.000000e+00
    outer loop
      vertex 165.4000 64.4000 4.0000
      vertex 200.0000 67.6000 4.0000
      vertex 165.4000 67.6000 4.0000
    endloop
  endfacet
  facet normal 0.000000e+00 -1.000000e+00 0.000000e+00
    outer loop
      vertex 165.4000 64.4000 0.0000
      vertex 200.0000 64.4000 0.0000
      vertex 200.0000 64.4000 4.0000
    endloop
  endfacet
  facet normal 0.000000e+00 -1.000000e+00 0.000000e+00
    outer loop
      vertex 165.4000 64.4000 0.0000
      vertex 200.0000 64.4000 4.0000
      vertex 165.4000 64.4000 4.0000
    endloop
  endfacet
  facet normal 0.000000e+00 1.000000e+00 0.000000e+00
    outer loop
      vertex 165.4000 67.6000 0.0000
      vertex 165.4000 67.6000 4.0000
      vertex 200.0000 67.6000 4.0000
    endloop
  endfacet
  facet normal 0.000000e+00 1.000000e+00 0.000000e+00
    outer loop
      vertex 165.4000 67.6000 0.0000
      vertex 200.0000 67.6000 4.0000
      vertex 200.0000 67.6000 0.0000
    endloop
  endfacet
  facet normal 1.000000e+00 0.000000e+00 0.000000e+00
    outer loop
      vertex 200.0000 64.4000 0.0000
      vertex 200.0000 67.6000 0.0000
      vertex 200.0000 67.6000 4.0000
    endloop
  endfacet
  facet normal 1.000000e+00 0.000000e+00 0.000000e+00
    outer loop
      vertex 200.0000 64.4000 0.0000
      vertex 200.0000 67.6000 4.0000
      vertex 200.0000 64.4000 4.0000
    endloop
  endfacet
  facet normal -1.000000e+00 0.000000e+00 0.000000e+00
    outer loop
      vertex 165.4000 64.4000 0.0000
      vertex 165.4000 64.4000 4.0000
      vertex 165.4000 67.6000 4.0000
    endloop
  endfacet
  facet normal -1.000000e+00 0.000000e+00 0.000000e+00
    outer loop
      vertex 165.4000 64.4000 0.0000
      vertex 165.4000 67.6000 4.0000
      vertex 165.4000 67.6000 0.0000
    endloop
  endfacet
endsolid tile_68
solid tile_69
  facet normal 0.000000e+00 0.000000e+00 -1.000000e+00
    outer loop
      vertex 0.0000 66.4000 0.0000
      vertex 0.0000 69.6000 0.0000
      vertex 105.6000 69.6000 0.0000
    endloop
  endfacet
  facet normal 0.000000e+00 0.000000e+00 -1.000000e+00
    outer loop
      vertex 0.0000 66.4000 0.0000
      vertex 105.6000 69.6000 0.0000
      vertex 105.6000 66.4000 0.0000
    endloop
  endfacet
  facet normal 0.000000e+00 0.000000e+00 1.000000e+00
    outer loop
      vertex 0.0000 66.4000 4.0000
      vertex 105.6000 66.4000 4.0000
      vertex 105.6000 69.6000 4.0000
    endloop
  endfacet
  facet normal 0.000000e+00 0.000000e+00 1.000000e+00
    outer loop
      vertex 0.0000 66.4000 4.0000
      vertex 105.6000 69.6000 4.0000
      vertex 0.0000 69.6000 4.0000
    endloop
  endfacet
  facet normal 0.000000e+00 -1.000000e+00 0.000000e+00
    outer loop
      vertex 0.0000 66.4000 0.0000
      vertex 105.6000 66.4000 0.0000
      vertex 105.6000 66.4000 4.0000
    endloop
  endfacet
  facet normal 0.000000e+00 -1.000000e+00 0.000000e+00
    outer loop
      vertex 0.0000 66.4000 0.0000
      vertex 105.6000 66.4000 4.0000
      vertex 0.0000 66.4000 4.0000
    endloop
  endfacet
  facet normal 0.000000e+00 1.000000e+00 0.000000e+00
    outer loop
      vertex 0.0000 69.6000 0.0000
      vertex 0.0000 69.6000 4.0000
      vertex 105.6000 69.6000 4.0000
    endloop
  endfacet
  facet normal 0.000000e+00 1.000000e+00 0.000000e+00
    outer loop
      vertex 0.0000 69.6000 0.0000
      vertex 105.6000 69.6000 4.0000
      vertex 105.6000 69.6000 0.0000
    endloop
  endfacet
  facet normal 1.000000e+00 0.000000e+00 0.000000e+00
    outer loop
      vertex 105.6000 66.4000 0.0000
      vertex 105.6000 69.6000 0.0000
      vertex 105.6000 69.6000 4.0000
    endloop
  endfacet
  facet normal 1.000000e+00 0.000000e+00 0.000000e+00
    outer loop
      vertex 105.6000 66.4000 0.0000
      vertex 105.6000 69.6000 4.0000
      vertex 105.6000 66.4000 4.0000
    endloop
  endfacet
  facet normal -1.000000e+00 0.000000e+00 0.000000e+00
    outer loop
      vertex 0.0000 66.4000 0.0000
      vertex 0.0000 66.4000 4.0000
      vertex 0.0000 69.6000 4.0000
    endloop
  endfacet
  facet normal -1.000000e+00 0.000000e+00 0.000000e+00
    outer loop
      vertex 0.0000 66.4000 0.0000
      vertex 0.0000 69.6000 4.0000
      vertex 0.0000 69.6000 0.0000
    endloop
  endfacet
endsolid tile_69
solid tile_70
  facet normal 0.000000e+00 0.000000e+00 -1.000000e+00
    outer loop
      vertex 136.4000 66.4000 0.0000
      vertex 136.4000 69.6000 0.0000
      vertex 150.6000 69.6000 0.0000
    endloop
  endfacet
  facet normal 0.000000e+00 0.000000e+00 -1.000000e+00
    outer loop
      vertex 136.4000 66.4000 0.0000
      vertex 150.6000 69.6000 0.0000
      vertex 150.6000 66.4000 0.0000
    endloop
  endfacet
  facet normal 0.000000e+00 0.000000e+00 1.000000e+00
    outer loop
      vertex 136.4000 66.4000 4.0000
      vertex 150.6000 66.4000 4.0000
      vertex 150.6000 69.6000 4.0000
    endloop
  endfacet
  facet normal 0.000000e+00 0.000000e+00 1.000000e+00
    outer loop
      vertex 136.4000 66.4000 4.0000
      vertex 150.6000 69.6000 4.0000
      vertex 136.4000 69.6000 4.0000
    endloop
  endfacet
  facet normal 0.000000e+00 -1.000000e+00 0.000000e+00
    outer loop
      vertex 136.4000 66.4000 0.0000
      vertex 150.6000 66.4000 0.0000
      vertex 150.6000 66.4000 4.0000
    endloop
  endfacet
  facet normal 0.000000e+00 -1.000000e+00 0.000000e+00
    outer loop
      vertex 136.4000 66.4000 0.0000
      vertex 150.6000 66.4000 4.0000
      vertex 136.4000 66.4000 4.0000
    endloop
  endfacet
  facet normal 0.000000e+00 1.000000e+00 0.000000e+00
    outer loop
      vertex 136.4000 69.6000 0.0000
      vertex 136.4000 69.6000 4.0000
      vertex 150.6000 69.6000 4.0000
    endloop
  endfacet
  facet normal 0.000000e+00 1.000000e+00 0.000000e+00
    outer loop
      vertex 136.4000 69.6000 0.0000
      vertex 150.6000 69.6000 4.0000
      vertex 150.6000 69.6000 0.0000
    endloop
  endfacet
  facet normal 1.000000e+00 0.000000e+00 0.000000e+00
    outer loop
      vertex 150.6000 66.4000 0.0000
      vertex 150.6000 69.6000 0.0000
      vertex 150.6000 69.6000 4.0000
    endloop
  endfacet
  facet normal 1.000000e+00 0.000000e+00 0.000000e+00
    outer loop
      vertex 150.6000 66.4000 0.0000
      vertex 150.6000 69.6000 4.0000
      vertex 150.6000 66.4000 4.0000
    endloop
  endfacet
  facet normal -1.000000e+00 0.000000e+00 0.000000e+00
    outer loop
      vertex 136.4000 66.4000 0.0000
      vertex 136.4000 66.4000 4.0000
      vertex 136.4000 69.6000 4.0000
    endloop
  endfacet
  facet normal -1.000000e+00 0.000000e+00 0.000000e+00
    outer loop
      vertex 136.4000 66.4000 0.0000
      vertex 136.4000 69.6000 4.0000
      vertex 136.4000 69.6000 0.0000
    endloop
  endfacet
endsolid tile_70
solid tile_71
  facet normal 0.000000e+00 0.000000e+00 -1.000000e+00
    outer loop
      vertex 165.4000 66.4000 0.0000
      vertex 165.4000 69.6000 0.0000
      vertex 200.0000 69.6000 0.0000
    endloop
  endfacet
  facet normal 0.000000e+00 0.000000e+00 -1.000000e+00
    outer loop
      vertex 165.4000 66.4000 0.0000
      vertex 200.0000 69.6000 0.0000
      vertex 200.0000 66.4000 0.0000
    endloop
  endfacet
  facet normal 0.000000e+00 0.000000e+00 1.000000e+00
    outer loop
      vertex 165.4000 66.4000 4.0000
      vertex 200.0000 66.4000 4.0000
      vertex 200.0000 69.6000 4.0000
    endloop
  endfacet
  facet normal 0.000000e+00 0.000000e+00 1.000000e+00
    outer loop
      vertex 165.4000 66.4000 4.0000
      vertex 200.0000 69.6000 4.0000
      vertex 165.4000 69.6000 4.0000
    endloop
  endfacet
  facet normal 0.000000e+00 -1.000000e+00 0.000000e+00
    outer loop
      vertex 165.4000 66.4000 0.0000
      vertex 200.0000 66.4000 0.0000
      vertex 200.0000 66.4000 4.0000
    endloop
  endfacet
  facet normal 0.000000e+00 -1.000000e+00 0.000000e+00
    outer loop
      vertex 165.4000 66.4000 0.0000
      vertex 200.0000 66.4000 4.0000
      vertex 165.4000 66.4000 4.0000
    endloop
  endfacet
  facet normal 0.000000e+00 1.000000e+00 0.000000e+00
    outer loop
      vertex 165.4000 69.6000 0.0000
      vertex 165.4000 69.6000 4.0000
      vertex 200.0000 69.6000 4.0000
    endloop
  endfacet
  facet normal 0.000000e+00 1.000000e+00 0.000000e+00
    outer loop
      vertex 165.4000 69.6000 0.0000
      vertex 200.0000 69.6000 4.0000
      vertex 200.0000 69.6000 0.0000
    endloop
  endfacet
  facet normal 1.000000e+00 0.000000e+00 0.000000e+00
    outer loop
      vertex 200.0000 66.4000 0.0000
      vertex 200.0000 69.6000 0.0000
      vertex 200.0000 69.6000 4.0000
    endloop
  endfacet
  facet normal 1.000000e+00 0.000000e+00 0.000000e+00
    outer loop
      vertex 200.0000 66.4000 0.0000
      vertex 200.0000 69.6000 4.0000
      vertex 200.0000 66.4000 4.0000
    endloop
  endfacet
  facet normal -1.000000e+00 0.000000e+00 0.000000e+00
    outer loop
      vertex 165.4000 66.4000 0.0000
      vertex 165.4000 66.4000 4.0000
      vertex 165.4000 69.6000 4.0000
    endloop
  endfacet
  facet normal -1.000000e+00 0.000000e+00 0.000000e+00
    outer loop
      vertex 165.4000 66.4000 0.0000
      vertex 165.4000 69.6000 4.0000
      vertex 165.4000 69.6000 0.0000
    endloop
  endfacet
endsolid tile_71
solid tile_72
  facet normal 0.000000e+00 0.000000e+00 -1.000000e+00
    outer loop
      vertex 0.0000 68.4000 0.0000
      vertex 0.0000 70.6000 0.0000
      vertex 105.6000 70.6000 0.0000
    endloop
  endfacet
  facet normal 0.000000e+00 0.000000e+00 -1.000000e+00
    outer loop
      vertex 0.0000 68.4000 0.0000
      vertex 105.6000 70.6000 0.0000
      vertex 105.6000 68.4000 0.0000
    endloop
  endfacet
  facet normal 0.000000e+00 0.000000e+00 1.000000e+00
    outer loop
      vertex 0.0000 68.4000 4.0000
      vertex 105.6000 68.4000 4.0000
      vertex 105.6000 70.6000 4.0000
    endloop
  endfacet
  facet normal 0.000000e+00 0.000000e+00 1.000000e+00
    outer loop
      vertex 0.0000 68.4000 4.0000
      vertex 105.6000 70.6000 4.0000
      vertex 0.0000 70.6000 4.0000
    endloop
  endfacet
  facet normal 0.000000e+00 -1.000000e+00 0.000000e+00
    outer loop
      vertex 0.0000 68.4000 0.0000
      vertex 105.6000 68.4000 0.0000
      vertex 105.6000 68.4000 4.0000
    endloop
  endfacet
  facet normal 0.000000e+00 -1.000000e+00 0.000000e+00
    outer loop
      vertex 0.0000 68.4000 0.0000
      vertex 105.6000 68.4000 4.0000
      vertex 0.0000 68.4000 4.0000
    endloop
  endfacet
  facet normal 0.000000e+00 1.000000e+00 0.000000e+00
    outer loop
      vertex 0.0000 70.6000 0.0000
      vertex 0.0000 70.6000 4.0000
      vertex 105.6000 70.6000 4.0000
    endloop
  endfacet
  facet normal 0.000000e+00 1.000000e+00 0.000000e+00
    outer loop
      vertex 0.0000 70.6000 0.0000
      vertex 105.6000 70.6000 4.0000
      vertex 105.6000 70.6000 0.0000
    endloop
  endfacet
  facet normal 1.000000e+00 0.000000e+00 0.000000e+00
    outer loop
      vertex 105.6000 68.4000 0.0000
      vertex 105.6000 70.6000 0.0000
      vertex 105.6000 70.6000 4.0000
    endloop
  endfacet
  facet normal 1.000000e+00 0.000000e+00 0.000000e+00
    outer loop
      vertex 105.6000 68.4000 0.0000
      vertex 105.6000 70.6000 4.0000
      vertex 105.6000 68.4000 4.0000
    endloop
  endfacet
  facet normal -1.000000e+00 0.000000e+00 0.000000e+00
    outer loop
      vertex 0.0000 68.4000 0.0000
      vertex 0.0000 68.4000 4.0000
      vertex 0.0000 70.6000 4.0000
    endloop
  endfacet
  facet normal -1.000000e+00 0.000000e+00 0.000000e+00
    outer loop
      vertex 0.0000 68.4000 0.0000
      vertex 0.0000 70.6000 4.0000
      vertex 0.0000 70.6000 0.0000
    endloop
  endfacet
endsolid tile_72
solid tile_73
  facet normal 0.000000e+00 0.000000e+00 -1.000000e+00
    outer loop
      vertex 136.4000 68.4000 0.0000
      vertex 136.4000 70.6000 0.0000
      vertex 150.6000 70.6000 0.0000
    endloop
  endfacet
  facet normal 0.000000e+00 0.000000e+00 -1.000000e+00
    outer loop
      vertex 136.4000 68.4000 0.0000
      vertex 150.6000 70.6000 0.0000
      vertex 150.6000 68.4000 0.0000
    endloop
  endfacet
  facet normal 0.000000e+00 0.000000e+00 1.000000e+00
    outer loop
      vertex 136.4000 68.4000 4.0000
      vertex 150.6000 68.4000 4.0000
      vertex 150.6000 70.6000 4.0000
    endloop
  endfacet
  facet normal 0.000000e+00 0.000000e+00 1.000000e+00
    outer loop
      vertex 136.4000 68.4000 4.0000
      vertex 150.6000 70.6000 4.0000
      vertex 136.4000 70.6000 4.0000
    endloop
  endfacet
  facet normal 0.000000e+00 -1.000000e+00 0.000000e+00
    outer loop
      vertex 136.4000 68.4000 0.0000
      vertex 150.6000 68.4000 0.0000
      vertex 150.6000 68.4000 4.0000
    endloop
  endfacet
  facet normal 0.000000e+00 -1.000000e+00 0.000000e+00
    outer loop
      vertex 136.4000 68.4000 0.0000
      vertex 150.6000 68.4000 4.0000
      vertex 136.4000 68.4000 4.0000
    endloop
  endfacet
  facet normal 0.000000e+00 1.000000e+00 0.000000e+00
    outer loop
      vertex 136.4000 70.6000 0.0000
      vertex 136.4000 70.6000 4.0000
      vertex 150.6000 70.6000 4.0000
    endloop
  endfacet
  facet normal 0.000000e+00 1.000000e+00 0.000000e+00
    outer loop
      vertex 136.4000 70.6000 0.0000
      vertex 150.6000 70.6000 4.0000
      vertex 150.6000 70.6000 0.0000
    endloop
  endfacet
  facet normal 1.000000e+00 0.000000e+00 0.000000e+00
    outer loop
      vertex 150.6000 68.4000 0.0000
      vertex 150.6000 70.6000 0.0000
      vertex 150.6000 70.6000 4.0000
    endloop
  endfacet
  facet normal 1.000000e+00 0.000000e+00 0.000000e+00
    outer loop
      vertex 150.6000 68.4000 0.0000
      vertex 150.6000 70.6000 4.0000
      vertex 150.6000 68.4000 4.0000
    endloop
  endfacet
  facet normal -1.000000e+00 0.000000e+00 0.000000e+00
    outer loop
      vertex 136.4000 68.4000 0.0000
      vertex 136.4000 68.4000 4.0000
      vertex 136.4000 70.6000 4.0000
    endloop
  endfacet
  facet normal -1.000000e+00 0.000000e+00 0.000000e+00
    outer loop
      vertex 136.4000 68.4000 0.0000
      vertex 136.4000 70.6000 4.0000
      vertex 136.4000 70.6000 0.0000
    endloop
  endfacet
endsolid tile_73
solid tile_74
  facet normal 0.000000e+00 0.000000e+00 -1.000000e+00
    outer loop
      vertex 165.4000 68.4000 0.0000
      vertex 165.4000 70.6000 0.0000
      vertex 200.0000 70.6000 0.0000
    endloop
  endfacet
  facet normal 0.000000e+00 0.000000e+00 -1.000000e+00
    outer loop
      vertex 165.4000 68.4000 0.0000
      vertex 200.0000 70.6000 0.0000
      vertex 200.0000 68.4000 0.0000
    endloop
  endfacet
  facet normal 0.000000e+00 0.000000e+00 1.000000e+00
    outer loop
      vertex 165.4000 68.4000 4.0000
      vertex 200.0000 68.4000 4.0000
      vertex 200.0000 70.6000 4.0000
    endloop
  endfacet
  facet normal 0.000000e+00 0.000000e+00 1.000000e+00
    outer loop
      vertex 165.4000 68.4000 4.0000
      vertex 200.0000 70.6000 4.0000
      vertex 165.4000 70.6000 4.0000
    endloop
  endfacet
  facet normal 0.000000e+00 -1.000000e+00 0.000000e+00
    outer loop
      vertex 165.4000 68.4000 0.0000
      vertex 200.0000 68.4000 0.0000
      vertex 200.0000 68.4000 4.0000
    endloop
  endfacet
  facet normal 0.000000e+00 -1.000000e+00 0.000000e+00
    outer loop
      vertex 165.4000 68.4000 0.0000
      vertex 200.0000 68.4000 4.0000
      vertex 165.4000 68.4000 4.0000
    endloop
  endfacet
  facet normal 0.000000e+00 1.000000e+00 0.000000e+00
    outer loop
      vertex 165.4000 70.6000 0.0000
      vertex 165.4000 70.6000 4.0000
      vertex 200.0000 70.6000 4.0000
    endloop
  endfacet
  facet normal 0.000000e+00 1.000000e+00 0.000000e+00
    outer loop
      vertex 165.4000 70.6000 0.0000
      vertex 200.0000 70.6000 4.0000
      vertex 200.0000 70.6000 0.0000
    endloop
  endfacet
  facet normal 1.000000e+00 0.000000e+00 0.000000e+00
    outer loop
      vertex 200.0000 68.4000 0.0000
      vertex 200.0000 70.6000 0.0000
      vertex 200.0000 70.6000 4.0000
    endloop
  endfacet
  facet normal 1.000000e+00 0.000000e+00 0.000000e+00
    outer loop
      vertex 200.0000 68.4000 0.0000
      vertex 200.0000 70.6000 4.0000
      vertex 200.0000 68.4000 4.0000
    endloop
  endfacet
  facet normal -1.000000e+00 0.000000e+00 0.000000e+00
    outer loop
      vertex 165.4000 68.4000 0.0000
      vertex 165.4000 68.4000 4.0000
      vertex 165.4000 70.6000 4.0000
    endloop
  endfacet
  facet normal -1.000000e+00 0.000000e+00 0.000000e+00
    outer loop
      vertex 165.4000 68.4000 0.0000
      vertex 165.4000 70.6000 4.0000
      vertex 165.4000 70.6000 0.0000
    endloop
  endfacet
endsolid tile_74
solid tile_75
  facet normal 0.000000e+00 0.000000e+00 -1.000000e+00
    outer loop
      vertex 0.0000 69.4000 0.0000
      vertex 0.0000 71.6000 0.0000
      vertex 105.6000 71.6000 0.0000
    endloop
  endfacet
  facet normal 0.000000e+00 0.000000e+00 -1.000000e+00
    outer loop
      vertex 0.0000 69.4000 0.0000
      vertex 105.6000 71.6000 0.0000
      vertex 105.6000 69.4000 0.0000
    endloop
  endfacet
  facet normal 0.000000e+00 0.000000e+00 1.000000e+00
    outer loop
      vertex 0.0000 69.4000 4.0000
      vertex 105.6000 69.4000 4.0000
      vertex 105.6000 71.6000 4.0000
    endloop
  endfacet
  facet normal 0.000000e+00 0.000000e+00 1.000000e+00
    outer loop
      vertex 0.0000 69.4000 4.0000
      vertex 105.6000 71.6000 4.0000
      vertex 0.0000 71.6000 4.0000
    endloop
  endfacet
  facet normal 0.000000e+00 -1.000000e+00 0.000000e+00
    outer loop
      vertex 0.0000 69.4000 0.0000
      vertex 105.6000 69.4000 0.0000
      vertex 105.6000 69.4000 4.0000
    endloop
  endfacet
  facet normal 0.000000e+00 -1.000000e+00 0.000000e+00
    outer loop
      vertex 0.0000 69.4000 0.0000
      vertex 105.6000 69.4000 4.0000
      vertex 0.0000 69.4000 4.0000
    endloop
  endfacet
  facet normal 0.000000e+00 1.000000e+00 0.000000e+00
    outer loop
      vertex 0.0000 71.6000 0.0000
      vertex 0.0000 71.6000 4.0000
      vertex 105.6000 71.6000 4.0000
    endloop
  endfacet
  facet normal 0.000000e+00 1.000000e+00 0.000000e+00
    outer loop
      vertex 0.0000 71.6000 0.0000
      vertex 105.6000 71.6000 4.0000
      vertex 105.6000 71.6000 0.0000
    endloop
  endfacet
  facet normal 1.000000e+00 0.000000e+00 0.000000e+00
    outer loop
      vertex 105.6000 69.4000 0.0000
      vertex 105.6000 71.6000 0.0000
      vertex 105.6000 71.6000 4.0000
    endloop
  endfacet
  facet normal 1.000000e+00 0.000000e+00 0.000000e+00
    outer loop
      vertex 105.6000 69.4000 0.0000
      vertex 105.6000 71.6000 4.0000
      vertex 105.6000 69.4000 4.0000
    endloop
  endfacet
  facet normal -1.000000e+00 0.000000e+00 0.000000e+00
    outer loop
      vertex 0.0000 69.4000 0.0000
      vertex 0.0000 69.4000 4.0000
      vertex 0.0000 71.6000 4.0000
    endloop
  endfacet
  facet normal -1.000000e+00 0.000000e+00 0.000000e+00
    outer loop
      vertex 0.0000 69.4000 0.0000
      vertex 0.0000 71.6000 4.0000
      vertex 0.0000 71.6000 0.0000
    endloop
  endfacet
endsolid tile_75
solid tile_76
  facet normal 0.000000e+00 0.000000e+00 -1.000000e+00
    outer loop
      vertex 136.4000 69.4000 0.0000
      vertex 136.4000 71.6000 0.0000
      vertex 200.0000 71.6000 0.0000
    endloop
  endfacet
  facet normal 0.000000e+00 0.000000e+00 -1.000000e+00
    outer loop
      vertex 136.4000 69.4000 0.0000
      vertex 200.0000 71.6000 0.0000
      vertex 200.0000 69.4000 0.0000
    endloop
  endfacet
  facet normal 0.000000e+00 0.000000e+00 1.000000e+00
    outer loop
      vertex 136.4000 69.4000 4.0000
      vertex 200.0000 69.4000 4.0000
      vertex 200.0000 71.6000 4.0000
    endloop
  endfacet
  facet normal 0.000000e+00 0.000000e+00 1.000000e+00
    outer loop
      vertex 136.4000 69.4000 4.0000
      vertex 200.0000 71.6000 4.0000
      vertex 136.4000 71.6000 4.0000
    endloop
  endfacet
  facet normal 0.000000e+00 -1.000000e+00 0.000000e+00
    outer loop
      vertex 136.4000 69.4000 0.0000
      vertex 200.0000 69.4000 0.0000
      vertex 200.0000 69.4000 4.0000
    endloop
  endfacet
  facet normal 0.000000e+00 -1.000000e+00 0.000000e+00
    outer loop
      vertex 136.4000 69.4000 0.0000
      vertex 200.0000 69.4000 4.0000
      vertex 136.4000 69.4000 4.0000
    endloop
  endfacet
  facet normal 0.000000e+00 1.000000e+00 0.000000e+00
    outer loop
      vertex 136.4000 71.6000 0.0000
      vertex 136.4000 71.6000 4.0000
      vertex 200.0000 71.6000 4.0000
    endloop
  endfacet
  facet normal 0.000000e+00 1.000000e+00 0.000000e+00
    outer loop
      vertex 136.4000 71.6000 0.0000
      vertex 200.0000 71.6000 4.0000
      vertex 200.0000 71.6000 0.0000
    endloop
  endfacet
  facet normal 1.000000e+00 0.000000e+00 0.000000e+00
    outer loop
      vertex 200.0000 69.4000 0.0000
      vertex 200.0000 71.6000 0.0000
      vertex 200.0000 71.6000 4.0000
    endloop
  endfacet
  facet normal 1.000000e+00 0.000000e+00 0.000000e+00
    outer loop
      vertex 200.0000 69.4000 0.0000
      vertex 200.0000 71.6000 4.0000
      vertex 200.0000 69.4000 4.0000
    endloop
  endfacet
  facet normal -1.000000e+00 0.000000e+00 0.000000e+00
    outer loop
      vertex 136.4000 69.4000 0.0000
      vertex 136.4000 69.4000 4.0000
      vertex 136.4000 71.6000 4.0000
    endloop
  endfacet
  facet normal -1.000000e+00 0.000000e+00 0.000000e+00
    outer loop
      vertex 136.4000 69.4000 0.0000
      vertex 136.4000 71.6000 4.0000
      vertex 136.4000 71.6000 0.0000
    endloop
  endfacet
endsolid tile_76
solid tile_77
  facet normal 0.000000e+00 0.000000e+00 -1.000000e+00
    outer loop
      vertex 0.0000 70.4000 0.0000
      vertex 0.0000 71.9000 0.0000
      vertex 105.6000 71.9000 0.0000
    endloop
  endfacet
  facet normal 0.000000e+00 0.000000e+00 -1.000000e+00
    outer loop
      vertex 0.0000 70.4000 0.0000
      vertex 105.6000 71.9000 0.0000
      vertex 105.6000 70.4000 0.0000
    endloop
  endfacet
  facet normal 0.000000e+00 0.000000e+00 1.000000e+00
    outer loop
      vertex 0.0000 70.4000 4.0000
      vertex 105.6000 70.4000 4.0000
      vertex 105.6000 71.9000 4.0000
    endloop
  endfacet
  facet normal 0.000000e+00 0.000000e+00 1.000000e+00
    outer loop
      vertex 0.0000 70.4000 4.0000
      vertex 105.6000 71.9000 4.0000
      vertex 0.0000 71.9000 4.0000
    endloop
  endfacet
  facet normal 0.000000e+00 -1.000000e+00 0.000000e+00
    outer loop
      vertex 0.0000 70.4000 0.0000
      vertex 105.6000 70.4000 0.0000
      vertex 105.6000 70.4000 4.0000
    endloop
  endfacet
  facet normal 0.000000e+00 -1.000000e+00 0.000000e+00
    outer loop
      vertex 0.0000 70.4000 0.0000
      vertex 105.6000 70.4000 4.0000
      vertex 0.0000 70.4000 4.0000
    endloop
  endfacet
  facet normal 0.000000e+00 1.000000e+00 0.000000e+00
    outer loop
      vertex 0.0000 71.9000 0.0000
      vertex 0.0000 71.9000 4.0000
      vertex 105.6000 71.9000 4.0000
    endloop
  endfacet
  facet normal 0.000000e+00 1.000000e+00 0.000000e+00
    outer loop
      vertex 0.0000 71.9000 0.0000
      vertex 105.6000 71.9000 4.0000
      vertex 105.6000 71.9000 0.0000
    endloop
  endfacet
  facet normal 1.000000e+00 0.000000e+00 0.000000e+00
    outer loop
      vertex 105.6000 70.4000 0.0000
      vertex 105.6000 71.9000 0.0000
      vertex 105.6000 71.9000 4.0000
    endloop
  endfacet
  facet normal 1.000000e+00 0.000000e+00 0.000000e+00
    outer loop
      vertex 105.6000 70.4000 0.0000
      vertex 105.6000 71.9000 4.0000
      vertex 105.6000 70.4000 4.0000
    endloop
  endfacet
  facet normal -1.000000e+00 0.000000e+00 0.000000e+00
    outer loop
      vertex 0.0000 70.4000 0.0000
      vertex 0.0000 70.4000 4.0000
      vertex 0.0000 71.9000 4.0000
    endloop
  endfacet
  facet normal -1.000000e+00 0.000000e+00 0.000000e+00
    outer loop
      vertex 0.0000 70.4000 0.0000
      vertex 0.0000 71.9000 4.0000
      vertex 0.0000 71.9000 0.0000
    endloop
  endfacet
endsolid tile_77
solid tile_78
  facet normal 0.000000e+00 0.000000e+00 -1.000000e+00
    outer loop
      vertex 136.4000 70.4000 0.0000
      vertex 136.4000 71.9000 0.0000
      vertex 200.0000 71.9000 0.0000
    endloop
  endfacet
  facet normal 0.000000e+00 0.000000e+00 -1.000000e+00
    outer loop
      vertex 136.4000 70.4000 0.0000
      vertex 200.0000 71.9000 0.0000
      vertex 200.0000 70.4000 0.0000
    endloop
  endfacet
  facet normal 0.000000e+00 0.000000e+00 1.000000e+00
    outer loop
      vertex 136.4000 70.4000 4.0000
      vertex 200.0000 70.4000 4.0000
      vertex 200.0000 71.9000 4.0000
    endloop
  endfacet
  facet normal 0.000000e+00 0.000000e+00 1.000000e+00
    outer loop
      vertex 136.4000 70.4000 4.0000
      vertex 200.0000 71.9000 4.0000
      vertex 136.4000 71.9000 4.0000
    endloop
  endfacet
  facet normal 0.000000e+00 -1.000000e+00 0.000000e+00
    outer loop
      vertex 136.4000 70.4000 0.0000
      vertex 200.0000 70.4000 0.0000
      vertex 200.0000 70.4000 4.0000
    endloop
  endfacet
  facet normal 0.000000e+00 -1.000000e+00 0.000000e+00
    outer loop
      vertex 136.4000 70.4000 0.0000
      vertex 200.0000 70.4000 4.0000
      vertex 136.4000 70.4000 4.0000
    endloop
  endfacet
  facet normal 0.000000e+00 1.000000e+00 0.000000e+00
    outer loop
      vertex 136.4000 71.9000 0.0000
      vertex 136.4000 71.9000 4.0000
      vertex 200.0000 71.9000 4.0000
    endloop
  endfacet
  facet normal 0.000000e+00 1.000000e+00 0.000000e+00
    outer loop
      vertex 136.4000 71.9000 0.0000
      vertex 200.0000 71.9000 4.0000
      vertex 200.0000 71.9000 0.0000
    endloop
  endfacet
  facet normal 1.000000e+00 0.000000e+00 0.000000e+00
    outer loop
      vertex 200.0000 70.4000 0.0000
      vertex 200.0000 71.9000 0.0000
      vertex 200.0000 71.9000 4.0000
    endloop
  endfacet
  facet normal 1.000000e+00 0.000000e+00 0.000000e+00
    outer loop
      vertex 200.0000 70.4000 0.0000
      vertex 200.0000 71.9000 4.0000
      vertex 200.0000 70.4000 4.0000
    endloop
  endfacet
  facet normal -1.000000e+00 0.000000e+00 0.000000e+00
    outer loop
      vertex 136.4000 70.4000 0.0000
      vertex 136.4000 70.4000 4.0000
      vertex 136.4000 71.9000 4.0000
    endloop
  endfacet
  facet normal -1.000000e+00 0.000000e+00 0.000000e+00
    outer loop
      vertex 136.4000 70.4000 0.0000
      vertex 136.4000 71.9000 4.0000
      vertex 136.4000 71.9000 0.0000
    endloop
  endfacet
endsolid tile_78
solid tile_79
  facet normal 0.000000e+00 0.000000e+00 -1.000000e+00
    outer loop
      vertex 0.0000 70.7000 0.0000
      vertex 0.0000 75.6000 0.0000
      vertex 105.6000 75.6000 0.0000
    endloop
  endfacet
  facet normal 0.000000e+00 0.000000e+00 -1.000000e+00
    outer loop
      vertex 0.0000 70.7000 0.0000
      vertex 105.6000 75.6000 0.0000
      vertex 105.6000 70.7000 0.0000
    endloop
  endfacet
  facet normal 0.000000e+00 0.000000e+00 1.000000e+00
    outer loop
      vertex 0.0000 70.7000 4.0000
      vertex 105.6000 70.7000 4.0000
      vertex 105.6000 75.6000 4.0000
    endloop
  endfacet
  facet normal 0.000000e+00 0.000000e+00 1.000000e+00
    outer loop
      vertex 0.0000 70.7000 4.0000
      vertex 105.6000 75.6000 4.0000
      vertex 0.0000 75.6000 4.0000
    endloop
  endfacet
  facet normal 0.000000e+00 -1.000000e+00 0.000000e+00
    outer loop
      vertex 0.0000 70.7000 0.0000
      vertex 105.6000 70.7000 0.0000
      vertex 105.6000 70.7000 4.0000
    endloop
  endfacet
  facet normal 0.000000e+00 -1.000000e+00 0.000000e+00
    outer loop
      vertex 0.0000 70.7000 0.0000
      vertex 105.6000 70.7000 4.0000
      vertex 0.0000 70.7000 4.0000
    endloop
  endfacet
  facet normal 0.000000e+00 1.000000e+00 0.000000e+00
    outer loop
      vertex 0.0000 75.6000 0.0000
      vertex 0.0000 75.6000 4.0000
      vertex 105.6000 75.6000 4.0000
    endloop
  endfacet
  facet normal 0.000000e+00 1.000000e+00 0.000000e+00
    outer loop
      vertex 0.0000 75.6000 0.0000
      vertex 105.6000 75.6000 4.0000
      vertex 105.6000 75.6000 0.0000
    endloop
  endfacet
  facet normal 1.000000e+00 0.000000e+00 0.000000e+00
    outer loop
      vertex 105.6000 70.7000 0.0000
      vertex 105.6000 75.6000 0.0000
      vertex 105.6000 75.6000 4.0000
    endloop
  endfacet
  facet normal 1.000000e+00 0.000000e+00 0.000000e+00
    outer loop
      vertex 105.6000 70.7000 0.0000
      vertex 105.6000 75.6000 4.0000
      vertex 105.6000 70.7000 4.0000
    endloop
  endfacet
  facet normal -1.000000e+00 0.000000e+00 0.000000e+00
    outer loop
      vertex 0.0000 70.7000 0.0000
      vertex 0.0000 70.7000 4.0000
      vertex 0.0000 75.6000 4.0000
    endloop
  endfacet
  facet normal -1.000000e+00 0.000000e+00 0.000000e+00
    outer loop
      vertex 0.0000 70.7000 0.0000
      vertex 0.0000 75.6000 4.0000
      vertex 0.0000 75.6000 0.0000
    endloop
  endfacet
endsolid tile_79
solid tile_80
  facet normal 0.000000e+00 0.000000e+00 -1.000000e+00
    outer loop
      vertex 136.4000 70.7000 0.0000
      vertex 136.4000 75.6000 0.0000
      vertex 200.0000 75.6000 0.0000
    endloop
  endfacet
  facet normal 0.000000e+00 0.000000e+00 -1.000000e+00
    outer loop
      vertex 136.4000 70.7000 0.0000
      vertex 200.0000 75.6000 0.0000
      vertex 200.0000 70.7000 0.0000
    endloop
  endfacet
  facet normal 0.000000e+00 0.000000e+00 1.000000e+00
    outer loop
      vertex 136.4000 70.7000 4.0000
      vertex 200.0000 70.7000 4.0000
      vertex 200.0000 75.6000 4.0000
    endloop
  endfacet
  facet normal 0.000000e+00 0.000000e+00 1.000000e+00
    outer loop
      vertex 136.4000 70.7000 4.0000
      vertex 200.0000 75.6000 4.0000
      vertex 136.4000 75.6000 4.0000
    endloop
  endfacet
  facet normal 0.000000e+00 -1.000000e+00 0.000000e+00
    outer loop
      vertex 136.4000 70.7000 0.0000
      vertex 200.0000 70.7000 0.0000
      vertex 200.0000 70.7000 4.0000
    endloop
  endfacet
  facet normal 0.000000e+00 -1.000000e+00 0.000000e+00
    outer loop
      vertex 136.4000 70.7000 0.0000
      vertex 200.0000 70.7000 4.0000
      vertex 136.4000 70.7000 4.0000
    endloop
  endfacet
  facet normal 0.000000e+00 1.000000e+00 0.000000e+00
    outer loop
      vertex 136.4000 75.6000 0.0000
      vertex 136.4000 75.6000 4.0000
      vertex 200.0000 75.6000 4.0000
    endloop
  endfacet
  facet normal 0.000000e+00 1.000000e+00 0.000000e+00
    outer loop
      vertex 136.4000 75.6000 0.0000
      vertex 200.0000 75.6000 4.0000
      vertex 200.0000 75.6000 0.0000
    endloop
  endfacet
  facet normal 1.000000e+00 0.000000e+00 0.000000e+00
    outer loop
      vertex 200.0000 70.7000 0.0000
      vertex 200.0000 75.6000 0.0000
      vertex 200.0000 75.6000 4.0000
    endloop
  endfacet
  facet normal 1.000000e+00 0.000000e+00 0.000000e+00
    outer loop
      vertex 200.0000 70.7000 0.0000
      vertex 200.0000 75.6000 4.0000
      vertex 200.0000 70.7000 4.0000
    endloop
  endfacet
  facet normal -1.000000e+00 0.000000e+00 0.000000e+00
    outer loop
      vertex 136.4000 70.7000 0.0000
      vertex 136.4000 70.7000 4.0000
      vertex 136.4000 75.6000 4.0000
    endloop
  endfacet
  facet normal -1.000000e+00 0.000000e+00 0.000000e+00
    outer loop
      vertex 136.4000 70.7000 0.0000
      vertex 136.4000 75.6000 4.0000
      vertex 136.4000 75.6000 0.0000
    endloop
  endfacet
endsolid tile_80
solid tile_81
  facet normal 0.000000e+00 0.000000e+00 -1.000000e+00
    outer loop
      vertex 0.0000 74.4000 0.0000
      vertex 0.0000 86.3000 0.0000
      vertex 200.0000 86.3000 0.0000
    endloop
  endfacet
  facet normal 0.000000e+00 0.000000e+00 -1.000000e+00
    outer loop
      vertex 0.0000 74.4000 0.0000
      vertex 200.0000 86.3000 0.0000
      vertex 200.0000 74.4000 0.0000
    endloop
  endfacet
  facet normal 0.000000e+00 0.000000e+00 1.000000e+00
    outer loop
      vertex 0.0000 74.4000 4.0000
      vertex 200.0000 74.4000 4.0000
      vertex 200.0000 86.3000 4.0000
    endloop
  endfacet
  facet normal 0.000000e+00 0.000000e+00 1.000000e+00
    outer loop
      vertex 0.0000 74.4000 4.0000
      vertex 200.0000 86.3000 4.0000
      vertex 0.0000 86.3000 4.0000
    endloop
  endfacet
  facet normal 0.000000e+00 -1.000000e+00 0.000000e+00
    outer loop
      vertex 0.0000 74.4000 0.0000
      vertex 200.0000 74.4000 0.0000
      vertex 200.0000 74.4000 4.0000
    endloop
  endfacet
  facet normal 0.000000e+00 -1.000000e+00 0.000000e+00
    outer loop
      vertex 0.0000 74.4000 0.0000
      vertex 200.0000 74.4000 4.0000
      vertex 0.0000 74.4000 4.0000
    endloop
  endfacet
  facet normal 0.000000e+00 1.000000e+00 0.000000e+00
    outer loop
      vertex 0.0000 86.3000 0.0000
      vertex 0.0000 86.3000 4.0000
      vertex 200.0000 86.3000 4.0000
    endloop
  endfacet
  facet normal 0.000000e+00 1.000000e+00 0.000000e+00
    outer loop
      vertex 0.0000 86.3000 0.0000
      vertex 200.0000 86.3000 4.0000
      vertex 200.0000 86.3000 0.0000
    endloop
  endfacet
  facet normal 1.000000e+00 0.000000e+00 0.000000e+00
    outer loop
      vertex 200.0000 74.4000 0.0000
      vertex 200.0000 86.3000 0.0000
      vertex 200.0000 86.3000 4.0000
    endloop
  endfacet
  facet normal 1.000000e+00 0.000000e+00 0.000000e+00
    outer loop
      vertex 200.0000 74.4000 0.0000
      vertex 200.0000 86.3000 4.0000
      vertex 200.0000 74.4000 4.0000
    endloop
  endfacet
  facet normal -1.000000e+00 0.000000e+00 0.000000e+00
    outer loop
      vertex 0.0000 74.4000 0.0000
      vertex 0.0000 74.4000 4.0000
      vertex 0.0000 86.3000 4.0000
    endloop
  endfacet
  facet normal -1.000000e+00 0.000000e+00 0.000000e+00
    outer loop
      vertex 0.0000 74.4000 0.0000
      vertex 0.0000 86.3000 4.0000
      vertex 0.0000 86.3000 0.0000
    endloop
  endfacet
endsolid tile_81
solid tile_82
  facet normal 0.000000e+00 0.000000e+00 -1.000000e+00
    outer loop
      vertex 0.0000 85.1000 0.0000
      vertex 0.0000 86.6000 0.0000
      vertex 200.0000 86.6000 0.0000
    endloop
  endfacet
  facet normal 0.000000e+00 0.000000e+00 -1.000000e+00
    outer loop
      vertex 0.0000 85.1000 0.0000
      vertex 200.0000 86.6000 0.0000
      vertex 200.0000 85.1000 0.0000
    endloop
  endfacet
  facet normal 0.000000e+00 0.000000e+00 1.000000e+00
    outer loop
      vertex 0.0000 85.1000 4.0000
      vertex 200.0000 85.1000 4.0000
      vertex 200.0000 86.6000 4.0000
    endloop
  endfacet
  facet normal 0.000000e+00 0.000000e+00 1.000000e+00
    outer loop
      vertex 0.0000 85.1000 4.0000
      vertex 200.0000 86.6000 4.0000
      vertex 0.0000 86.6000 4.0000
    endloop
  endfacet
  facet normal 0.000000e+00 -1.000000e+00 0.000000e+00
    outer loop
      vertex 0.0000 85.1000 0.0000
      vertex 200.0000 85.1000 0.0000
      vertex 200.0000 85.1000 4.0000
    endloop
  endfacet
  facet normal 0.000000e+00 -1.000000e+00 0.000000e+00
    outer loop
      vertex 0.0000 85.1000 0.0000
      vertex 200.0000 85.1000 4.0000
      vertex 0.0000 85.1000 4.0000
    endloop
  endfacet
  facet normal 0.000000e+00 1.000000e+00 0.000000e+00
    outer loop
      vertex 0.0000 86.6000 0.0000
      vertex 0.0000 86.6000 4.0000
      vertex 200.0000 86.6000 4.0000
    endloop
  endfacet
  facet normal 0.000000e+00 1.000000e+00 0.000000e+00
    outer loop
      vertex 0.0000 86.6000 0.0000
      vertex 200.0000 86.6000 4.0000
      vertex 200.0000 86.6000 0.0000
    endloop
  endfacet
  facet normal 1.000000e+00 0.000000e+00 0.000000e+00
    outer loop
      vertex 200.0000 85.1000 0.0000
      vertex 200.0000 86.6000 0.0000
      vertex 200.0000 86.6000 4.0000
    endloop
  endfacet
  facet normal 1.000000e+00 0.000000e+00 0.000000e+00
    outer loop
      vertex 200.0000 85.1000 0.0000
      vertex 200.0000 86.6000 4.0000
      vertex 200.0000 85.1000 4.0000
    endloop
  endfacet
  facet normal -1.000000e+00 0.000000e+00 0.000000e+00
    outer loop
      vertex 0.0000 85.1000 0.0000
      vertex 0.0000 85.1000 4.0000
      vertex 0.0000 86.6000 4.0000
    endloop
  endfacet
  facet normal -1.000000e+00 0.000000e+00 0.000000e+00
    outer loop
      vertex 0.0000 85.1000 0.0000
      vertex 0.0000 86.6000 4.0000
      vertex 0.0000 86.6000 0.0000
    endloop
  endfacet
endsolid tile_82
solid tile_83
  facet normal 0.000000e+00 0.000000e+00 -1.000000e+00
    outer loop
      vertex 0.0000 85.4000 0.0000
      vertex 0.0000 87.6000 0.0000
      vertex 200.0000 87.6000 0.0000
    endloop
  endfacet
  facet normal 0.000000e+00 0.000000e+00 -1.000000e+00
    outer loop
      vertex 0.0000 85.4000 0.0000
      vertex 200.0000 87.6000 0.0000
      vertex 200.0000 85.4000 0.0000
    endloop
  endfacet
  facet normal 0.000000e+00 0.000000e+00 1.000000e+00
    outer loop
      vertex 0.0000 85.4000 4.0000
      vertex 200.0000 85.4000 4.0000
      vertex 200.0000 87.6000 4.0000
    endloop
  endfacet
  facet normal 0.000000e+00 0.000000e+00 1.000000e+00
    outer loop
      vertex 0.0000 85.4000 4.0000
      vertex 200.0000 87.6000 4.0000
      vertex 0.0000 87.6000 4.0000
    endloop
  endfacet
  facet normal 0.000000e+00 -1.000000e+00 0.000000e+00
    outer loop
      vertex 0.0000 85.4000 0.0000
      vertex 200.0000 85.4000 0.0000
      vertex 200.0000 85.4000 4.0000
    endloop
  endfacet
  facet normal 0.000000e+00 -1.000000e+00 0.000000e+00
    outer loop
      vertex 0.0000 85.4000 0.0000
      vertex 200.0000 85.4000 4.0000
      vertex 0.0000 85.4000 4.0000
    endloop
  endfacet
  facet normal 0.000000e+00 1.000000e+00 0.000000e+00
    outer loop
      vertex 0.0000 87.6000 0.0000
      vertex 0.0000 87.6000 4.0000
      vertex 200.0000 87.6000 4.0000
    endloop
  endfacet
  facet normal 0.000000e+00 1.000000e+00 0.000000e+00
    outer loop
      vertex 0.0000 87.6000 0.0000
      vertex 200.0000 87.6000 4.0000
      vertex 200.0000 87.6000 0.0000
    endloop
  endfacet
  facet normal 1.000000e+00 0.000000e+00 0.000000e+00
    outer loop
      vertex 200.0000 85.4000 0.0000
      vertex 200.0000 87.6000 0.0000
      vertex 200.0000 87.6000 4.0000
    endloop
  endfacet
  facet normal 1.000000e+00 0.000000e+00 0.000000e+00
    outer loop
      vertex 200.0000 85.4000 0.0000
      vertex 200.0000 87.6000 4.0000
      vertex 200.0000 85.4000 4.0000
    endloop
  endfacet
  facet normal -1.000000e+00 0.000000e+00 0.000000e+00
    outer loop
      vertex 0.0000 85.4000 0.0000
      vertex 0.0000 85.4000 4.0000
      vertex 0.0000 87.6000 4.0000
    endloop
  endfacet
  facet normal -1.000000e+00 0.000000e+00 0.000000e+00
    outer loop
      vertex 0.0000 85.4000 0.0000
      vertex 0.0000 87.6000 4.0000
      vertex 0.0000 87.6000 0.0000
    endloop
  endfacet
endsolid tile_83
solid tile_84
  facet normal 0.000000e+00 0.000000e+00 -1.000000e+00
    outer loop
      vertex 0.0000 86.4000 0.0000
      vertex 0.0000 88.6000 0.0000
      vertex 105.6000 88.6000 0.0000
    endloop
  endfacet
  facet normal 0.000000e+00 0.000000e+00 -1.000000e+00
    outer loop
      vertex 0.0000 86.4000 0.0000
      vertex 105.6000 88.6000 0.0000
      vertex 105.6000 86.4000 0.0000
    endloop
  endfacet
  facet normal 0.000000e+00 0.000000e+00 1.000000e+00
    outer loop
      vertex 0.0000 86.4000 4.0000
      vertex 105.6000 86.4000 4.0000
      vertex 105.6000 88.6000 4.0000
    endloop
  endfacet
  facet normal 0.000000e+00 0.000000e+00 1.000000e+00
    outer loop
      vertex 0.0000 86.4000 4.0000
      vertex 105.6000 88.6000 4.0000
      vertex 0.0000 88.6000 4.0000
    endloop
  endfacet
  facet normal 0.000000e+00 -1.000000e+00 0.000000e+00
    outer loop
      vertex 0.0000 86.4000 0.0000
      vertex 105.6000 86.4000 0.0000
      vertex 105.6000 86.4000 4.0000
    endloop
  endfacet
  facet normal 0.000000e+00 -1.000000e+00 0.000000e+00
    outer loop
      vertex 0.0000 86.4000 0.0000
      vertex 105.6000 86.4000 4.0000
      vertex 0.0000 86.4000 4.0000
    endloop
  endfacet
  facet normal 0.000000e+00 1.000000e+00 0.000000e+00
    outer loop
      vertex 0.0000 88.6000 0.0000
      vertex 0.0000 88.6000 4.0000
      vertex 105.6000 88.6000 4.0000
    endloop
  endfacet
  facet normal 0.000000e+00 1.000000e+00 0.000000e+00
    outer loop
      vertex 0.0000 88.6000 0.0000
      vertex 105.6000 88.6000 4.0000
      vertex 105.6000 88.6000 0.0000
    endloop
  endfacet
  facet normal 1.000000e+00 0.000000e+00 0.000000e+00
    outer loop
      vertex 105.6000 86.4000 0.0000
      vertex 105.6000 88.6000 0.0000
      vertex 105.6000 88.6000 4.0000
    endloop
  endfacet
  facet normal 1.000000e+00 0.000000e+00 0.000000e+00
    outer loop
      vertex 105.6000 86.4000 0.0000
      vertex 105.6000 88.6000 4.0000
      vertex 105.6000 86.4000 4.0000
    endloop
  endfacet
  facet normal -1.000000e+00 0.000000e+00 0.000000e+00
    outer loop
      vertex 0.0000 86.4000 0.0000
      vertex 0.0000 86.4000 4.0000
      vertex 0.0000 88.6000 4.0000
    endloop
  endfacet
  facet normal -1.000000e+00 0.000000e+00 0.000000e+00
    outer loop
      vertex 0.0000 86.4000 0.0000
      vertex 0.0000 88.6000 4.0000
      vertex 0.0000 88.6000 0.0000
    endloop
  endfacet
endsolid tile_84
solid tile_85
  facet normal 0.000000e+00 0.000000e+00 -1.000000e+00
    outer loop
      vertex 149.4000 86.4000 0.0000
      vertex 149.4000 88.6000 0.0000
      vertex 200.0000 88.6000 0.0000
    endloop
  endfacet
  facet normal 0.000000e+00 0.000000e+00 -1.000000e+00
    outer loop
      vertex 149.4000 86.4000 0.0000
      vertex 200.0000 88.6000 0.0000
      vertex 200.0000 86.4000 0.0000
    endloop
  endfacet
  facet normal 0.000000e+00 0.000000e+00 1.000000e+00
    outer loop
      vertex 149.4000 86.4000 4.0000
      vertex 200.0000 86.4000 4.0000
      vertex 200.0000 88.6000 4.0000
    endloop
  endfacet
  facet normal 0.000000e+00 0.000000e+00 1.000000e+00
    outer loop
      vertex 149.4000 86.4000 4.0000
      vertex 200.0000 88.6000 4.0000
      vertex 149.4000 88.6000 4.0000
    endloop
  endfacet
  facet normal 0.000000e+00 -1.000000e+00 0.000000e+00
    outer loop
      vertex 149.4000 86.4000 0.0000
      vertex 200.0000 86.4000 0.0000
      vertex 200.0000 86.4000 4.0000
    endloop
  endfacet
  facet normal 0.000000e+00 -1.000000e+00 0.000000e+00
    outer loop
      vertex 149.4000 86.4000 0.0000
      vertex 200.0000 86.4000 4.0000
      vertex 149.4000 86.4000 4.0000
    endloop
  endfacet
  facet normal 0.000000e+00 1.000000e+00 0.000000e+00
    outer loop
      vertex 149.4000 88.6000 0.0000
      vertex 149.4000 88.6000 4.0000
      vertex 200.0000 88.6000 4.0000
    endloop
  endfacet
  facet normal 0.000000e+00 1.000000e+00 0.000000e+00
    outer loop
      vertex 149.4000 88.6000 0.0000
      vertex 200.0000 88.6000 4.0000
      vertex 200.0000 88.6000 0.0000
    endloop
  endfacet
  facet normal 1.000000e+00 0.000000e+00 0.000000e+00
    outer loop
      vertex 200.0000 86.4000 0.0000
      vertex 200.0000 88.6000 0.0000
      vertex 200.0000 88.6000 4.0000
    endloop
  endfacet
  facet normal 1.000000e+00 0.000000e+00 0.000000e+00
    outer loop
      vertex 200.0000 86.4000 0.0000
      vertex 200.0000 88.6000 4.0000
      vertex 200.0000 86.4000 4.0000
    endloop
  endfacet
  facet normal -1.000000e+00 0.000000e+00 0.000000e+00
    outer loop
      vertex 149.4000 86.4000 0.0000
      vertex 149.4000 86.4000 4.0000
      vertex 149.4000 88.6000 4.0000
    endloop
  endfacet
  facet normal -1.000000e+00 0.000000e+00 0.000000e+00
    outer loop
      vertex 149.4000 86.4000 0.0000
      vertex 149.4000 88.6000 4.0000
      vertex 149.4000 88.6000 0.0000
    endloop
  endfacet
endsolid tile_85
solid tile_86
  facet normal 0.000000e+00 0.000000e+00 -1.000000e+00
    outer loop
      vertex 0.0000 87.4000 0.0000
      vertex 0.0000 90.6000 0.0000
      vertex 105.6000 90.6000 0.0000
    endloop
  endfacet
  facet normal 0.000000e+00 0.000000e+00 -1.000000e+00
    outer loop
      vertex 0.0000 87.4000 0.0000
      vertex 105.6000 90.6000 0.0000
      vertex 105.6000 87.4000 0.0000
    endloop
  endfacet
  facet normal 0.000000e+00 0.000000e+00 1.000000e+00
    outer loop
      vertex 0.0000 87.4000 4.0000
      vertex 105.6000 87.4000 4.0000
      vertex 105.6000 90.6000 4.0000
    endloop
  endfacet
  facet normal 0.000000e+00 0.000000e+00 1.000000e+00
    outer loop
      vertex 0.0000 87.4000 4.0000
      vertex 105.6000 90.6000 4.0000
      vertex 0.0000 90.6000 4.0000
    endloop
  endfacet
  facet normal 0.000000e+00 -1.000000e+00 0.000000e+00
    outer loop
      vertex 0.0000 87.4000 0.0000
      vertex 105.6000 87.4000 0.0000
      vertex 105.6000 87.4000 4.0000
    endloop
  endfacet
  facet normal 0.000000e+00 -1.000000e+00 0.000000e+00
    outer loop
      vertex 0.0000 87.4000 0.0000
      vertex 105.6000 87.4000 4.0000
      vertex 0.0000 87.4000 4.0000
    endloop
  endfacet
  facet normal 0.000000e+00 1.000000e+00 0.000000e+00
    outer loop
      vertex 0.0000 90.6000 0.0000
      vertex 0.0000 90.6000 4.0000
      vertex 105.6000 90.6000 4.0000
    endloop
  endfacet
  facet normal 0.000000e+00 1.000000e+00 0.000000e+00
    outer loop
      vertex 0.0000 90.6000 0.0000
      vertex 105.6000 90.6000 4.0000
      vertex 105.6000 90.6000 0.0000
    endloop
  endfacet
  facet normal 1.000000e+00 0.000000e+00 0.000000e+00
    outer loop
      vertex 105.6000 87.4000 0.0000
      vertex 105.6000 90.6000 0.0000
      vertex 105.6000 90.6000 4.0000
    endloop
  endfacet
  facet normal 1.000000e+00 0.000000e+00 0.000000e+00
    outer loop
      vertex 105.6000 87.4000 0.0000
      vertex 105.6000 90.6000 4.0000
      vertex 105.6000 87.4000 4.0000
    endloop
  endfacet
  facet normal -1.000000e+00 0.000000e+00 0.000000e+00
    outer loop
      vertex 0.0000 87.4000 0.0000
      vertex 0.0000 87.4000 4.0000
      vertex 0.0000 90.6000 4.0000
    endloop
  endfacet
  facet normal -1.000000e+00 0.000000e+00 0.000000e+00
    outer loop
      vertex 0.0000 87.4000 0.0000
      vertex 0.0000 90.6000 4.0000
      vertex 0.0000 90.6000 0.0000
    endloop
  endfacet
endsolid tile_86
solid tile_87
  facet normal 0.000000e+00 0.000000e+00 -1.000000e+00
    outer loop
      vertex 149.4000 87.4000 0.0000
      vertex 149.4000 90.6000 0.0000
      vertex 200.0000 90.6000 0.0000
    endloop
  endfacet
  facet normal 0.000000e+00 0.000000e+00 -1.000000e+00
    outer loop
      vertex 149.4000 87.4000 0.0000
      vertex 200.0000 90.6000 0.0000
      vertex 200.0000 87.4000 0.0000
    endloop
  endfacet
  facet normal 0.000000e+00 0.000000e+00 1.000000e+00
    outer loop
      vertex 149.4000 87.4000 4.0000
      vertex 200.0000 87.4000 4.0000
      vertex 200.0000 90.6000 4.0000
    endloop
  endfacet
  facet normal 0.000000e+00 0.000000e+00 1.000000e+00
    outer loop
      vertex 149.4000 87.4000 4.0000
      vertex 200.0000 90.6000 4.0000
      vertex 149.4000 90.6000 4.0000
    endloop
  endfacet
  facet normal 0.000000e+00 -1.000000e+00 0.000000e+00
    outer loop
      vertex 149.4000 87.4000 0.0000
      vertex 200.0000 87.4000 0.0000
      vertex 200.0000 87.4000 4.0000
    endloop
  endfacet
  facet normal 0.000000e+00 -1.000000e+00 0.000000e+00
    outer loop
      vertex 149.4000 87.4000 0.0000
      vertex 200.0000 87.4000 4.0000
      vertex 149.4000 87.4000 4.0000
    endloop
  endfacet
  facet normal 0.000000e+00 1.000000e+00 0.000000e+00
    outer loop
      vertex 149.4000 90.6000 0.0000
      vertex 149.4000 90.6000 4.0000
      vertex 200.0000 90.6000 4.0000
    endloop
  endfacet
  facet normal 0.000000e+00 1.000000e+00 0.000000e+00
    outer loop
      vertex 149.4000 90.6000 0.0000
      vertex 200.0000 90.6000 4.0000
      vertex 200.0000 90.6000 0.0000
    endloop
  endfacet
  facet normal 1.000000e+00 0.000000e+00 0.000000e+00
    outer loop
      vertex 200.0000 87.4000 0.0000
      vertex 200.0000 90.6000 0.0000
      vertex 200.0000 90.6000 4.0000
    endloop
  endfacet
  facet normal 1.000000e+00 0.000000e+00 0.000000e+00
    outer loop
      vertex 200.0000 87.4000 0.0000
      vertex 200.0000 90.6000 4.0000
      vertex 200.0000 87.4000 4.0000
    endloop
  endfacet
  facet normal -1.000000e+00 0.000000e+00 0.000000e+00
    outer loop
      vertex 149.4000 87.4000 0.0000
      vertex 149.4000 87.4000 4.0000
      vertex 149.4000 90.6000 4.0000
    endloop
  endfacet
  facet normal -1.000000e+00 0.000000e+00 0.000000e+00
    outer loop
      vertex 149.4000 87.4000 0.0000
      vertex 149.4000 90.6000 4.0000
      vertex 149.4000 90.6000 0.0000
    endloop
  endfacet
endsolid tile_87
solid tile_88
  facet normal 0.000000e+00 0.000000e+00 -1.000000e+00
    outer loop
      vertex 0.0000 89.4000 0.0000
      vertex 0.0000 92.6000 0.0000
      vertex 105.6000 92.6000 0.0000
    endloop
  endfacet
  facet normal 0.000000e+00 0.000000e+00 -1.000000e+00
    outer loop
      vertex 0.0000 89.4000 0.0000
      vertex 105.6000 92.6000 0.0000
      vertex 105.6000 89.4000 0.0000
    endloop
  endfacet
  facet normal 0.000000e+00 0.000000e+00 1.000000e+00
    outer loop
      vertex 0.0000 89.4000 4.0000
      vertex 105.6000 89.4000 4.0000
      vertex 105.6000 92.6000 4.0000
    endloop
  endfacet
  facet normal 0.000000e+00 0.000000e+00 1.000000e+00
    outer loop
      vertex 0.0000 89.4000 4.0000
      vertex 105.6000 92.6000 4.0000
      vertex 0.0000 92.6000 4.0000
    endloop
  endfacet
  facet normal 0.000000e+00 -1.000000e+00 0.000000e+00
    outer loop
      vertex 0.0000 89.4000 0.0000
      vertex 105.6000 89.4000 0.0000
      vertex 105.6000 89.4000 4.0000
    endloop
  endfacet
  facet normal 0.000000e+00 -1.000000e+00 0.000000e+00
    outer loop
      vertex 0.0000 89.4000 0.0000
      vertex 105.6000 89.4000 4.0000
      vertex 0.0000 89.4000 4.0000
    endloop
  endfacet
  facet normal 0.000000e+00 1.000000e+00 0.000000e+00
    outer loop
      vertex 0.0000 92.6000 0.0000
      vertex 0.0000 92.6000 4.0000
      vertex 105.6000 92.6000 4.0000
    endloop
  endfacet
  facet normal 0.000000e+00 1.000000e+00 0.000000e+00
    outer loop
      vertex 0.0000 92.6000 0.0000
      vertex 105.6000 92.6000 4.0000
      vertex 105.6000 92.6000 0.0000
    endloop
  endfacet
  facet normal 1.000000e+00 0.000000e+00 0.000000e+00
    outer loop
      vertex 105.6000 89.4000 0.0000
      vertex 105.6000 92.6000 0.0000
      vertex 105.6000 92.6000 4.0000
    endloop
  endfacet
  facet normal 1.000000e+00 0.000000e+00 0.000000e+00
    outer loop
      vertex 105.6000 89.4000 0.0000
      vertex 105.6000 92.6000 4.0000
      vertex 105.6000 89.4000 4.0000
    endloop
  endfacet
  facet normal -1.000000e+00 0.000000e+00 0.000000e+00
    outer loop
      vertex 0.0000 89.4000 0.0000
      vertex 0.0000 89.4000 4.0000
      vertex 0.0000 92.6000 4.0000
    endloop
  endfacet
  facet normal -1.000000e+00 0.000000e+00 0.000000e+00
    outer loop
      vertex 0.0000 89.4000 0.0000
      vertex 0.0000 92.6000 4.0000
      vertex 0.0000 92.6000 0.0000
    endloop
  endfacet
endsolid tile_88
solid tile_89
  facet normal 0.000000e+00 0.000000e+00 -1.000000e+00
    outer loop
      vertex 149.4000 89.4000 0.0000
      vertex 149.4000 92.6000 0.0000
      vertex 200.0000 92.6000 0.0000
    endloop
  endfacet
  facet normal 0.000000e+00 0.000000e+00 -1.000000e+00
    outer loop
      vertex 149.4000 89.4000 0.0000
      vertex 200.0000 92.6000 0.0000
      vertex 200.0000 89.4000 0.0000
    endloop
  endfacet
  facet normal 0.000000e+00 0.000000e+00 1.000000e+00
    outer loop
      vertex 149.4000 89.4000 4.0000
      vertex 200.0000 89.4000 4.0000
      vertex 200.0000 92.6000 4.0000
    endloop
  endfacet
  facet normal 0.000000e+00 0.000000e+00 1.000000e+00
    outer loop
      vertex 149.4000 89.4000 4.0000
      vertex 200.0000 92.6000 4.0000
      vertex 149.4000 92.6000 4.0000
    endloop
  endfacet
  facet normal 0.000000e+00 -1.000000e+00 0.000000e+00
    outer loop
      vertex 149.4000 89.4000 0.0000
      vertex 200.0000 89.4000 0.0000
      vertex 200.0000 89.4000 4.0000
    endloop
  endfacet
  facet normal 0.000000e+00 -1.000000e+00 0.000000e+00
    outer loop
      vertex 149.4000 89.4000 0.0000
      vertex 200.0000 89.4000 4.0000
      vertex 149.4000 89.4000 4.0000
    endloop
  endfacet
  facet normal 0.000000e+00 1.000000e+00 0.000000e+00
    outer loop
      vertex 149.4000 92.6000 0.0000
      vertex 149.4000 92.6000 4.0000
      vertex 200.0000 92.6000 4.0000
    endloop
  endfacet
  facet normal 0.000000e+00 1.000000e+00 0.000000e+00
    outer loop
      vertex 149.4000 92.6000 0.0000
      vertex 200.0000 92.6000 4.0000
      vertex 200.0000 92.6000 0.0000
    endloop
  endfacet
  facet normal 1.000000e+00 0.000000e+00 0.000000e+00
    outer loop
      vertex 200.0000 89.4000 0.0000
      vertex 200.0000 92.6000 0.0000
      vertex 200.0000 92.6000 4.0000
    endloop
  endfacet
  facet normal 1.000000e+00 0.000000e+00 0.000000e+00
    outer loop
      vertex 200.0000 89.4000 0.0000
      vertex 200.0000 92.6000 4.0000
      vertex 200.0000 89.4000 4.0000
    endloop
  endfacet
  facet normal -1.000000e+00 0.000000e+00 0.000000e+00
    outer loop
      vertex 149.4000 89.4000 0.0000
      vertex 149.4000 89.4000 4.0000
      vertex 149.4000 92.6000 4.0000
    endloop
  endfacet
  facet normal -1.000000e+00 0.000000e+00 0.000000e+00
    outer loop
      vertex 149.4000 89.4000 0.0000
      vertex 149.4000 92.6000 4.0000
      vertex 149.4000 92.6000 0.0000
    endloop
  endfacet
endsolid tile_89
solid tile_90
  facet normal 0.000000e+00 0.000000e+00 -1.000000e+00
    outer loop
      vertex 0.0000 91.4000 0.0000
      vertex 0.0000 94.6000 0.0000
      vertex 34.5150 94.6000 0.0000
    endloop
  endfacet
  facet normal 0.000000e+00 0.000000e+00 -1.000000e+00
    outer loop
      vertex 0.0000 91.4000 0.0000
      vertex 34.5150 94.6000 0.0000
      vertex 34.5150 91.4000 0.0000
    endloop
  endfacet
  facet normal 0.000000e+00 0.000000e+00 1.000000e+00
    outer loop
      vertex 0.0000 91.4000 4.0000
      vertex 34.5150 91.4000 4.0000
      vertex 34.5150 94.6000 4.0000
    endloop
  endfacet
  facet normal 0.000000e+00 0.000000e+00 1.000000e+00
    outer loop
      vertex 0.0000 91.4000 4.0000
      vertex 34.5150 94.6000 4.0000
      vertex 0.0000 94.6000 4.0000
    endloop
  endfacet
  facet normal 0.000000e+00 -1.000000e+00 0.000000e+00
    outer loop
      vertex 0.0000 91.4000 0.0000
      vertex 34.5150 91.4000 0.0000
      vertex 34.5150 91.4000 4.0000
    endloop
  endfacet
  facet normal 0.000000e+00 -1.000000e+00 0.000000e+00
    outer loop
      vertex 0.0000 91.4000 0.0000
      vertex 34.5150 91.4000 4.0000
      vertex 0.0000 91.4000 4.0000
    endloop
  endfacet
  facet normal 0.000000e+00 1.000000e+00 0.000000e+00
    outer loop
      vertex 0.0000 94.6000 0.0000
      vertex 0.0000 94.6000 4.0000
      vertex 34.5150 94.6000 4.0000
    endloop
  endfacet
  facet normal 0.000000e+00 1.000000e+00 0.000000e+00
    outer loop
      vertex 0.0000 94.6000 0.0000
      vertex 34.5150 94.6000 4.0000
      vertex 34.5150 94.6000 0.0000
    endloop
  endfacet
  facet normal 1.000000e+00 0.000000e+00 0.000000e+00
    outer loop
      vertex 34.5150 91.4000 0.0000
      vertex 34.5150 94.6000 0.0000
      vertex 34.5150 94.6000 4.0000
    endloop
  endfacet
  facet normal 1.000000e+00 0.000000e+00 0.000000e+00
    outer loop
      vertex 34.5150 91.4000 0.0000
      vertex 34.5150 94.6000 4.0000
      vertex 34.5150 91.4000 4.0000
    endloop
  endfacet
  facet normal -1.000000e+00 0.000000e+00 0.000000e+00
    outer loop
      vertex 0.0000 91.4000 0.0000
      vertex 0.0000 91.4000 4.0000
      vertex 0.0000 94.6000 4.0000
    endloop
  endfacet
  facet normal -1.000000e+00 0.000000e+00 0.000000e+00
    outer loop
      vertex 0.0000 91.4000 0.0000
      vertex 0.0000 94.6000 4.0000
      vertex 0.0000 94.6000 0.0000
    endloop
  endfacet
endsolid tile_90
solid tile_91
  facet normal 0.000000e+00 0.000000e+00 -1.000000e+00
    outer loop
      vertex 45.4850 91.4000 0.0000
      vertex 45.4850 94.6000 0.0000
      vertex 69.5150 94.6000 0.0000
    endloop
  endfacet
  facet normal 0.000000e+00 0.000000e+00 -1.000000e+00
    outer loop
      vertex 45.4850 91.4000 0.0000
      vertex 69.5150 94.6000 0.0000
      vertex 69.5150 91.4000 0.0000
    endloop
  endfacet
  facet normal 0.000000e+00 0.000000e+00 1.000000e+00
    outer loop
      vertex 45.4850 91.4000 4.0000
      vertex 69.5150 91.4000 4.0000
      vertex 69.5150 94.6000 4.0000
    endloop
  endfacet
  facet normal 0.000000e+00 0.000000e+00 1.000000e+00
    outer loop
      vertex 45.4850 91.4000 4.0000
      vertex 69.5150 94.6000 4.0000
      vertex 45.4850 94.6000 4.0000
    endloop
  endfacet
  facet normal 0.000000e+00 -1.000000e+00 0.000000e+00
    outer loop
      vertex 45.4850 91.4000 0.0000
      vertex 69.5150 91.4000 0.0000
      vertex 69.5150 91.4000 4.0000
    endloop
  endfacet
  facet normal 0.000000e+00 -1.000000e+00 0.000000e+00
    outer loop
      vertex 45.4850 91.4000 0.0000
      vertex 69.5150 91.4000 4.0000
      vertex 45.4850 91.4000 4.0000
    endloop
  endfacet
  facet normal 0.000000e+00 1.000000e+00 0.000000e+00
    outer loop
      vertex 45.4850 94.6000 0.0000
      vertex 45.4850 94.6000 4.0000
      vertex 69.5150 94.6000 4.0000
    endloop
  endfacet
  facet normal 0.000000e+00 1.000000e+00 0.000000e+00
    outer loop
      vertex 45.4850 94.6000 0.0000
      vertex 69.5150 94.6000 4.0000
      vertex 69.5150 94.6000 0.0000
    endloop
  endfacet
  facet normal 1.000000e+00 0.000000e+00 0.000000e+00
    outer loop
      vertex 69.5150 91.4000 0.0000
      vertex 69.5150 94.6000 0.0000
      vertex 69.5150 94.6000 4.0000
    endloop
  endfacet
  facet normal 1.000000e+00 0.000000e+00 0.000000e+00
    outer loop
      vertex 69.5150 91.4000 0.0000
      vertex 69.5150 94.6000 4.0000
      vertex 69.5150 91.4000 4.0000
    endloop
  endfacet
  facet normal -1.000000e+00 0.000000e+00 0.000000e+00
    outer loop
      vertex 45.4850 91.4000 0.0000
      vertex 45.4850 91.4000 4.0000
      vertex 45.4850 94.6000 4.0000
    endloop
  endfacet
  facet normal -1.000000e+00 0.000000e+00 0.000000e+00
    outer loop
      vertex 45.4850 91.4000 0.0000
      vertex 45.4850 94.6000 4.0000
      vertex 45.4850 94.6000 0.0000
    endloop
  endfacet
endsolid tile_91
solid tile_92
  facet normal 0.000000e+00 0.000000e+00 -1.000000e+00
    outer loop
      vertex 80.4850 91.4000 0.0000
      vertex 80.4850 94.6000 0.0000
      vertex 105.6000 94.6000 0.0000
    endloop
  endfacet
  facet normal 0.000000e+00 0.000000e+00 -1.000000e+00
    outer loop
      vertex 80.4850 91.4000 0.0000
      vertex 105.6000 94.6000 0.0000
      vertex 105.6000 91.4000 0.0000
    endloop
  endfacet
  facet normal 0.000000e+00 0.000000e+00 1.000000e+00
    outer loop
      vertex 80.4850 91.4000 4.0000
      vertex 105.6000 91.4000 4.0000
      vertex 105.6000 94.6000 4.0000
    endloop
  endfacet
  facet normal 0.000000e+00 0.000000e+00 1.000000e+00
    outer loop
      vertex 80.4850 91.4000 4.0000
      vertex 105.6000 94.6000 4.0000
      vertex 80.4850 94.6000 4.0000
    endloop
  endfacet
  facet normal 0.000000e+00 -1.000000e+00 0.000000e+00
    outer loop
      vertex 80.4850 91.4000 0.0000
      vertex 105.6000 91.4000 0.0000
      vertex 105.6000 91.4000 4.0000
    endloop
  endfacet
  facet normal 0.000000e+00 -1.000000e+00 0.000000e+00
    outer loop
      vertex 80.4850 91.4000 0.0000
      vertex 105.6000 91.4000 4.0000
      vertex 80.4850 91.4000 4.0000
    endloop
  endfacet
  facet normal 0.000000e+00 1.000000e+00 0.000000e+00
    outer loop
      vertex 80.4850 94.6000 0.0000
      vertex 80.4850 94.6000 4.0000
      vertex 105.6000 94.6000 4.0000
    endloop
  endfacet
  facet normal 0.000000e+00 1.000000e+00 0.000000e+00
    outer loop
      vertex 80.4850 94.6000 0.0000
      vertex 105.6000 94.6000 4.0000
      vertex 105.6000 94.6000 0.0000
    endloop
  endfacet
  facet normal 1.000000e+00 0.000000e+00 0.000000e+00
    outer loop
      vertex 105.6000 91.4000 0.0000
      vertex 105.6000 94.6000 0.0000
      vertex 105.6000 94.6000 4.0000
    endloop
  endfacet
  facet normal 1.000000e+00 0.000000e+00 0.000000e+00
    outer loop
      vertex 105.6000 91.4000 0.0000
      vertex 105.6000 94.6000 4.0000
      vertex 105.6000 91.4000 4.0000
    endloop
  endfacet
  facet normal -1.000000e+00 0.000000e+00 0.000000e+00
    outer loop
      vertex 80.4850 91.4000 0.0000
      vertex 80.4850 91.4000 4.0000
      vertex 80.4850 94.6000 4.0000
    endloop
  endfacet
  facet normal -1.000000e+00 0.000000e+00 0.000000e+00
    outer loop
      vertex 80.4850 91.4000 0.0000
      vertex 80.4850 94.6000 4.0000
      vertex 80.4850 94.6000 0.0000
    endloop
  endfacet
endsolid tile_92
solid tile_93
  facet normal 0.000000e+00 0.000000e+00 -1.000000e+00
    outer loop
      vertex 149.4000 91.4000 0.0000
      vertex 149.4000 94.6000 0.0000
      vertex 200.0000 94.6000 0.0000
    endloop
  endfacet
  facet normal 0.000000e+00 0.000000e+00 -1.000000e+00
    outer loop
      vertex 149.4000 91.4000 0.0000
      vertex 200.0000 94.6000 0.0000
      vertex 200.0000 91.4000 0.0000
    endloop
  endfacet
  facet normal 0.000000e+00 0.000000e+00 1.000000e+00
    outer loop
      vertex 149.4000 91.4000 4.0000
      vertex 200.0000 91.4000 4.0000
      vertex 200.0000 94.6000 4.0000
    endloop
  endfacet
  facet normal 0.000000e+00 0.000000e+00 1.000000e+00
    outer loop
      vertex 149.4000 91.4000 4.0000
      vertex 200.0000 94.6000 4.0000
      vertex 149.4000 94.6000 4.0000
    endloop
  endfacet
  facet normal 0.000000e+00 -1.000000e+00 0.000000e+00
    outer loop
      vertex 149.4000 91.4000 0.0000
      vertex 200.0000 91.4000 0.0000
      vertex 200.0000 91.4000 4.0000
    endloop
  endfacet
  facet normal 0.000000e+00 -1.000000e+00 0.000000e+00
    outer loop
      vertex 149.4000 91.4000 0.0000
      vertex 200.0000 91.4000 4.0000
      vertex 149.4000 91.4000 4.0000
    endloop
  endfacet
  facet normal 0.000000e+00 1.000000e+00 0.000000e+00
    outer loop
      vertex 149.4000 94.6000 0.0000
      vertex 149.4000 94.6000 4.0000
      vertex 200.0000 94.6000 4.0000
    endloop
  endfacet
  facet normal 0.000000e+00 1.000000e+00 0.000000e+00
    outer loop
      vertex 149.4000 94.6000 0.0000
      vertex 200.0000 94.6000 4.0000
      vertex 200.0000 94.6000 0.0000
    endloop
  endfacet
  facet normal 1.000000e+00 0.000000e+00 0.000000e+00
    outer loop
      vertex 200.0000 91.4000 0.0000
      vertex 200.0000 94.6000 0.0000
      vertex 200.0000 94.6000 4.0000
    endloop
  endfacet
  facet normal 1.000000e+00 0.000000e+00 0.000000e+00
    outer loop
      vertex 200.0000 91.4000 0.0000
      vertex 200.0000 94.6000 4.0000
      vertex 200.0000 91.4000 4.0000
    endloop
  endfacet
  facet normal -1.000000e+00 0.000000e+00 0.000000e+00
    outer loop
      vertex 149.4000 91.4000 0.0000
      vertex 149.4000 91.4000 4.0000
      vertex 149.4000 94.6000 4.0000
    endloop
  endfacet
  facet normal -1.000000e+00 0.000000e+00 0.000000e+00
    outer loop
      vertex 149.4000 91.4000 0.0000
      vertex 149.4000 94.6000 4.0000
      vertex 149.4000 94.6000 0.0000
    endloop
  endfacet
endsolid tile_93
solid tile_94
  facet normal 0.000000e+00 0.000000e+00 -1.000000e+00
    outer loop
      vertex 0.0000 93.4000 0.0000
      vertex 0.0000 96.6000 0.0000
      vertex 32.9774 96.6000 0.0000
    endloop
  endfacet
  facet normal 0.000000e+00 0.000000e+00 -1.000000e+00
    outer loop
      vertex 0.0000 93.4000 0.0000
      vertex 32.9774 96.6000 0.0000
      vertex 32.9774 93.4000 0.0000
    endloop
  endfacet
  facet normal 0.000000e+00 0.000000e+00 1.000000e+00
    outer loop
      vertex 0.0000 93.4000 4.0000
      vertex 32.9774 93.4000 4.0000
      vertex 32.9774 96.6000 4.0000
    endloop
  endfacet
  facet normal 0.000000e+00 0.000000e+00 1.000000e+00
    outer loop
      vertex 0.0000 93.4000 4.0000
      vertex 32.9774 96.6000 4.0000
      vertex 0.0000 96.6000 4.0000
    endloop
  endfacet
  facet normal 0.000000e+00 -1.000000e+00 0.000000e+00
    outer loop
      vertex 0.0000 93.4000 0.0000
      vertex 32.9774 93.4000 0.0000
      vertex 32.9774 93.4000 4.0000
    endloop
  endfacet
  facet normal 0.000000e+00 -1.000000e+00 0.000000e+00
    outer loop
      vertex 0.0000 93.4000 0.0000
      vertex 32.9774 93.4000 4.0000
      vertex 0.0000 93.4000 4.0000
    endloop
  endfacet
  facet normal 0.000000e+00 1.000000e+00 0.000000e+00
    outer loop
      vertex 0.0000 96.6000 0.0000
      vertex 0.0000 96.6000 4.0000
      vertex 32.9774 96.6000 4.0000
    endloop
  endfacet
  facet normal 0.000000e+00 1.000000e+00 0.000000e+00
    outer loop
      vertex 0.0000 96.6000 0.0000
      vertex 32.9774 96.6000 4.0000
      vertex 32.9774 96.6000 0.0000
    endloop
  endfacet
  facet normal 1.000000e+00 0.000000e+00 0.000000e+00
    outer loop
      vertex 32.9774 93.4000 0.0000
      vertex 32.9774 96.6000 0.0000
      vertex 32.9774 96.6000 4.0000
    endloop
  endfacet
  facet normal 1.000000e+00 0.000000e+00 0.000000e+00
    outer loop
      vertex 32.9774 93.4000 0.0000
      vertex 32.9774 96.6000 4.0000
      vertex 32.9774 93.4000 4.0000
    endloop
  endfacet
  facet normal -1.000000e+00 0.000000e+00 0.000000e+00
    outer loop
      vertex 0.0000 93.4000 0.0000
      vertex 0.0000 93.4000 4.0000
      vertex 0.0000 96.6000 4.0000
    endloop
  endfacet
  facet normal -1.000000e+00 0.000000e+00 0.000000e+00
    outer loop
      vertex 0.0000 93.4000 0.0000
      vertex 0.0000 96.6000 4.0000
      vertex 0.0000 96.6000 0.0000
    endloop
  endfacet
endsolid tile_94
solid tile_95
  facet normal 0.000000e+00 0.000000e+00 -1.000000e+00
    outer loop
      vertex 47.0226 93.4000 0.0000
      vertex 47.0226 96.6000 0.0000
      vertex 67.9774 96.6000 0.0000
    endloop
  endfacet
  facet normal 0.000000e+00 0.000000e+00 -1.000000e+00
    outer loop
      vertex 47.0226 93.4000 0.0000
      vertex 67.9774 96.6000 0.0000
      vertex 67.9774 93.4000 0.0000
    endloop
  endfacet
  facet normal 0.000000e+00 0.000000e+00 1.000000e+00
    outer loop
      vertex 47.0226 93.4000 4.0000
      vertex 67.9774 93.4000 4.0000
      vertex 67.9774 96.6000 4.0000
    endloop
  endfacet
  facet normal 0.000000e+00 0.000000e+00 1.000000e+00
    outer loop
      vertex 47.0226 93.4000 4.0000
      vertex 67.9774 96.6000 4.0000
      vertex 47.0226 96.6000 4.0000
    endloop
  endfacet
  facet normal 0.000000e+00 -1.000000e+00 0.000000e+00
    outer loop
      vertex 47.0226 93.4000 0.0000
      vertex 67.9774 93.4000 0.0000
      vertex 67.9774 93.4000 4.0000
    endloop
  endfacet
  facet normal 0.000000e+00 -1.000000e+00 0.000000e+00
    outer loop
      vertex 47.0226 93.4000 0.0000
      vertex 67.9774 93.4000 4.0000
      vertex 47.0226 93.4000 4.0000
    endloop
  endfacet
  facet normal 0.000000e+00 1.000000e+00 0.000000e+00
    outer loop
      vertex 47.0226 96.6000 0.0000
      vertex 47.0226 96.6000 4.0000
      vertex 67.9774 96.6000 4.0000
    endloop
  endfacet
  facet normal 0.000000e+00 1.000000e+00 0.000000e+00
    outer loop
      vertex 47.0226 96.6000 0.0000
      vertex 67.9774 96.6000 4.0000
      vertex 67.9774 96.6000 0.0000
    endloop
  endfacet
  facet normal 1.000000e+00 0.000000e+00 0.000000e+00
    outer loop
      vertex 67.9774 93.4000 0.0000
      vertex 67.9774 96.6000 0.0000
      vertex 67.9774 96.6000 4.0000
    endloop
  endfacet
  facet normal 1.000000e+00 0.000000e+00 0.000000e+00
    outer loop
      vertex 67.9774 93.4000 0.0000
      vertex 67.9774 96.6000 4.0000
      vertex 67.9774 93.4000 4.0000
    endloop
  endfacet
  facet normal -1.000000e+00 0.000000e+00 0.000000e+00
    outer loop
      vertex 47.0226 93.4000 0.0000
      vertex 47.0226 93.4000 4.0000
      vertex 47.0226 96.6000 4.0000
    endloop
  endfacet
  facet normal -1.000000e+00 0.000000e+00 0.000000e+00
    outer loop
      vertex 47.0226 93.4000 0.0000
      vertex 47.0226 96.6000 4.0000
      vertex 47.0226 96.6000 0.0000
    endloop
  endfacet
endsolid tile_95
solid tile_96
  facet normal 0.000000e+00 0.000000e+00 -1.000000e+00
    outer loop
      vertex 82.0226 93.4000 0.0000
      vertex 82.0226 96.6000 0.0000
      vertex 105.6000 96.6000 0.0000
    endloop
  endfacet
  facet normal 0.000000e+00 0.000000e+00 -1.000000e+00
    outer loop
      vertex 82.0226 93.4000 0.0000
      vertex 105.6000 96.6000 0.0000
      vertex 105.6000 93.4000 0.0000
    endloop
  endfacet
  facet normal 0.000000e+00 0.000000e+00 1.000000e+00
    outer loop
      vertex 82.0226 93.4000 4.0000
      vertex 105.6000 93.4000 4.0000
      vertex 105.6000 96.6000 4.0000
    endloop
  endfacet
  facet normal 0.000000e+00 0.000000e+00 1.000000e+00
    outer loop
      vertex 82.0226 93.4000 4.0000
      vertex 105.6000 96.6000 4.0000
      vertex 82.0226 96.6000 4.0000
    endloop
  endfacet
  facet normal 0.000000e+00 -1.000000e+00 0.000000e+00
    outer loop
      vertex 82.0226 93.4000 0.0000
      vertex 105.6000 93.4000 0.0000
      vertex 105.6000 93.4000 4.0000
    endloop
  endfacet
  facet normal 0.000000e+00 -1.000000e+00 0.000000e+00
    outer loop
      vertex 82.0226 93.4000 0.0000
      vertex 105.6000 93.4000 4.0000
      vertex 82.0226 93.4000 4.0000
    endloop
  endfacet
  facet normal 0.000000e+00 1.000000e+00 0.000000e+00
    outer loop
      vertex 82.0226 96.6000 0.0000
      vertex 82.0226 96.6000 4.0000
      vertex 105.6000 96.6000 4.0000
    endloop
  endfacet
  facet normal 0.000000e+00 1.000000e+00 0.000000e+00
    outer loop
      vertex 82.0226 96.6000 0.0000
      vertex 105.6000 96.6000 4.0000
      vertex 105.6000 96.6000 0.0000
    endloop
  endfacet
  facet normal 1.000000e+00 0.000000e+00 0.000000e+00
    outer loop
      vertex 105.6000 93.4000 0.0000
      vertex 105.6000 96.6000 0.0000
      vertex 105.6000 96.6000 4.0000
    endloop
  endfacet
  facet normal 1.000000e+00 0.000000e+00 0.000000e+00
    outer loop
      vertex 105.6000 93.4000 0.0000
      vertex 105.6000 96.6000 4.0000
      vertex 105.6000 93.4000 4.0000
    endloop
  endfacet
  facet normal -1.000000e+00 0.000000e+00 0.000000e+00
    outer loop
      vertex 82.0226 93.4000 0.0000
      vertex 82.0226 93.4000 4.0000
      vertex 82.0226 96.6000 4.0000
    endloop
  endfacet
  facet normal -1.000000e+00 0.000000e+00 0.000000e+00
    outer loop
      vertex 82.0226 93.4000 0.0000
      vertex 82.0226 96.6000 4.0000
      vertex 82.0226 96.6000 0.0000
    endloop
  endfacet
endsolid tile_96
solid tile_97
  facet normal 0.000000e+00 0.000000e+00 -1.000000e+00
    outer loop
      vertex 149.4000 93.4000 0.0000
      vertex 149.4000 96.6000 0.0000
      vertex 200.0000 96.6000 0.0000
    endloop
  endfacet
  facet normal 0.000000e+00 0.000000e+00 -1.000000e+00
    outer loop
      vertex 149.4000 93.4000 0.0000
      vertex 200.0000 96.6000 0.0000
      vertex 200.0000 93.4000 0.0000
    endloop
  endfacet
  facet normal 0.000000e+00 0.000000e+00 1.000000e+00
    outer loop
      vertex 149.4000 93.4000 4.0000
      vertex 200.0000 93.4000 4.0000
      vertex 200.0000 96.6000 4.0000
    endloop
  endfacet
  facet normal 0.000000e+00 0.000000e+00 1.000000e+00
    outer loop
      vertex 149.4000 93.4000 4.0000
      vertex 200.0000 96.6000 4.0000
      vertex 149.4000 96.6000 4.0000
    endloop
  endfacet
  facet normal 0.000000e+00 -1.000000e+00 0.000000e+00
    outer loop
      vertex 149.4000 93.4000 0.0000
      vertex 200.0000 93.4000 0.0000
      vertex 200.0000 93.4000 4.0000
    endloop
  endfacet
  facet normal 0.000000e+00 -1.000000e+00 0.000000e+00
    outer loop
      vertex 149.4000 93.4000 0.0000
      vertex 200.0000 93.4000 4.0000
      vertex 149.4000 93.4000 4.0000
    endloop
  endfacet
  facet normal 0.000000e+00 1.000000e+00 0.000000e+00
    outer loop
      vertex 149.4000 96.6000 0.0000
      vertex 149.4000 96.6000 4.0000
      vertex 200.0000 96.6000 4.0000
    endloop
  endfacet
  facet normal 0.000000e+00 1.000000e+00 0.000000e+00
    outer loop
      vertex 149.4000 96.6000 0.0000
      vertex 200.0000 96.6000 4.0000
      vertex 200.0000 96.6000 0.0000
    endloop
  endfacet
  facet normal 1.000000e+00 0.000000e+00 0.000000e+00
    outer loop
      vertex 200.0000 93.4000 0.0000
      vertex 200.0000 96.6000 0.0000
      vertex 200.0000 96.6000 4.0000
    endloop
  endfacet
  facet normal 1.000000e+00 0.000000e+00 0.000000e+00
    outer loop
      vertex 200.0000 93.4000 0.0000
      vertex 200.0000 96.6000 4.0000
      vertex 200.0000 93.4000 4.0000
    endloop
  endfacet
  facet normal -1.000000e+00 0.000000e+00 0.000000e+00
    outer loop
      vertex 149.4000 93.4000 0.0000
      vertex 149.4000 93.4000 4.0000
      vertex 149.4000 96.6000 4.0000
    endloop
  endfacet
  facet normal -1.000000e+00 0.000000e+00 0.000000e+00
    outer loop
      vertex 149.4000 93.4000 0.0000
      vertex 149.4000 96.6000 4.0000
      vertex 149.4000 96.6000 0.0000
    endloop
  endfacet
endsolid tile_97
solid tile_98
  facet normal 0.000000e+00 0.000000e+00 -1.000000e+00
    outer loop
      vertex 0.0000 95.4000 0.0000
      vertex 0.0000 98.6000 0.0000
      vertex 32.1946 98.6000 0.0000
    endloop
  endfacet
  facet normal 0.000000e+00 0.000000e+00 -1.000000e+00
    outer loop
      vertex 0.0000 95.4000 0.0000
      vertex 32.1946 98.6000 0.0000
      vertex 32.1946 95.4000 0.0000
    endloop
  endfacet
  facet normal 0.000000e+00 0.000000e+00 1.000000e+00
    outer loop
      vertex 0.0000 95.4000 4.0000
      vertex 32.1946 95.4000 4.0000
      vertex 32.1946 98.6000 4.0000
    endloop
  endfacet
  facet normal 0.000000e+00 0.000000e+00 1.000000e+00
    outer loop
      vertex 0.0000 95.4000 4.0000
      vertex 32.1946 98.6000 4.0000
      vertex 0.0000 98.6000 4.0000
    endloop
  endfacet
  facet normal 0.000000e+00 -1.000000e+00 0.000000e+00
    outer loop
      vertex 0.0000 95.4000 0.0000
      vertex 32.1946 95.4000 0.0000
      vertex 32.1946 95.4000 4.0000
    endloop
  endfacet
  facet normal 0.000000e+00 -1.000000e+00 0.000000e+00
    outer loop
      vertex 0.0000 95.4000 0.0000
      vertex 32.1946 95.4000 4.0000
      vertex 0.0000 95.4000 4.0000
    endloop
  endfacet
  facet normal 0.000000e+00 1.000000e+00 0.000000e+00
    outer loop
      vertex 0.0000 98.6000 0.0000
      vertex 0.0000 98.6000 4.0000
      vertex 32.1946 98.6000 4.0000
    endloop
  endfacet
  facet normal 0.000000e+00 1.000000e+00 0.000000e+00
    outer loop
      vertex 0.0000 98.6000 0.0000
      vertex 32.1946 98.6000 4.0000
      vertex 32.1946 98.6000 0.0000
    endloop
  endfacet
  facet normal 1.000000e+00 0.000000e+00 0.000000e+00
    outer loop
      vertex 32.1946 95.4000 0.0000
      vertex 32.1946 98.6000 0.0000
      vertex 32.1946 98.6000 4.0000
    endloop
  endfacet
  facet normal 1.000000e+00 0.000000e+00 0.000000e+00
    outer loop
      vertex 32.1946 95.4000 0.0000
      vertex 32.1946 98.6000 4.0000
      vertex 32.1946 95.4000 4.0000
    endloop
  endfacet
  facet normal -1.000000e+00 0.000000e+00 0.000000e+00
    outer loop
      vertex 0.0000 95.4000 0.0000
      vertex 0.0000 95.4000 4.0000
      vertex 0.0000 98.6000 4.0000
    endloop
  endfacet
  facet normal -1.000000e+00 0.000000e+00 0.000000e+00
    outer loop
      vertex 0.0000 95.4000 0.0000
      vertex 0.0000 98.6000 4.0000
      vertex 0.0000 98.6000 0.0000
    endloop
  endfacet
endsolid tile_98
solid tile_99
  facet normal 0.000000e+00 0.000000e+00 -1.000000e+00
    outer loop
      vertex 47.8054 95.4000 0.0000
      vertex 47.8054 98.6000 0.0000
      vertex 67.1946 98.6000 0.0000
    endloop
  endfacet
  facet normal 0.000000e+00 0.000000e+00 -1.000000e+00
    outer loop
      vertex 47.8054 95.4000 0.0000
      vertex 67.1946 98.6000 0.0000
      vertex 67.1946 95.4000 0.0000
    endloop
  endfacet
  facet normal 0.000000e+00 0.000000e+00 1.000000e+00
    outer loop
      vertex 47.8054 95.4000 4.0000
      vertex 67.1946 95.4000 4.0000
      vertex 67.1946 98.6000 4.0000
    endloop
  endfacet
  facet normal 0.000000e+00 0.000000e+00 1.000000e+00
    outer loop
      vertex 47.8054 95.4000 4.0000
      vertex 67.1946 98.6000 4.0000
      vertex 47.8054 98.6000 4.0000
    endloop
  endfacet
  facet normal 0.000000e+00 -1.000000e+00 0.000000e+00
    outer loop
      vertex 47.8054 95.4000 0.0000
      vertex 67.1946 95.4000 0.0000
      vertex 67.1946 95.4000 4.0000
    endloop
  endfacet
  facet normal 0.000000e+00 -1.000000e+00 0.000000e+00
    outer loop
      vertex 47.8054 95.4000 0.0000
      vertex 67.1946 95.4000 4.0000
      vertex 47.8054 95.4000 4.0000
    endloop
  endfacet
  facet normal 0.000000e+00 1.000000e+00 0.000000e+00
    outer loop
      vertex 47.8054 98.6000 0.0000
      vertex 47.8054 98.6000 4.0000
      vertex 67.1946 98.6000 4.0000
    endloop
  endfacet
  facet normal 0.000000e+00 1.000000e+00 0.000000e+00
    outer loop
      vertex 47.8054 98.6000 0.0000
      vertex 67.1946 98.6000 4.0000
      vertex 67.1946 98.6000 0.0000
    endloop
  endfacet
  facet normal 1.000000e+00 0.000000e+00 0.000000e+00
    outer loop
      vertex 67.1946 95.4000 0.0000
      vertex 67.1946 98.6000 0.0000
      vertex 67.1946 98.6000 4.0000
    endloop
  endfacet
  facet normal 1.000000e+00 0.000000e+00 0.000000e+00
    outer loop
      vertex 67.1946 95.4000 0.0000
      vertex 67.1946 98.6000 4.0000
      vertex 67.1946 95.4000 4.0000
    endloop
  endfacet
  facet normal -1.000000e+00 0.000000e+00 0.000000e+00
    outer loop
      vertex 47.8054 95.4000 0.0000
      vertex 47.8054 95.4000 4.0000
      vertex 47.8054 98.6000 4.0000
    endloop
  endfacet
  facet normal -1.000000e+00 0.000000e+00 0.000000e+00
    outer loop
      vertex 47.8054 95.4000 0.0000
      vertex 47.8054 98.6000 4.0000
      vertex 47.8054 98.6000 0.0000
    endloop
  endfacet
endsolid tile_99
solid tile_100
  facet normal 0.000000e+00 0.000000e+00 -1.000000e+00
    outer loop
      vertex 82.8054 95.4000 0.0000
      vertex 82.8054 98.6000 0.0000
      vertex 105.6000 98.6000 0.0000
    endloop
  endfacet
  facet normal 0.000000e+00 0.000000e+00 -1.000000e+00
    outer loop
      vertex 82.8054 95.4000 0.0000
      vertex 105.6000 98.6000 0.0000
      vertex 105.6000 95.4000 0.0000
    endloop
  endfacet
  facet normal 0.000000e+00 0.000000e+00 1.000000e+00
    outer loop
      vertex 82.8054 95.4000 4.0000
      vertex 105.6000 95.4000 4.0000
      vertex 105.6000 98.6000 4.0000
    endloop
  endfacet
  facet normal 0.000000e+00 0.000000e+00 1.000000e+00
    outer loop
      vertex 82.8054 95.4000 4.0000
      vertex 105.6000 98.6000 4.0000
      vertex 82.8054 98.6000 4.0000
    endloop
  endfacet
  facet normal 0.000000e+00 -1.000000e+00 0.000000e+00
    outer loop
      vertex 82.8054 95.4000 0.0000
      vertex 105.6000 95.4000 0.0000
      vertex 105.6000 95.4000 4.0000
    endloop
  endfacet
  facet normal 0.000000e+00 -1.000000e+00 0.000000e+00
    outer loop
      vertex 82.8054 95.4000 0.0000
      vertex 105.6000 95.4000 4.0000
      vertex 82.8054 95.4000 4.0000
    endloop
  endfacet
  facet normal 0.000000e+00 1.000000e+00 0.000000e+00
    outer loop
      vertex 82.8054 98.6000 0.0000
      vertex 82.8054 98.6000 4.0000
      vertex 105.6000 98.6000 4.0000
    endloop
  endfacet
  facet normal 0.000000e+00 1.000000e+00 0.000000e+00
    outer loop
      vertex 82.8054 98.6000 0.0000
      vertex 105.6000 98.6000 4.0000
      vertex 105.6000 98.6000 0.0000
    endloop
  endfacet
  facet normal 1.000000e+00 0.000000e+00 0.000000e+00
    outer loop
      vertex 105.6000 95.4000 0.0000
      vertex 105.6000 98.6000 0.0000
      vertex 105.6000 98.6000 4.0000
    endloop
  endfacet
  facet normal 1.000000e+00 0.000000e+00 0.000000e+00
    outer loop
      vertex 105.6000 95.4000 0.0000
      vertex 105.6000 98.6000 4.0000
      vertex 105.6000 95.4000 4.0000
    endloop
  endfacet
  facet normal -1.000000e+00 0.000000e+00 0.000000e+00
    outer loop
      vertex 82.8054 95.4000 0.0000
      vertex 82.8054 95.4000 4.0000
      vertex 82.8054 98.6000 4.0000
    endloop
  endfacet
  facet normal -1.000000e+00 0.000000e+00 0.000000e+00
    outer loop
      vertex 82.8054 95.4000 0.0000
      vertex 82.8054 98.6000 4.0000
      vertex 82.8054 98.6000 0.0000
    endloop
  endfacet
endsolid tile_100
solid tile_101
  facet normal 0.000000e+00 0.000000e+00 -1.000000e+00
    outer loop
      vertex 149.4000 95.4000 0.0000
      vertex 149.4000 98.6000 0.0000
      vertex 200.0000 98.6000 0.0000
    endloop
  endfacet
  facet normal 0.000000e+00 0.000000e+00 -1.000000e+00
    outer loop
      vertex 149.4000 95.4000 0.0000
      vertex 200.0000 98.6000 0.0000
      vertex 200.0000 95.4000 0.0000
    endloop
  endfacet
  facet normal 0.000000e+00 0.000000e+00 1.000000e+00
    outer loop
      vertex 149.4000 95.4000 4.0000
      vertex 200.0000 95.4000 4.0000
      vertex 200.0000 98.6000 4.0000
    endloop
  endfacet
  facet normal 0.000000e+00 0.000000e+00 1.000000e+00
    outer loop
      vertex 149.4000 95.4000 4.0000
      vertex 200.0000 98.6000 4.0000
      vertex 149.4000 98.6000 4.0000
    endloop
  endfacet
  facet normal 0.000000e+00 -1.000000e+00 0.000000e+00
    outer loop
      vertex 149.4000 95.4000 0.0000
      vertex 200.0000 95.4000 0.0000
      vertex 200.0000 95.4000 4.0000
    endloop
  endfacet
  facet normal 0.000000e+00 -1.000000e+00 0.000000e+00
    outer loop
      vertex 149.4000 95.4000 0.0000
      vertex 200.0000 95.4000 4.0000
      vertex 149.4000 95.4000 4.0000
    endloop
  endfacet
  facet normal 0.000000e+00 1.000000e+00 0.000000e+00
    outer loop
      vertex 149.4000 98.6000 0.0000
      vertex 149.4000 98.6000 4.0000
      vertex 200.0000 98.6000 4.0000
    endloop
  endfacet
  facet normal 0.000000e+00 1.000000e+00 0.000000e+00
    outer loop
      vertex 149.4000 98.6000 0.0000
      vertex 200.0000 98.6000 4.0000
      vertex 200.0000 98.6000 0.0000
    endloop
  endfacet
  facet normal 1.000000e+00 0.000000e+00 0.000000e+00
    outer loop
      vertex 200.0000 95.4000 0.0000
      vertex 200.0000 98.6000 0.0000
      vertex 200.0000 98.6000 4.0000
    endloop
  endfacet
  facet normal 1.000000e+00 0.000000e+00 0.000000e+00
    outer loop
      vertex 200.0000 95.4000 0.0000
      vertex 200.0000 98.6000 4.0000
      vertex 200.0000 95.4000 4.0000
    endloop
  endfacet
  facet normal -1.000000e+00 0.000000e+00 0.000000e+00
    outer loop
      vertex 149.4000 95.4000 0.0000
      vertex 149.4000 95.4000 4.0000
      vertex 149.4000 98.6000 4.0000
    endloop
  endfacet
  facet normal -1.000000e+00 0.000000e+00 0.000000e+00
    outer loop
      vertex 149.4000 95.4000 0.0000
      vertex 149.4000 98.6000 4.0000
      vertex 149.4000 98.6000 0.0000
    endloop
  endfacet
endsolid tile_101
solid tile_102
  facet normal 0.000000e+00 0.000000e+00 -1.000000e+00
    outer loop
      vertex 0.0000 97.4000 0.0000
      vertex 0.0000 100.6000 0.0000
      vertex 31.9500 100.6000 0.0000
    endloop
  endfacet
  facet normal 0.000000e+00 0.000000e+00 -1.000000e+00
    outer loop
      vertex 0.0000 97.4000 0.0000
      vertex 31.9500 100.6000 0.0000
      vertex 31.9500 97.4000 0.0000
    endloop
  endfacet
  facet normal 0.000000e+00 0.000000e+00 1.000000e+00
    outer loop
      vertex 0.0000 97.4000 4.0000
      vertex 31.9500 97.4000 4.0000
      vertex 31.9500 100.6000 4.0000
    endloop
  endfacet
  facet normal 0.000000e+00 0.000000e+00 1.000000e+00
    outer loop
      vertex 0.0000 97.4000 4.0000
      vertex 31.9500 100.6000 4.0000
      vertex 0.0000 100.6000 4.0000
    endloop
  endfacet
  facet normal 0.000000e+00 -1.000000e+00 0.000000e+00
    outer loop
      vertex 0.0000 97.4000 0.0000
      vertex 31.9500 97.4000 0.0000
      vertex 31.9500 97.4000 4.0000
    endloop
  endfacet
  facet normal 0.000000e+00 -1.000000e+00 0.000000e+00
    outer loop
      vertex 0.0000 97.4000 0.0000
      vertex 31.9500 97.4000 4.0000
      vertex 0.0000 97.4000 4.0000
    endloop
  endfacet
  facet normal 0.000000e+00 1.000000e+00 0.000000e+00
    outer loop
      vertex 0.0000 100.6000 0.0000
      vertex 0.0000 100.6000 4.0000
      vertex 31.9500 100.6000 4.0000
    endloop
  endfacet
  facet normal 0.000000e+00 1.000000e+00 0.000000e+00
    outer loop
      vertex 0.0000 100.6000 0.0000
      vertex 31.9500 100.6000 4.0000
      vertex 31.9500 100.6000 0.0000
    endloop
  endfacet
  facet normal 1.000000e+00 0.000000e+00 0.000000e+00
    outer loop
      vertex 31.9500 97.4000 0.0000
      vertex 31.9500 100.6000 0.0000
      vertex 31.9500 100.6000 4.0000
    endloop
  endfacet
  facet normal 1.000000e+00 0.000000e+00 0.000000e+00
    outer loop
      vertex 31.9500 97.4000 0.0000
      vertex 31.9500 100.6000 4.0000
      vertex 31.9500 97.4000 4.0000
    endloop
  endfacet
  facet normal -1.000000e+00 0.000000e+00 0.000000e+00
    outer loop
      vertex 0.0000 97.4000 0.0000
      vertex 0.0000 97.4000 4.0000
      vertex 0.0000 100.6000 4.0000
    endloop
  endfacet
  facet normal -1.000000e+00 0.000000e+00 0.000000e+00
    outer loop
      vertex 0.0000 97.4000 0.0000
      vertex 0.0000 100.6000 4.0000
      vertex 0.0000 100.6000 0.0000
    endloop
  endfacet
endsolid tile_102
solid tile_103
  facet normal 0.000000e+00 0.000000e+00 -1.000000e+00
    outer loop
      vertex 48.0500 97.4000 0.0000
      vertex 48.0500 100.6000 0.0000
      vertex 66.9500 100.6000 0.0000
    endloop
  endfacet
  facet normal 0.000000e+00 0.000000e+00 -1.000000e+00
    outer loop
      vertex 48.0500 97.4000 0.0000
      vertex 66.9500 100.6000 0.0000
      vertex 66.9500 97.4000 0.0000
    endloop
  endfacet
  facet normal 0.000000e+00 0.000000e+00 1.000000e+00
    outer loop
      vertex 48.0500 97.4000 4.0000
      vertex 66.9500 97.4000 4.0000
      vertex 66.9500 100.6000 4.0000
    endloop
  endfacet
  facet normal 0.000000e+00 0.000000e+00 1.000000e+00
    outer loop
      vertex 48.0500 97.4000 4.0000
      vertex 66.9500 100.6000 4.0000
      vertex 48.0500 100.6000 4.0000
    endloop
  endfacet
  facet normal 0.000000e+00 -1.000000e+00 0.000000e+00
    outer loop
      vertex 48.0500 97.4000 0.0000
      vertex 66.9500 97.4000 0.0000
      vertex 66.9500 97.4000 4.0000
    endloop
  endfacet
  facet normal 0.000000e+00 -1.000000e+00 0.000000e+00
    outer loop
      vertex 48.0500 97.4000 0.0000
      vertex 66.9500 97.4000 4.0000
      vertex 48.0500 97.4000 4.0000
    endloop
  endfacet
  facet normal 0.000000e+00 1.000000e+00 0.000000e+00
    outer loop
      vertex 48.0500 100.6000 0.0000
      vertex 48.0500 100.6000 4.0000
      vertex 66.9500 100.6000 4.0000
    endloop
  endfacet
  facet normal 0.000000e+00 1.000000e+00 0.000000e+00
    outer loop
      vertex 48.0500 100.6000 0.0000
      vertex 66.9500 100.6000 4.0000
      vertex 66.9500 100.6000 0.0000
    endloop
  endfacet
  facet normal 1.000000e+00 0.000000e+00 0.000000e+00
    outer loop
      vertex 66.9500 97.4000 0.0000
      vertex 66.9500 100.6000 0.0000
      vertex 66.9500 100.6000 4.0000
    endloop
  endfacet
  facet normal 1.000000e+00 0.000000e+00 0.000000e+00
    outer loop
      vertex 66.9500 97.4000 0.0000
      vertex 66.9500 100.6000 4.0000
      vertex 66.9500 97.4000 4.0000
    endloop
  endfacet
  facet normal -1.000000e+00 0.000000e+00 0.000000e+00
    outer loop
      vertex 48.0500 97.4000 0.0000
      vertex 48.0500 97.4000 4.0000
      vertex 48.0500 100.6000 4.0000
    endloop
  endfacet
  facet normal -1.000000e+00 0.000000e+00 0.000000e+00
    outer loop
      vertex 48.0500 97.4000 0.0000
      vertex 48.0500 100.6000 4.0000
      vertex 48.0500 100.6000 0.0000
    endloop
  endfacet
endsolid tile_103
solid tile_104
  facet normal 0.000000e+00 0.000000e+00 -1.000000e+00
    outer loop
      vertex 83.0500 97.4000 0.0000
      vertex 83.0500 100.6000 0.0000
      vertex 105.6000 100.6000 0.0000
    endloop
  endfacet
  facet normal 0.000000e+00 0.000000e+00 -1.000000e+00
    outer loop
      vertex 83.0500 97.4000 0.0000
      vertex 105.6000 100.6000 0.0000
      vertex 105.6000 97.4000 0.0000
    endloop
  endfacet
  facet normal 0.000000e+00 0.000000e+00 1.000000e+00
    outer loop
      vertex 83.0500 97.4000 4.0000
      vertex 105.6000 97.4000 4.0000
      vertex 105.6000 100.6000 4.0000
    endloop
  endfacet
  facet normal 0.000000e+00 0.000000e+00 1.000000e+00
    outer loop
      vertex 83.0500 97.4000 4.0000
      vertex 105.6000 100.6000 4.0000
      vertex 83.0500 100.6000 4.0000
    endloop
  endfacet
  facet normal 0.000000e+00 -1.000000e+00 0.000000e+00
    outer loop
      vertex 83.0500 97.4000 0.0000
      vertex 105.6000 97.4000 0.0000
      vertex 105.6000 97.4000 4.0000
    endloop
  endfacet
  facet normal 0.000000e+00 -1.000000e+00 0.000000e+00
    outer loop
      vertex 83.0500 97.4000 0.0000
      vertex 105.6000 97.4000 4.0000
      vertex 83.0500 97.4000 4.0000
    endloop
  endfacet
  facet normal 0.000000e+00 1.000000e+00 0.000000e+00
    outer loop
      vertex 83.0500 100.6000 0.0000
      vertex 83.0500 100.6000 4.0000
      vertex 105.6000 100.6000 4.0000
    endloop
  endfacet
  facet normal 0.000000e+00 1.000000e+00 0.000000e+00
    outer loop
      vertex 83.0500 100.6000 0.0000
      vertex 105.6000 100.6000 4.0000
      vertex 105.6000 100.6000 0.0000
    endloop
  endfacet
  facet normal 1.000000e+00 0.000000e+00 0.000000e+00
    outer loop
      vertex 105.6000 97.4000 0.0000
      vertex 105.6000 100.6000 0.0000
      vertex 105.6000 100.6000 4.0000
    endloop
  endfacet
  facet normal 1.000000e+00 0.000000e+00 0.000000e+00
    outer loop
      vertex 105.6000 97.4000 0.0000
      vertex 105.6000 100.6000 4.0000
      vertex 105.6000 97.4000 4.0000
    endloop
  endfacet
  facet normal -1.000000e+00 0.000000e+00 0.000000e+00
    outer loop
      vertex 83.0500 97.4000 0.0000
      vertex 83.0500 97.4000 4.0000
      vertex 83.0500 100.6000 4.0000
    endloop
  endfacet
  facet normal -1.000000e+00 0.000000e+00 0.000000e+00
    outer loop
      vertex 83.0500 97.4000 0.0000
      vertex 83.0500 100.6000 4.0000
      vertex 83.0500 100.6000 0.0000
    endloop
  endfacet
endsolid tile_104
solid tile_105
  facet normal 0.000000e+00 0.000000e+00 -1.000000e+00
    outer loop
      vertex 149.4000 97.4000 0.0000
      vertex 149.4000 100.6000 0.0000
      vertex 200.0000 100.6000 0.0000
    endloop
  endfacet
  facet normal 0.000000e+00 0.000000e+00 -1.000000e+00
    outer loop
      vertex 149.4000 97.4000 0.0000
      vertex 200.0000 100.6000 0.0000
      vertex 200.0000 97.4000 0.0000
    endloop
  endfacet
  facet normal 0.000000e+00 0.000000e+00 1.000000e+00
    outer loop
      vertex 149.4000 97.4000 4.0000
      vertex 200.0000 97.4000 4.0000
      vertex 200.0000 100.6000 4.0000
    endloop
  endfacet
  facet normal 0.000000e+00 0.000000e+00 1.000000e+00
    outer loop
      vertex 149.4000 97.4000 4.0000
      vertex 200.0000 100.6000 4.0000
      vertex 149.4000 100.6000 4.0000
    endloop
  endfacet
  facet normal 0.000000e+00 -1.000000e+00 0.000000e+00
    outer loop
      vertex 149.4000 97.4000 0.0000
      vertex 200.0000 97.4000 0.0000
      vertex 200.0000 97.4000 4.0000
    endloop
  endfacet
  facet normal 0.000000e+00 -1.000000e+00 0.000000e+00
    outer loop
      vertex 149.4000 97.4000 0.0000
      vertex 200.0000 97.4000 4.0000
      vertex 149.4000 97.4000 4.0000
    endloop
  endfacet
  facet normal 0.000000e+00 1.000000e+00 0.000000e+00
    outer loop
      vertex 149.4000 100.6000 0.0000
      vertex 149.4000 100.6000 4.0000
      vertex 200.0000 100.6000 4.0000
    endloop
  endfacet
  facet normal 0.000000e+00 1.000000e+00 0.000000e+00
    outer loop
      vertex 149.4000 100.6000 0.0000
      vertex 200.0000 100.6000 4.0000
      vertex 200.0000 100.6000 0.0000
    endloop
  endfacet
  facet normal 1.000000e+00 0.000000e+00 0.000000e+00
    outer loop
      vertex 200.0000 97.4000 0.0000
      vertex 200.0000 100.6000 0.0000
      vertex 200.0000 100.6000 4.0000
    endloop
  endfacet
  facet normal 1.000000e+00 0.000000e+00 0.000000e+00
    outer loop
      vertex 200.0000 97.4000 0.0000
      vertex 200.0000 100.6000 4.0000
      vertex 200.0000 97.4000 4.0000
    endloop
  endfacet
  facet normal -1.000000e+00 0.000000e+00 0.000000e+00
    outer loop
      vertex 149.4000 97.4000 0.0000
      vertex 149.4000 97.4000 4.0000
      vertex 149.4000 100.6000 4.0000
    endloop
  endfacet
  facet normal -1.000000e+00 0.000000e+00 0.000000e+00
    outer loop
      vertex 149.4000 97.4000 0.0000
      vertex 149.4000 100.6000 4.0000
      vertex 149.4000 100.6000 0.0000
    endloop
  endfacet
endsolid tile_105
solid tile_106
  facet normal 0.000000e+00 0.000000e+00 -1.000000e+00
    outer loop
      vertex 0.0000 99.4000 0.0000
      vertex 0.0000 102.6000 0.0000
      vertex 31.9500 102.6000 0.0000
    endloop
  endfacet
  facet normal 0.000000e+00 0.000000e+00 -1.000000e+00
    outer loop
      vertex 0.0000 99.4000 0.0000
      vertex 31.9500 102.6000 0.0000
      vertex 31.9500 99.4000 0.0000
    endloop
  endfacet
  facet normal 0.000000e+00 0.000000e+00 1.000000e+00
    outer loop
      vertex 0.0000 99.4000 4.0000
      vertex 31.9500 99.4000 4.0000
      vertex 31.9500 102.6000 4.0000
    endloop
  endfacet
  facet normal 0.000000e+00 0.000000e+00 1.000000e+00
    outer loop
      vertex 0.0000 99.4000 4.0000
      vertex 31.9500 102.6000 4.0000
      vertex 0.0000 102.6000 4.0000
    endloop
  endfacet
  facet normal 0.000000e+00 -1.000000e+00 0.000000e+00
    outer loop
      vertex 0.0000 99.4000 0.0000
      vertex 31.9500 99.4000 0.0000
      vertex 31.9500 99.4000 4.0000
    endloop
  endfacet
  facet normal 0.000000e+00 -1.000000e+00 0.000000e+00
    outer loop
      vertex 0.0000 99.4000 0.0000
      vertex 31.9500 99.4000 4.0000
      vertex 0.0000 99.4000 4.0000
    endloop
  endfacet
  facet normal 0.000000e+00 1.000000e+00 0.000000e+00
    outer loop
      vertex 0.0000 102.6000 0.0000
      vertex 0.0000 102.6000 4.0000
      vertex 31.9500 102.6000 4.0000
    endloop
  endfacet
  facet normal 0.000000e+00 1.000000e+00 0.000000e+00
    outer loop
      vertex 0.0000 102.6000 0.0000
      vertex 31.9500 102.6000 4.0000
      vertex 31.9500 102.6000 0.0000
    endloop
  endfacet
  facet normal 1.000000e+00 0.000000e+00 0.000000e+00
    outer loop
      vertex 31.9500 99.4000 0.0000
      vertex 31.9500 102.6000 0.0000
      vertex 31.9500 102.6000 4.0000
    endloop
  endfacet
  facet normal 1.000000e+00 0.000000e+00 0.000000e+00
    outer loop
      vertex 31.9500 99.4000 0.0000
      vertex 31.9500 102.6000 4.0000
      vertex 31.9500 99.4000 4.0000
    endloop
  endfacet
  facet normal -1.000000e+00 0.000000e+00 0.000000e+00
    outer loop
      vertex 0.0000 99.4000 0.0000
      vertex 0.0000 99.4000 4.0000
      vertex 0.0000 102.6000 4.0000
    endloop
  endfacet
  facet normal -1.000000e+00 0.000000e+00 0.000000e+00
    outer loop
      vertex 0.0000 99.4000 0.0000
      vertex 0.0000 102.6000 4.0000
      vertex 0.0000 102.6000 0.0000
    endloop
  endfacet
endsolid tile_106
solid tile_107
  facet normal 0.000000e+00 0.000000e+00 -1.000000e+00
    outer loop
      vertex 48.0500 99.4000 0.0000
      vertex 48.0500 102.6000 0.0000
      vertex 66.9500 102.6000 0.0000
    endloop
  endfacet
  facet normal 0.000000e+00 0.000000e+00 -1.000000e+00
    outer loop
      vertex 48.0500 99.4000 0.0000
      vertex 66.9500 102.6000 0.0000
      vertex 66.9500 99.4000 0.0000
    endloop
  endfacet
  facet normal 0.000000e+00 0.000000e+00 1.000000e+00
    outer loop
      vertex 48.0500 99.4000 4.0000
      vertex 66.9500 99.4000 4.0000
      vertex 66.9500 102.6000 4.0000
    endloop
  endfacet
  facet normal 0.000000e+00 0.000000e+00 1.000000e+00
    outer loop
      vertex 48.0500 99.4000 4.0000
      vertex 66.9500 102.6000 4.0000
      vertex 48.0500 102.6000 4.0000
    endloop
  endfacet
  facet normal 0.000000e+00 -1.000000e+00 0.000000e+00
    outer loop
      vertex 48.0500 99.4000 0.0000
      vertex 66.9500 99.4000 0.0000
      vertex 66.9500 99.4000 4.0000
    endloop
  endfacet
  facet normal 0.000000e+00 -1.000000e+00 0.000000e+00
    outer loop
      vertex 48.0500 99.4000 0.0000
      vertex 66.9500 99.4000 4.0000
      vertex 48.0500 99.4000 4.0000
    endloop
  endfacet
  facet normal 0.000000e+00 1.000000e+00 0.000000e+00
    outer loop
      vertex 48.0500 102.6000 0.0000
      vertex 48.0500 102.6000 4.0000
      vertex 66.9500 102.6000 4.0000
    endloop
  endfacet
  facet normal 0.000000e+00 1.000000e+00 0.000000e+00
    outer loop
      vertex 48.0500 102.6000 0.0000
      vertex 66.9500 102.6000 4.0000
      vertex 66.9500 102.6000 0.0000
    endloop
  endfacet
  facet normal 1.000000e+00 0.000000e+00 0.000000e+00
    outer loop
      vertex 66.9500 99.4000 0.0000
      vertex 66.9500 102.6000 0.0000
      vertex 66.9500 102.6000 4.0000
    endloop
  endfacet
  facet normal 1.000000e+00 0.000000e+00 0.000000e+00
    outer loop
      vertex 66.9500 99.4000 0.0000
      vertex 66.9500 102.6000 4.0000
      vertex 66.9500 99.4000 4.0000
    endloop
  endfacet
  facet normal -1.000000e+00 0.000000e+00 0.000000e+00
    outer loop
      vertex 48.0500 99.4000 0.0000
      vertex 48.0500 99.4000 4.0000
      vertex 48.0500 102.6000 4.0000
    endloop
  endfacet
  facet normal -1.000000e+00 0.000000e+00 0.000000e+00
    outer loop
      vertex 48.0500 99.4000 0.0000
      vertex 48.0500 102.6000 4.0000
      vertex 48.0500 102.6000 0.0000
    endloop
  endfacet
endsolid tile_107
solid tile_108
  facet normal 0.000000e+00 0.000000e+00 -1.000000e+00
    outer loop
      vertex 83.0500 99.4000 0.0000
      vertex 83.0500 102.6000 0.0000
      vertex 105.6000 102.6000 0.0000
    endloop
  endfacet
  facet normal 0.000000e+00 0.000000e+00 -1.000000e+00
    outer loop
      vertex 83.0500 99.4000 0.0000
      vertex 105.6000 102.6000 0.0000
      vertex 105.6000 99.4000 0.0000
    endloop
  endfacet
  facet normal 0.000000e+00 0.000000e+00 1.000000e+00
    outer loop
      vertex 83.0500 99.4000 4.0000
      vertex 105.6000 99.4000 4.0000
      vertex 105.6000 102.6000 4.0000
    endloop
  endfacet
  facet normal 0.000000e+00 0.000000e+00 1.000000e+00
    outer loop
      vertex 83.0500 99.4000 4.0000
      vertex 105.6000 102.6000 4.0000
      vertex 83.0500 102.6000 4.0000
    endloop
  endfacet
  facet normal 0.000000e+00 -1.000000e+00 0.000000e+00
    outer loop
      vertex 83.0500 99.4000 0.0000
      vertex 105.6000 99.4000 0.0000
      vertex 105.6000 99.4000 4.0000
    endloop
  endfacet
  facet normal 0.000000e+00 -1.000000e+00 0.000000e+00
    outer loop
      vertex 83.0500 99.4000 0.0000
      vertex 105.6000 99.4000 4.0000
      vertex 83.0500 99.4000 4.0000
    endloop
  endfacet
  facet normal 0.000000e+00 1.000000e+00 0.000000e+00
    outer loop
      vertex 83.0500 102.6000 0.0000
      vertex 83.0500 102.6000 4.0000
      vertex 105.6000 102.6000 4.0000
    endloop
  endfacet
  facet normal 0.000000e+00 1.000000e+00 0.000000e+00
    outer loop
      vertex 83.0500 102.6000 0.0000
      vertex 105.6000 102.6000 4.0000
      vertex 105.6000 102.6000 0.0000
    endloop
  endfacet
  facet normal 1.000000e+00 0.000000e+00 0.000000e+00
    outer loop
      vertex 105.6000 99.4000 0.0000
      vertex 105.6000 102.6000 0.0000
      vertex 105.6000 102.6000 4.0000
    endloop
  endfacet
  facet normal 1.000000e+00 0.000000e+00 0.000000e+00
    outer loop
      vertex 105.6000 99.4000 0.0000
      vertex 105.6000 102.6000 4.0000
      vertex 105.6000 99.4000 4.0000
    endloop
  endfacet
  facet normal -1.000000e+00 0.000000e+00 0.000000e+00
    outer loop
      vertex 83.0500 99.4000 0.0000
      vertex 83.0500 99.4000 4.0000
      vertex 83.0500 102.6000 4.0000
    endloop
  endfacet
  facet normal -1.000000e+00 0.000000e+00 0.000000e+00
    outer loop
      vertex 83.0500 99.4000 0.0000
      vertex 83.0500 102.6000 4.0000
      vertex 83.0500 102.6000 0.0000
    endloop
  endfacet
endsolid tile_108
solid tile_109
  facet normal 0.000000e+00 0.000000e+00 -1.000000e+00
    outer loop
      vertex 149.4000 99.4000 0.0000
      vertex 149.4000 102.6000 0.0000
      vertex 200.0000 102.6000 0.0000
    endloop
  endfacet
  facet normal 0.000000e+00 0.000000e+00 -1.000000e+00
    outer loop
      vertex 149.4000 99.4000 0.0000
      vertex 200.0000 102.6000 0.0000
      vertex 200.0000 99.4000 0.0000
    endloop
  endfacet
  facet normal 0.000000e+00 0.000000e+00 1.000000e+00
    outer loop
      vertex 149.4000 99.4000 4.0000
      vertex 200.0000 99.4000 4.0000
      vertex 200.0000 102.6000 4.0000
    endloop
  endfacet
  facet normal 0.000000e+00 0.000000e+00 1.000000e+00
    outer loop
      vertex 149.4000 99.4000 4.0000
      vertex 200.0000 102.6000 4.0000
      vertex 149.4000 102.6000 4.0000
    endloop
  endfacet
  facet normal 0.000000e+00 -1.000000e+00 0.000000e+00
    outer loop
      vertex 149.4000 99.4000 0.0000
      vertex 200.0000 99.4000 0.0000
      vertex 200.0000 99.4000 4.0000
    endloop
  endfacet
  facet normal 0.000000e+00 -1.000000e+00 0.000000e+00
    outer loop
      vertex 149.4000 99.4000 0.0000
      vertex 200.0000 99.4000 4.0000
      vertex 149.4000 99.4000 4.0000
    endloop
  endfacet
  facet normal 0.000000e+00 1.000000e+00 0.000000e+00
    outer loop
      vertex 149.4000 102.6000 0.0000
      vertex 149.4000 102.6000 4.0000
      vertex 200.0000 102.6000 4.0000
    endloop
  endfacet
  facet normal 0.000000e+00 1.000000e+00 0.000000e+00
    outer loop
      vertex 149.4000 102.6000 0.0000
      vertex 200.0000 102.6000 4.0000
      vertex 200.0000 102.6000 0.0000
    endloop
  endfacet
  facet normal 1.000000e+00 0.000000e+00 0.000000e+00
    outer loop
      vertex 200.0000 99.4000 0.0000
      vertex 200.0000 102.6000 0.0000
      vertex 200.0000 102.6000 4.0000
    endloop
  endfacet
  facet normal 1.000000e+00 0.000000e+00 0.000000e+00
    outer loop
      vertex 200.0000 99.4000 0.0000
      vertex 200.0000 102.6000 4.0000
      vertex 200.0000 99.4000 4.0000
    endloop
  endfacet
  facet normal -1.000000e+00 0.000000e+00 0.000000e+00
    outer loop
      vertex 149.4000 99.4000 0.0000
      vertex 149.4000 99.4000 4.0000
      vertex 149.4000 102.6000 4.0000
    endloop
  endfacet
  facet normal -1.000000e+00 0.000000e+00 0.000000e+00
    outer loop
      vertex 149.4000 99.4000 0.0000
      vertex 149.4000 102.6000 4.0000
      vertex 149.4000 102.6000 0.0000
    endloop
  endfacet
endsolid tile_109
solid tile_110
  facet normal 0.000000e+00 0.000000e+00 -1.000000e+00
    outer loop
      vertex 0.0000 101.4000 0.0000
      vertex 0.0000 104.6000 0.0000
      vertex 32.1946 104.6000 0.0000
    endloop
  endfacet
  facet normal 0.000000e+00 0.000000e+00 -1.000000e+00
    outer loop
      vertex 0.0000 101.4000 0.0000
      vertex 32.1946 104.6000 0.0000
      vertex 32.1946 101.4000 0.0000
    endloop
  endfacet
  facet normal 0.000000e+00 0.000000e+00 1.000000e+00
    outer loop
      vertex 0.0000 101.4000 4.0000
      vertex 32.1946 101.4000 4.0000
      vertex 32.1946 104.6000 4.0000
    endloop
  endfacet
  facet normal 0.000000e+00 0.000000e+00 1.000000e+00
    outer loop
      vertex 0.0000 101.4000 4.0000
      vertex 32.1946 104.6000 4.0000
      vertex 0.0000 104.6000 4.0000
    endloop
  endfacet
  facet normal 0.000000e+00 -1.000000e+00 0.000000e+00
    outer loop
      vertex 0.0000 101.4000 0.0000
      vertex 32.1946 101.4000 0.0000
      vertex 32.1946 101.4000 4.0000
    endloop
  endfacet
  facet normal 0.000000e+00 -1.000000e+00 0.000000e+00
    outer loop
      vertex 0.0000 101.4000 0.0000
      vertex 32.1946 101.4000 4.0000
      vertex 0.0000 101.4000 4.0000
    endloop
  endfacet
  facet normal 0.000000e+00 1.000000e+00 0.000000e+00
    outer loop
      vertex 0.0000 104.6000 0.0000
      vertex 0.0000 104.6000 4.0000
      vertex 32.1946 104.6000 4.0000
    endloop
  endfacet
  facet normal 0.000000e+00 1.000000e+00 0.000000e+00
    outer loop
      vertex 0.0000 104.6000 0.0000
      vertex 32.1946 104.6000 4.0000
      vertex 32.1946 104.6000 0.0000
    endloop
  endfacet
  facet normal 1.000000e+00 0.000000e+00 0.000000e+00
    outer loop
      vertex 32.1946 101.4000 0.0000
      vertex 32.1946 104.6000 0.0000
      vertex 32.1946 104.6000 4.0000
    endloop
  endfacet
  facet normal 1.000000e+00 0.000000e+00 0.000000e+00
    outer loop
      vertex 32.1946 101.4000 0.0000
      vertex 32.1946 104.6000 4.0000
      vertex 32.1946 101.4000 4.0000
    endloop
  endfacet
  facet normal -1.000000e+00 0.000000e+00 0.000000e+00
    outer loop
      vertex 0.0000 101.4000 0.0000
      vertex 0.0000 101.4000 4.0000
      vertex 0.0000 104.6000 4.0000
    endloop
  endfacet
  facet normal -1.000000e+00 0.000000e+00 0.000000e+00
    outer loop
      vertex 0.0000 101.4000 0.0000
      vertex 0.0000 104.6000 4.0000
      vertex 0.0000 104.6000 0.0000
    endloop
  endfacet
endsolid tile_110
solid tile_111
  facet normal 0.000000e+00 0.000000e+00 -1.000000e+00
    outer loop
      vertex 47.8054 101.4000 0.0000
      vertex 47.8054 104.6000 0.0000
      vertex 67.1946 104.6000 0.0000
    endloop
  endfacet
  facet normal 0.000000e+00 0.000000e+00 -1.000000e+00
    outer loop
      vertex 47.8054 101.4000 0.0000
      vertex 67.1946 104.6000 0.0000
      vertex 67.1946 101.4000 0.0000
    endloop
  endfacet
  facet normal 0.000000e+00 0.000000e+00 1.000000e+00
    outer loop
      vertex 47.8054 101.4000 4.0000
      vertex 67.1946 101.4000 4.0000
      vertex 67.1946 104.6000 4.0000
    endloop
  endfacet
  facet normal 0.000000e+00 0.000000e+00 1.000000e+00
    outer loop
      vertex 47.8054 101.4000 4.0000
      vertex 67.1946 104.6000 4.0000
      vertex 47.8054 104.6000 4.0000
    endloop
  endfacet
  facet normal 0.000000e+00 -1.000000e+00 0.000000e+00
    outer loop
      vertex 47.8054 101.4000 0.0000
      vertex 67.1946 101.4000 0.0000
      vertex 67.1946 101.4000 4.0000
    endloop
  endfacet
  facet normal 0.000000e+00 -1.000000e+00 0.000000e+00
    outer loop
      vertex 47.8054 101.4000 0.0000
      vertex 67.1946 101.4000 4.0000
      vertex 47.8054 101.4000 4.0000
    endloop
  endfacet
  facet normal 0.000000e+00 1.000000e+00 0.000000e+00
    outer loop
      vertex 47.8054 104.6000 0.0000
      vertex 47.8054 104.6000 4.0000
      vertex 67.1946 104.6000 4.0000
    endloop
  endfacet
  facet normal 0.000000e+00 1.000000e+00 0.000000e+00
    outer loop
      vertex 47.8054 104.6000 0.0000
      vertex 67.1946 104.6000 4.0000
      vertex 67.1946 104.6000 0.0000
    endloop
  endfacet
  facet normal 1.000000e+00 0.000000e+00 0.000000e+00
    outer loop
      vertex 67.1946 101.4000 0.0000
      vertex 67.1946 104.6000 0.0000
      vertex 67.1946 104.6000 4.0000
    endloop
  endfacet
  facet normal 1.000000e+00 0.000000e+00 0.000000e+00
    outer loop
      vertex 67.1946 101.4000 0.0000
      vertex 67.1946 104.6000 4.0000
      vertex 67.1946 101.4000 4.0000
    endloop
  endfacet
  facet normal -1.000000e+00 0.000000e+00 0.000000e+00
    outer loop
      vertex 47.8054 101.4000 0.0000
      vertex 47.8054 101.4000 4.0000
      vertex 47.8054 104.6000 4.0000
    endloop
  endfacet
  facet normal -1.000000e+00 0.000000e+00 0.000000e+00
    outer loop
      vertex 47.8054 101.4000 0.0000
      vertex 47.8054 104.6000 4.0000
      vertex 47.8054 104.6000 0.0000
    endloop
  endfacet
endsolid tile_111
solid tile_112
  facet normal 0.000000e+00 0.000000e+00 -1.000000e+00
    outer loop
      vertex 82.8054 101.4000 0.0000
      vertex 82.8054 104.6000 0.0000
      vertex 105.6000 104.6000 0.0000
    endloop
  endfacet
  facet normal 0.000000e+00 0.000000e+00 -1.000000e+00
    outer loop
      vertex 82.8054 101.4000 0.0000
      vertex 105.6000 104.6000 0.0000
      vertex 105.6000 101.4000 0.0000
    endloop
  endfacet
  facet normal 0.000000e+00 0.000000e+00 1.000000e+00
    outer loop
      vertex 82.8054 101.4000 4.0000
      vertex 105.6000 101.4000 4.0000
      vertex 105.6000 104.6000 4.0000
    endloop
  endfacet
  facet normal 0.000000e+00 0.000000e+00 1.000000e+00
    outer loop
      vertex 82.8054 101.4000 4.0000
      vertex 105.6000 104.6000 4.0000
      vertex 82.8054 104.6000 4.0000
    endloop
  endfacet
  facet normal 0.000000e+00 -1.000000e+00 0.000000e+00
    outer loop
      vertex 82.8054 101.4000 0.0000
      vertex 105.6000 101.4000 0.0000
      vertex 105.6000 101.4000 4.0000
    endloop
  endfacet
  facet normal 0.000000e+00 -1.000000e+00 0.000000e+00
    outer loop
      vertex 82.8054 101.4000 0.0000
      vertex 105.6000 101.4000 4.0000
      vertex 82.8054 101.4000 4.0000
    endloop
  endfacet
  facet normal 0.000000e+00 1.000000e+00 0.000000e+00
    outer loop
      vertex 82.8054 104.6000 0.0000
      vertex 82.8054 104.6000 4.0000
      vertex 105.6000 104.6000 4.0000
    endloop
  endfacet
  facet normal 0.000000e+00 1.000000e+00 0.000000e+00
    outer loop
      vertex 82.8054 104.6000 0.0000
      vertex 105.6000 104.6000 4.0000
      vertex 105.6000 104.6000 0.0000
    endloop
  endfacet
  facet normal 1.000000e+00 0.000000e+00 0.000000e+00
    outer loop
      vertex 105.6000 101.4000 0.0000
      vertex 105.6000 104.6000 0.0000
      vertex 105.6000 104.6000 4.0000
    endloop
  endfacet
  facet normal 1.000000e+00 0.000000e+00 0.000000e+00
    outer loop
      vertex 105.6000 101.4000 0.0000
      vertex 105.6000 104.6000 4.0000
      vertex 105.6000 101.4000 4.0000
    endloop
  endfacet
  facet normal -1.000000e+00 0.000000e+00 0.000000e+00
    outer loop
      vertex 82.8054 101.4000 0.0000
      vertex 82.8054 101.4000 4.0000
      vertex 82.8054 104.6000 4.0000
    endloop
  endfacet
  facet normal -1.000000e+00 0.000000e+00 0.000000e+00
    outer loop
      vertex 82.8054 101.4000 0.0000
      vertex 82.8054 104.6000 4.0000
      vertex 82.8054 104.6000 0.0000
    endloop
  endfacet
endsolid tile_112
solid tile_113
  facet normal 0.000000e+00 0.000000e+00 -1.000000e+00
    outer loop
      vertex 149.4000 101.4000 0.0000
      vertex 149.4000 104.6000 0.0000
      vertex 200.0000 104.6000 0.0000
    endloop
  endfacet
  facet normal 0.000000e+00 0.000000e+00 -1.000000e+00
    outer loop
      vertex 149.4000 101.4000 0.0000
      vertex 200.0000 104.6000 0.0000
      vertex 200.0000 101.4000 0.0000
    endloop
  endfacet
  facet normal 0.000000e+00 0.000000e+00 1.000000e+00
    outer loop
      vertex 149.4000 101.4000 4.0000
      vertex 200.0000 101.4000 4.0000
      vertex 200.0000 104.6000 4.0000
    endloop
  endfacet
  facet normal 0.000000e+00 0.000000e+00 1.000000e+00
    outer loop
      vertex 149.4000 101.4000 4.0000
      vertex 200.0000 104.6000 4.0000
      vertex 149.4000 104.6000 4.0000
    endloop
  endfacet
  facet normal 0.000000e+00 -1.000000e+00 0.000000e+00
    outer loop
      vertex 149.4000 101.4000 0.0000
      vertex 200.0000 101.4000 0.0000
      vertex 200.0000 101.4000 4.0000
    endloop
  endfacet
  facet normal 0.000000e+00 -1.000000e+00 0.000000e+00
    outer loop
      vertex 149.4000 101.4000 0.0000
      vertex 200.0000 101.4000 4.0000
      vertex 149.4000 101.4000 4.0000
    endloop
  endfacet
  facet normal 0.000000e+00 1.000000e+00 0.000000e+00
    outer loop
      vertex 149.4000 104.6000 0.0000
      vertex 149.4000 104.6000 4.0000
      vertex 200.0000 104.6000 4.0000
    endloop
  endfacet
  facet normal 0.000000e+00 1.000000e+00 0.000000e+00
    outer loop
      vertex 149.4000 104.6000 0.0000
      vertex 200.0000 104.6000 4.0000
      vertex 200.0000 104.6000 0.0000
    endloop
  endfacet
  facet normal 1.000000e+00 0.000000e+00 0.000000e+00
    outer loop
      vertex 200.0000 101.4000 0.0000
      vertex 200.0000 104.6000 0.0000
      vertex 200.0000 104.6000 4.0000
    endloop
  endfacet
  facet normal 1.000000e+00 0.000000e+00 0.000000e+00
    outer loop
      vertex 200.0000 101.4000 0.0000
      vertex 200.0000 104.6000 4.0000
      vertex 200.0000 101.4000 4.0000
    endloop
  endfacet
  facet normal -1.000000e+00 0.000000e+00 0.000000e+00
    outer loop
      vertex 149.4000 101.4000 0.0000
      vertex 149.4000 101.4000 4.0000
      vertex 149.4000 104.6000 4.0000
    endloop
  endfacet
  facet normal -1.000000e+00 0.000000e+00 0.000000e+00
    outer loop
      vertex 149.4000 101.4000 0.0000
      vertex 149.4000 104.6000 4.0000
      vertex 149.4000 104.6000 0.0000
    endloop
  endfacet
endsolid tile_113
solid tile_114
  facet normal 0.000000e+00 0.000000e+00 -1.000000e+00
    outer loop
      vertex 0.0000 103.4000 0.0000
      vertex 0.0000 106.6000 0.0000
      vertex 32.9774 106.6000 0.0000
    endloop
  endfacet
  facet normal 0.000000e+00 0.000000e+00 -1.000000e+00
    outer loop
      vertex 0.0000 103.4000 0.0000
      vertex 32.9774 106.6000 0.0000
      vertex 32.9774 103.4000 0.0000
    endloop
  endfacet
  facet normal 0.000000e+00 0.000000e+00 1.000000e+00
    outer loop
      vertex 0.0000 103.4000 4.0000
      vertex 32.9774 103.4000 4.0000
      vertex 32.9774 106.6000 4.0000
    endloop
  endfacet
  facet normal 0.000000e+00 0.000000e+00 1.000000e+00
    outer loop
      vertex 0.0000 103.4000 4.0000
      vertex 32.9774 106.6000 4.0000
      vertex 0.0000 106.6000 4.0000
    endloop
  endfacet
  facet normal 0.000000e+00 -1.000000e+00 0.000000e+00
    outer loop
      vertex 0.0000 103.4000 0.0000
      vertex 32.9774 103.4000 0.0000
      vertex 32.9774 103.4000 4.0000
    endloop
  endfacet
  facet normal 0.000000e+00 -1.000000e+00 0.000000e+00
    outer loop
      vertex 0.0000 103.4000 0.0000
      vertex 32.9774 103.4000 4.0000
      vertex 0.0000 103.4000 4.0000
    endloop
  endfacet
  facet normal 0.000000e+00 1.000000e+00 0.000000e+00
    outer loop
      vertex 0.0000 106.6000 0.0000
      vertex 0.0000 106.6000 4.0000
      vertex 32.9774 106.6000 4.0000
    endloop
  endfacet
  facet normal 0.000000e+00 1.000000e+00 0.000000e+00
    outer loop
      vertex 0.0000 106.6000 0.0000
      vertex 32.9774 106.6000 4.0000
      vertex 32.9774 106.6000 0.0000
    endloop
  endfacet
  facet normal 1.000000e+00 0.000000e+00 0.000000e+00
    outer loop
      vertex 32.9774 103.4000 0.0000
      vertex 32.9774 106.6000 0.0000
      vertex 32.9774 106.6000 4.0000
    endloop
  endfacet
  facet normal 1.000000e+00 0.000000e+00 0.000000e+00
    outer loop
      vertex 32.9774 103.4000 0.0000
      vertex 32.9774 106.6000 4.0000
      vertex 32.9774 103.4000 4.0000
    endloop
  endfacet
  facet normal -1.000000e+00 0.000000e+00 0.000000e+00
    outer loop
      vertex 0.0000 103.4000 0.0000
      vertex 0.0000 103.4000 4.0000
      vertex 0.0000 106.6000 4.0000
    endloop
  endfacet
  facet normal -1.000000e+00 0.000000e+00 0.000000e+00
    outer loop
      vertex 0.0000 103.4000 0.0000
      vertex 0.0000 106.6000 4.0000
      vertex 0.0000 106.6000 0.0000
    endloop
  endfacet
endsolid tile_114
solid tile_115
  facet normal 0.000000e+00 0.000000e+00 -1.000000e+00
    outer loop
      vertex 47.0226 103.4000 0.0000
      vertex 47.0226 106.6000 0.0000
      vertex 67.9774 106.6000 0.0000
    endloop
  endfacet
  facet normal 0.000000e+00 0.000000e+00 -1.000000e+00
    outer loop
      vertex 47.0226 103.4000 0.0000
      vertex 67.9774 106.6000 0.0000
      vertex 67.9774 103.4000 0.0000
    endloop
  endfacet
  facet normal 0.000000e+00 0.000000e+00 1.000000e+00
    outer loop
      vertex 47.0226 103.4000 4.0000
      vertex 67.9774 103.4000 4.0000
      vertex 67.9774 106.6000 4.0000
    endloop
  endfacet
  facet normal 0.000000e+00 0.000000e+00 1.000000e+00
    outer loop
      vertex 47.0226 103.4000 4.0000
      vertex 67.9774 106.6000 4.0000
      vertex 47.0226 106.6000 4.0000
    endloop
  endfacet
  facet normal 0.000000e+00 -1.000000e+00 0.000000e+00
    outer loop
      vertex 47.0226 103.4000 0.0000
      vertex 67.9774 103.4000 0.0000
      vertex 67.9774 103.4000 4.0000
    endloop
  endfacet
  facet normal 0.000000e+00 -1.000000e+00 0.000000e+00
    outer loop
      vertex 47.0226 103.4000 0.0000
      vertex 67.9774 103.4000 4.0000
      vertex 47.0226 103.4000 4.0000
    endloop
  endfacet
  facet normal 0.000000e+00 1.000000e+00 0.000000e+00
    outer loop
      vertex 47.0226 106.6000 0.0000
      vertex 47.0226 106.6000 4.0000
      vertex 67.9774 106.6000 4.0000
    endloop
  endfacet
  facet normal 0.000000e+00 1.000000e+00 0.000000e+00
    outer loop
      vertex 47.0226 106.6000 0.0000
      vertex 67.9774 106.6000 4.0000
      vertex 67.9774 106.6000 0.0000
    endloop
  endfacet
  facet normal 1.000000e+00 0.000000e+00 0.000000e+00
    outer loop
      vertex 67.9774 103.4000 0.0000
      vertex 67.9774 106.6000 0.0000
      vertex 67.9774 106.6000 4.0000
    endloop
  endfacet
  facet normal 1.000000e+00 0.000000e+00 0.000000e+00
    outer loop
      vertex 67.9774 103.4000 0.0000
      vertex 67.9774 106.6000 4.0000
      vertex 67.9774 103.4000 4.0000
    endloop
  endfacet
  facet normal -1.000000e+00 0.000000e+00 0.000000e+00
    outer loop
      vertex 47.0226 103.4000 0.0000
      vertex 47.0226 103.4000 4.0000
      vertex 47.0226 106.6000 4.0000
    endloop
  endfacet
  facet normal -1.000000e+00 0.000000e+00 0.000000e+00
    outer loop
      vertex 47.0226 103.4000 0.0000
      vertex 47.0226 106.6000 4.0000
      vertex 47.0226 106.6000 0.0000
    endloop
  endfacet
endsolid tile_115
solid tile_116
  facet normal 0.000000e+00 0.000000e+00 -1.000000e+00
    outer loop
      vertex 82.0226 103.4000 0.0000
      vertex 82.0226 106.6000 0.0000
      vertex 105.6000 106.6000 0.0000
    endloop
  endfacet
  facet normal 0.000000e+00 0.000000e+00 -1.000000e+00
    outer loop
      vertex 82.0226 103.4000 0.0000
      vertex 105.6000 106.6000 0.0000
      vertex 105.6000 103.4000 0.0000
    endloop
  endfacet
  facet normal 0.000000e+00 0.000000e+00 1.000000e+00
    outer loop
      vertex 82.0226 103.4000 4.0000
      vertex 105.6000 103.4000 4.0000
      vertex 105.6000 106.6000 4.0000
    endloop
  endfacet
  facet normal 0.000000e+00 0.000000e+00 1.000000e+00
    outer loop
      vertex 82.0226 103.4000 4.0000
      vertex 105.6000 106.6000 4.0000
      vertex 82.0226 106.6000 4.0000
    endloop
  endfacet
  facet normal 0.000000e+00 -1.000000e+00 0.000000e+00
    outer loop
      vertex 82.0226 103.4000 0.0000
      vertex 105.6000 103.4000 0.0000
      vertex 105.6000 103.4000 4.0000
    endloop
  endfacet
  facet normal 0.000000e+00 -1.000000e+00 0.000000e+00
    outer loop
      vertex 82.0226 103.4000 0.0000
      vertex 105.6000 103.4000 4.0000
      vertex 82.0226 103.4000 4.0000
    endloop
  endfacet
  facet normal 0.000000e+00 1.000000e+00 0.000000e+00
    outer loop
      vertex 82.0226 106.6000 0.0000
      vertex 82.0226 106.6000 4.0000
      vertex 105.6000 106.6000 4.0000
    endloop
  endfacet
  facet normal 0.000000e+00 1.000000e+00 0.000000e+00
    outer loop
      vertex 82.0226 106.6000 0.0000
      vertex 105.6000 106.6000 4.0000
      vertex 105.6000 106.6000 0.0000
    endloop
  endfacet
  facet normal 1.000000e+00 0.000000e+00 0.000000e+00
    outer loop
      vertex 105.6000 103.4000 0.0000
      vertex 105.6000 106.6000 0.0000
      vertex 105.6000 106.6000 4.0000
    endloop
  endfacet
  facet normal 1.000000e+00 0.000000e+00 0.000000e+00
    outer loop
      vertex 105.6000 103.4000 0.0000
      vertex 105.6000 106.6000 4.0000
      vertex 105.6000 103.4000 4.0000
    endloop
  endfacet
  facet normal -1.000000e+00 0.000000e+00 0.000000e+00
    outer loop
      vertex 82.0226 103.4000 0.0000
      vertex 82.0226 103.4000 4.0000
      vertex 82.0226 106.6000 4.0000
    endloop
  endfacet
  facet normal -1.000000e+00 0.000000e+00 0.000000e+00
    outer loop
      vertex 82.0226 103.4000 0.0000
      vertex 82.0226 106.6000 4.0000
      vertex 82.0226 106.6000 0.0000
    endloop
  endfacet
endsolid tile_116
solid tile_117
  facet normal 0.000000e+00 0.000000e+00 -1.000000e+00
    outer loop
      vertex 149.4000 103.4000 0.0000
      vertex 149.4000 106.6000 0.0000
      vertex 200.0000 106.6000 0.0000
    endloop
  endfacet
  facet normal 0.000000e+00 0.000000e+00 -1.000000e+00
    outer loop
      vertex 149.4000 103.4000 0.0000
      vertex 200.0000 106.6000 0.0000
      vertex 200.0000 103.4000 0.0000
    endloop
  endfacet
  facet normal 0.000000e+00 0.000000e+00 1.000000e+00
    outer loop
      vertex 149.4000 103.4000 4.0000
      vertex 200.0000 103.4000 4.0000
      vertex 200.0000 106.6000 4.0000
    endloop
  endfacet
  facet normal 0.000000e+00 0.000000e+00 1.000000e+00
    outer loop
      vertex 149.4000 103.4000 4.0000
      vertex 200.0000 106.6000 4.0000
      vertex 149.4000 106.6000 4.0000
    endloop
  endfacet
  facet normal 0.000000e+00 -1.000000e+00 0.000000e+00
    outer loop
      vertex 149.4000 103.4000 0.0000
      vertex 200.0000 103.4000 0.0000
      vertex 200.0000 103.4000 4.0000
    endloop
  endfacet
  facet normal 0.000000e+00 -1.000000e+00 0.000000e+00
    outer loop
      vertex 149.4000 103.4000 0.0000
      vertex 200.0000 103.4000 4.0000
      vertex 149.4000 103.4000 4.0000
    endloop
  endfacet
  facet normal 0.000000e+00 1.000000e+00 0.000000e+00
    outer loop
      vertex 149.4000 106.6000 0.0000
      vertex 149.4000 106.6000 4.0000
      vertex 200.0000 106.6000 4.0000
    endloop
  endfacet
  facet normal 0.000000e+00 1.000000e+00 0.000000e+00
    outer loop
      vertex 149.4000 106.6000 0.0000
      vertex 200.0000 106.6000 4.0000
      vertex 200.0000 106.6000 0.0000
    endloop
  endfacet
  facet normal 1.000000e+00 0.000000e+00 0.000000e+00
    outer loop
      vertex 200.0000 103.4000 0.0000
      vertex 200.0000 106.6000 0.0000
      vertex 200.0000 106.6000 4.0000
    endloop
  endfacet
  facet normal 1.000000e+00 0.000000e+00 0.000000e+00
    outer loop
      vertex 200.0000 103.4000 0.0000
      vertex 200.0000 106.6000 4.0000
      vertex 200.0000 103.4000 4.0000
    endloop
  endfacet
  facet normal -1.000000e+00 0.000000e+00 0.000000e+00
    outer loop
      vertex 149.4000 103.4000 0.0000
      vertex 149.4000 103.4000 4.0000
      vertex 149.4000 106.6000 4.0000
    endloop
  endfacet
  facet normal -1.000000e+00 0.000000e+00 0.000000e+00
    outer loop
      vertex 149.4000 103.4000 0.0000
      vertex 149.4000 106.6000 4.0000
      vertex 149.4000 106.6000 0.0000
    endloop
  endfacet
endsolid tile_117
solid tile_118
  facet normal 0.000000e+00 0.000000e+00 -1.000000e+00
    outer loop
      vertex 0.0000 105.4000 0.0000
      vertex 0.0000 108.6000 0.0000
      vertex 34.5150 108.6000 0.0000
    endloop
  endfacet
  facet normal 0.000000e+00 0.000000e+00 -1.000000e+00
    outer loop
      vertex 0.0000 105.4000 0.0000
      vertex 34.5150 108.6000 0.0000
      vertex 34.5150 105.4000 0.0000
    endloop
  endfacet
  facet normal 0.000000e+00 0.000000e+00 1.000000e+00
    outer loop
      vertex 0.0000 105.4000 4.0000
      vertex 34.5150 105.4000 4.0000
      vertex 34.5150 108.6000 4.0000
    endloop
  endfacet
  facet normal 0.000000e+00 0.000000e+00 1.000000e+00
    outer loop
      vertex 0.0000 105.4000 4.0000
      vertex 34.5150 108.6000 4.0000
      vertex 0.0000 108.6000 4.0000
    endloop
  endfacet
  facet normal 0.000000e+00 -1.000000e+00 0.000000e+00
    outer loop
      vertex 0.0000 105.4000 0.0000
      vertex 34.5150 105.4000 0.0000
      vertex 34.5150 105.4000 4.0000
    endloop
  endfacet
  facet normal 0.000000e+00 -1.000000e+00 0.000000e+00
    outer loop
      vertex 0.0000 105.4000 0.0000
      vertex 34.5150 105.4000 4.0000
      vertex 0.0000 105.4000 4.0000
    endloop
  endfacet
  facet normal 0.000000e+00 1.000000e+00 0.000000e+00
    outer loop
      vertex 0.0000 108.6000 0.0000
      vertex 0.0000 108.6000 4.0000
      vertex 34.5150 108.6000 4.0000
    endloop
  endfacet
  facet normal 0.000000e+00 1.000000e+00 0.000000e+00
    outer loop
      vertex 0.0000 108.6000 0.0000
      vertex 34.5150 108.6000 4.0000
      vertex 34.5150 108.6000 0.0000
    endloop
  endfacet
  facet normal 1.000000e+00 0.000000e+00 0.000000e+00
    outer loop
      vertex 34.5150 105.4000 0.0000
      vertex 34.5150 108.6000 0.0000
      vertex 34.5150 108.6000 4.0000
    endloop
  endfacet
  facet normal 1.000000e+00 0.000000e+00 0.000000e+00
    outer loop
      vertex 34.5150 105.4000 0.0000
      vertex 34.5150 108.6000 4.0000
      vertex 34.5150 105.4000 4.0000
    endloop
  endfacet
  facet normal -1.000000e+00 0.000000e+00 0.000000e+00
    outer loop
      vertex 0.0000 105.4000 0.0000
      vertex 0.0000 105.4000 4.0000
      vertex 0.0000 108.6000 4.0000
    endloop
  endfacet
  facet normal -1.000000e+00 0.000000e+00 0.000000e+00
    outer loop
      vertex 0.0000 105.4000 0.0000
      vertex 0.0000 108.6000 4.0000
      vertex 0.0000 108.6000 0.0000
    endloop
  endfacet
endsolid tile_118
solid tile_119
  facet normal 0.000000e+00 0.000000e+00 -1.000000e+00
    outer loop
      vertex 45.4850 105.4000 0.0000
      vertex 45.4850 108.6000 0.0000
      vertex 69.5150 108.6000 0.0000
    endloop
  endfacet
  facet normal 0.000000e+00 0.000000e+00 -1.000000e+00
    outer loop
      vertex 45.4850 105.4000 0.0000
      vertex 69.5150 108.6000 0.0000
      vertex 69.5150 105.4000 0.0000
    endloop
  endfacet
  facet normal 0.000000e+00 0.000000e+00 1.000000e+00
    outer loop
      vertex 45.4850 105.4000 4.0000
      vertex 69.5150 105.4000 4.0000
      vertex 69.5150 108.6000 4.0000
    endloop
  endfacet
  facet normal 0.000000e+00 0.000000e+00 1.000000e+00
    outer loop
      vertex 45.4850 105.4000 4.0000
      vertex 69.5150 108.6000 4.0000
      vertex 45.4850 108.6000 4.0000
    endloop
  endfacet
  facet normal 0.000000e+00 -1.000000e+00 0.000000e+00
    outer loop
      vertex 45.4850 105.4000 0.0000
      vertex 69.5150 105.4000 0.0000
      vertex 69.5150 105.4000 4.0000
    endloop
  endfacet
  facet normal 0.000000e+00 -1.000000e+00 0.000000e+00
    outer loop
      vertex 45.4850 105.4000 0.0000
      vertex 69.5150 105.4000 4.0000
      vertex 45.4850 105.4000 4.0000
    endloop
  endfacet
  facet normal 0.000000e+00 1.000000e+00 0.000000e+00
    outer loop
      vertex 45.4850 108.6000 0.0000
      vertex 45.4850 108.6000 4.0000
      vertex 69.5150 108.6000 4.0000
    endloop
  endfacet
  facet normal 0.000000e+00 1.000000e+00 0.000000e+00
    outer loop
      vertex 45.4850 108.6000 0.0000
      vertex 69.5150 108.6000 4.0000
      vertex 69.5150 108.6000 0.0000
    endloop
  endfacet
  facet normal 1.000000e+00 0.000000e+00 0.000000e+00
    outer loop
      vertex 69.5150 105.4000 0.0000
      vertex 69.5150 108.6000 0.0000
      vertex 69.5150 108.6000 4.0000
    endloop
  endfacet
  facet normal 1.000000e+00 0.000000e+00 0.000000e+00
    outer loop
      vertex 69.5150 105.4000 0.0000
      vertex 69.5150 108.6000 4.0000
      vertex 69.5150 105.4000 4.0000
    endloop
  endfacet
  facet normal -1.000000e+00 0.000000e+00 0.000000e+00
    outer loop
      vertex 45.4850 105.4000 0.0000
      vertex 45.4850 105.4000 4.0000
      vertex 45.4850 108.6000 4.0000
    endloop
  endfacet
  facet normal -1.000000e+00 0.000000e+00 0.000000e+00
    outer loop
      vertex 45.4850 105.4000 0.0000
      vertex 45.4850 108.6000 4.0000
      vertex 45.4850 108.6000 0.0000
    endloop
  endfacet
endsolid tile_119
solid tile_120
  facet normal 0.000000e+00 0.000000e+00 -1.000000e+00
    outer loop
      vertex 80.4850 105.4000 0.0000
      vertex 80.4850 108.6000 0.0000
      vertex 105.6000 108.6000 0.0000
    endloop
  endfacet
  facet normal 0.000000e+00 0.000000e+00 -1.000000e+00
    outer loop
      vertex 80.4850 105.4000 0.0000
      vertex 105.6000 108.6000 0.0000
      vertex 105.6000 105.4000 0.0000
    endloop
  endfacet
  facet normal 0.000000e+00 0.000000e+00 1.000000e+00
    outer loop
      vertex 80.4850 105.4000 4.0000
      vertex 105.6000 105.4000 4.0000
      vertex 105.6000 108.6000 4.0000
    endloop
  endfacet
  facet normal 0.000000e+00 0.000000e+00 1.000000e+00
    outer loop
      vertex 80.4850 105.4000 4.0000
      vertex 105.6000 108.6000 4.0000
      vertex 80.4850 108.6000 4.0000
    endloop
  endfacet
  facet normal 0.000000e+00 -1.000000e+00 0.000000e+00
    outer loop
      vertex 80.4850 105.4000 0.0000
      vertex 105.6000 105.4000 0.0000
      vertex 105.6000 105.4000 4.0000
    endloop
  endfacet
  facet normal 0.000000e+00 -1.000000e+00 0.000000e+00
    outer loop
      vertex 80.4850 105.4000 0.0000
      vertex 105.6000 105.4000 4.0000
      vertex 80.4850 105.4000 4.0000
    endloop
  endfacet
  facet normal 0.000000e+00 1.000000e+00 0.000000e+00
    outer loop
      vertex 80.4850 108.6000 0.0000
      vertex 80.4850 108.6000 4.0000
      vertex 105.6000 108.6000 4.0000
    endloop
  endfacet
  facet normal 0.000000e+00 1.000000e+00 0.000000e+00
    outer loop
      vertex 80.4850 108.6000 0.0000
      vertex 105.6000 108.6000 4.0000
      vertex 105.6000 108.6000 0.0000
    endloop
  endfacet
  facet normal 1.000000e+00 0.000000e+00 0.000000e+00
    outer loop
      vertex 105.6000 105.4000 0.0000
      vertex 105.6000 108.6000 0.0000
      vertex 105.6000 108.6000 4.0000
    endloop
  endfacet
  facet normal 1.000000e+00 0.000000e+00 0.000000e+00
    outer loop
      vertex 105.6000 105.4000 0.0000
      vertex 105.6000 108.6000 4.0000
      vertex 105.6000 105.4000 4.0000
    endloop
  endfacet
  facet normal -1.000000e+00 0.000000e+00 0.000000e+00
    outer loop
      vertex 80.4850 105.4000 0.0000
      vertex 80.4850 105.4000 4.0000
      vertex 80.4850 108.6000 4.0000
    endloop
  endfacet
  facet normal -1.000000e+00 0.000000e+00 0.000000e+00
    outer loop
      vertex 80.4850 105.4000 0.0000
      vertex 80.4850 108.6000 4.0000
      vertex 80.4850 108.6000 0.0000
    endloop
  endfacet
endsolid tile_120
solid tile_121
  facet normal 0.000000e+00 0.000000e+00 -1.000000e+00
    outer loop
      vertex 149.4000 105.4000 0.0000
      vertex 149.4000 108.6000 0.0000
      vertex 200.0000 108.6000 0.0000
    endloop
  endfacet
  facet normal 0.000000e+00 0.000000e+00 -1.000000e+00
    outer loop
      vertex 149.4000 105.4000 0.0000
      vertex 200.0000 108.6000 0.0000
      vertex 200.0000 105.4000 0.0000
    endloop
  endfacet
  facet normal 0.000000e+00 0.000000e+00 1.000000e+00
    outer loop
      vertex 149.4000 105.4000 4.0000
      vertex 200.0000 105.4000 4.0000
      vertex 200.0000 108.6000 4.0000
    endloop
  endfacet
  facet normal 0.000000e+00 0.000000e+00 1.000000e+00
    outer loop
      vertex 149.4000 105.4000 4.0000
      vertex 200.0000 108.6000 4.0000
      vertex 149.4000 108.6000 4.0000
    endloop
  endfacet
  facet normal 0.000000e+00 -1.000000e+00 0.000000e+00
    outer loop
      vertex 149.4000 105.4000 0.0000
      vertex 200.0000 105.4000 0.0000
      vertex 200.0000 105.4000 4.0000
    endloop
  endfacet
  facet normal 0.000000e+00 -1.000000e+00 0.000000e+00
    outer loop
      vertex 149.4000 105.4000 0.0000
      vertex 200.0000 105.4000 4.0000
      vertex 149.4000 105.4000 4.0000
    endloop
  endfacet
  facet normal 0.000000e+00 1.000000e+00 0.000000e+00
    outer loop
      vertex 149.4000 108.6000 0.0000
      vertex 149.4000 108.6000 4.0000
      vertex 200.0000 108.6000 4.0000
    endloop
  endfacet
  facet normal 0.000000e+00 1.000000e+00 0.000000e+00
    outer loop
      vertex 149.4000 108.6000 0.0000
      vertex 200.0000 108.6000 4.0000
      vertex 200.0000 108.6000 0.0000
    endloop
  endfacet
  facet normal 1.000000e+00 0.000000e+00 0.000000e+00
    outer loop
      vertex 200.0000 105.4000 0.0000
      vertex 200.0000 108.6000 0.0000
      vertex 200.0000 108.6000 4.0000
    endloop
  endfacet
  facet normal 1.000000e+00 0.000000e+00 0.000000e+00
    outer loop
      vertex 200.0000 105.4000 0.0000
      vertex 200.0000 108.6000 4.0000
      vertex 200.0000 105.4000 4.0000
    endloop
  endfacet
  facet normal -1.000000e+00 0.000000e+00 0.000000e+00
    outer loop
      vertex 149.4000 105.4000 0.0000
      vertex 149.4000 105.4000 4.0000
      vertex 149.4000 108.6000 4.0000
    endloop
  endfacet
  facet normal -1.000000e+00 0.000000e+00 0.000000e+00
    outer loop
      vertex 149.4000 105.4000 0.0000
      vertex 149.4000 108.6000 4.0000
      vertex 149.4000 108.6000 0.0000
    endloop
  endfacet
endsolid tile_121
solid tile_122
  facet normal 0.000000e+00 0.000000e+00 -1.000000e+00
    outer loop
      vertex 0.0000 107.4000 0.0000
      vertex 0.0000 110.6000 0.0000
      vertex 105.6000 110.6000 0.0000
    endloop
  endfacet
  facet normal 0.000000e+00 0.000000e+00 -1.000000e+00
    outer loop
      vertex 0.0000 107.4000 0.0000
      vertex 105.6000 110.6000 0.0000
      vertex 105.6000 107.4000 0.0000
    endloop
  endfacet
  facet normal 0.000000e+00 0.000000e+00 1.000000e+00
    outer loop
      vertex 0.0000 107.4000 4.0000
      vertex 105.6000 107.4000 4.0000
      vertex 105.6000 110.6000 4.0000
    endloop
  endfacet
  facet normal 0.000000e+00 0.000000e+00 1.000000e+00
    outer loop
      vertex 0.0000 107.4000 4.0000
      vertex 105.6000 110.6000 4.0000
      vertex 0.0000 110.6000 4.0000
    endloop
  endfacet
  facet normal 0.000000e+00 -1.000000e+00 0.000000e+00
    outer loop
      vertex 0.0000 107.4000 0.0000
      vertex 105.6000 107.4000 0.0000
      vertex 105.6000 107.4000 4.0000
    endloop
  endfacet
  facet normal 0.000000e+00 -1.000000e+00 0.000000e+00
    outer loop
      vertex 0.0000 107.4000 0.0000
      vertex 105.6000 107.4000 4.0000
      vertex 0.0000 107.4000 4.0000
    endloop
  endfacet
  facet normal 0.000000e+00 1.000000e+00 0.000000e+00
    outer loop
      vertex 0.0000 110.6000 0.0000
      vertex 0.0000 110.6000 4.0000
      vertex 105.6000 110.6000 4.0000
    endloop
  endfacet
  facet normal 0.000000e+00 1.000000e+00 0.000000e+00
    outer loop
      vertex 0.0000 110.6000 0.0000
      vertex 105.6000 110.6000 4.0000
      vertex 105.6000 110.6000 0.0000
    endloop
  endfacet
  facet normal 1.000000e+00 0.000000e+00 0.000000e+00
    outer loop
      vertex 105.6000 107.4000 0.0000
      vertex 105.6000 110.6000 0.0000
      vertex 105.6000 110.6000 4.0000
    endloop
  endfacet
  facet normal 1.000000e+00 0.000000e+00 0.000000e+00
    outer loop
      vertex 105.6000 107.4000 0.0000
      vertex 105.6000 110.6000 4.0000
      vertex 105.6000 107.4000 4.0000
    endloop
  endfacet
  facet normal -1.000000e+00 0.000000e+00 0.000000e+00
    outer loop
      vertex 0.0000 107.4000 0.0000
      vertex 0.0000 107.4000 4.0000
      vertex 0.0000 110.6000 4.0000
    endloop
  endfacet
  facet normal -1.000000e+00 0.000000e+00 0.000000e+00
    outer loop
      vertex 0.0000 107.4000 0.0000
      vertex 0.0000 110.6000 4.0000
      vertex 0.0000 110.6000 0.0000
    endloop
  endfacet
endsolid tile_122
solid tile_123
  facet normal 0.000000e+00 0.000000e+00 -1.000000e+00
    outer loop
      vertex 149.4000 107.4000 0.0000
      vertex 149.4000 110.6000 0.0000
      vertex 200.0000 110.6000 0.0000
    endloop
  endfacet
  facet normal 0.000000e+00 0.000000e+00 -1.000000e+00
    outer loop
      vertex 149.4000 107.4000 0.0000
      vertex 200.0000 110.6000 0.0000
      vertex 200.0000 107.4000 0.0000
    endloop
  endfacet
  facet normal 0.000000e+00 0.000000e+00 1.000000e+00
    outer loop
      vertex 149.4000 107.4000 4.0000
      vertex 200.0000 107.4000 4.0000
      vertex 200.0000 110.6000 4.0000
    endloop
  endfacet
  facet normal 0.000000e+00 0.000000e+00 1.000000e+00
    outer loop
      vertex 149.4000 107.4000 4.0000
      vertex 200.0000 110.6000 4.0000
      vertex 149.4000 110.6000 4.0000
    endloop
  endfacet
  facet normal 0.000000e+00 -1.000000e+00 0.000000e+00
    outer loop
      vertex 149.4000 107.4000 0.0000
      vertex 200.0000 107.4000 0.0000
      vertex 200.0000 107.4000 4.0000
    endloop
  endfacet
  facet normal 0.000000e+00 -1.000000e+00 0.000000e+00
    outer loop
      vertex 149.4000 107.4000 0.0000
      vertex 200.0000 107.4000 4.0000
      vertex 149.4000 107.4000 4.0000
    endloop
  endfacet
  facet normal 0.000000e+00 1.000000e+00 0.000000e+00
    outer loop
      vertex 149.4000 110.6000 0.0000
      vertex 149.4000 110.6000 4.0000
      vertex 200.0000 110.6000 4.0000
    endloop
  endfacet
  facet normal 0.000000e+00 1.000000e+00 0.000000e+00
    outer loop
      vertex 149.4000 110.6000 0.0000
      vertex 200.0000 110.6000 4.0000
      vertex 200.0000 110.6000 0.0000
    endloop
  endfacet
  facet normal 1.000000e+00 0.000000e+00 0.000000e+00
    outer loop
      vertex 200.0000 107.4000 0.0000
      vertex 200.0000 110.6000 0.0000
      vertex 200.0000 110.6000 4.0000
    endloop
  endfacet
  facet normal 1.000000e+00 0.000000e+00 0.000000e+00
    outer loop
      vertex 200.0000 107.4000 0.0000
      vertex 200.0000 110.6000 4.0000
      vertex 200.0000 107.4000 4.0000
    endloop
  endfacet
  facet normal -1.000000e+00 0.000000e+00 0.000000e+00
    outer loop
      vertex 149.4000 107.4000 0.0000
      vertex 149.4000 107.4000 4.0000
      vertex 149.4000 110.6000 4.0000
    endloop
  endfacet
  facet normal -1.000000e+00 0.000000e+00 0.000000e+00
    outer loop
      vertex 149.4000 107.4000 0.0000
      vertex 149.4000 110.6000 4.0000
      vertex 149.4000 110.6000 0.0000
    endloop
  endfacet
endsolid tile_123
solid tile_124
  facet normal 0.000000e+00 0.000000e+00 -1.000000e+00
    outer loop
      vertex 0.0000 109.4000 0.0000
      vertex 0.0000 112.6000 0.0000
      vertex 105.6000 112.6000 0.0000
    endloop
  endfacet
  facet normal 0.000000e+00 0.000000e+00 -1.000000e+00
    outer loop
      vertex 0.0000 109.4000 0.0000
      vertex 105.6000 112.6000 0.0000
      vertex 105.6000 109.4000 0.0000
    endloop
  endfacet
  facet normal 0.000000e+00 0.000000e+00 1.000000e+00
    outer loop
      vertex 0.0000 109.4000 4.0000
      vertex 105.6000 109.4000 4.0000
      vertex 105.6000 112.6000 4.0000
    endloop
  endfacet
  facet normal 0.000000e+00 0.000000e+00 1.000000e+00
    outer loop
      vertex 0.0000 109.4000 4.0000
      vertex 105.6000 112.6000 4.0000
      vertex 0.0000 112.6000 4.0000
    endloop
  endfacet
  facet normal 0.000000e+00 -1.000000e+00 0.000000e+00
    outer loop
      vertex 0.0000 109.4000 0.0000
      vertex 105.6000 109.4000 0.0000
      vertex 105.6000 109.4000 4.0000
    endloop
  endfacet
  facet normal 0.000000e+00 -1.000000e+00 0.000000e+00
    outer loop
      vertex 0.0000 109.4000 0.0000
      vertex 105.6000 109.4000 4.0000
      vertex 0.0000 109.4000 4.0000
    endloop
  endfacet
  facet normal 0.000000e+00 1.000000e+00 0.000000e+00
    outer loop
      vertex 0.0000 112.6000 0.0000
      vertex 0.0000 112.6000 4.0000
      vertex 105.6000 112.6000 4.0000
    endloop
  endfacet
  facet normal 0.000000e+00 1.000000e+00 0.000000e+00
    outer loop
      vertex 0.0000 112.6000 0.0000
      vertex 105.6000 112.6000 4.0000
      vertex 105.6000 112.6000 0.0000
    endloop
  endfacet
  facet normal 1.000000e+00 0.000000e+00 0.000000e+00
    outer loop
      vertex 105.6000 109.4000 0.0000
      vertex 105.6000 112.6000 0.0000
      vertex 105.6000 112.6000 4.0000
    endloop
  endfacet
  facet normal 1.000000e+00 0.000000e+00 0.000000e+00
    outer loop
      vertex 105.6000 109.4000 0.0000
      vertex 105.6000 112.6000 4.0000
      vertex 105.6000 109.4000 4.0000
    endloop
  endfacet
  facet normal -1.000000e+00 0.000000e+00 0.000000e+00
    outer loop
      vertex 0.0000 109.4000 0.0000
      vertex 0.0000 109.4000 4.0000
      vertex 0.0000 112.6000 4.0000
    endloop
  endfacet
  facet normal -1.000000e+00 0.000000e+00 0.000000e+00
    outer loop
      vertex 0.0000 109.4000 0.0000
      vertex 0.0000 112.6000 4.0000
      vertex 0.0000 112.6000 0.0000
    endloop
  endfacet
endsolid tile_124
solid tile_125
  facet normal 0.000000e+00 0.000000e+00 -1.000000e+00
    outer loop
      vertex 149.4000 109.4000 0.0000
      vertex 149.4000 112.6000 0.0000
      vertex 200.0000 112.6000 0.0000
    endloop
  endfacet
  facet normal 0.000000e+00 0.000000e+00 -1.000000e+00
    outer loop
      vertex 149.4000 109.4000 0.0000
      vertex 200.0000 112.6000 0.0000
      vertex 200.0000 109.4000 0.0000
    endloop
  endfacet
  facet normal 0.000000e+00 0.000000e+00 1.000000e+00
    outer loop
      vertex 149.4000 109.4000 4.0000
      vertex 200.0000 109.4000 4.0000
      vertex 200.0000 112.6000 4.0000
    endloop
  endfacet
  facet normal 0.000000e+00 0.000000e+00 1.000000e+00
    outer loop
      vertex 149.4000 109.4000 4.0000
      vertex 200.0000 112.6000 4.0000
      vertex 149.4000 112.6000 4.0000
    endloop
  endfacet
  facet normal 0.000000e+00 -1.000000e+00 0.000000e+00
    outer loop
      vertex 149.4000 109.4000 0.0000
      vertex 200.0000 109.4000 0.0000
      vertex 200.0000 109.4000 4.0000
    endloop
  endfacet
  facet normal 0.000000e+00 -1.000000e+00 0.000000e+00
    outer loop
      vertex 149.4000 109.4000 0.0000
      vertex 200.0000 109.4000 4.0000
      vertex 149.4000 109.4000 4.0000
    endloop
  endfacet
  facet normal 0.000000e+00 1.000000e+00 0.000000e+00
    outer loop
      vertex 149.4000 112.6000 0.0000
      vertex 149.4000 112.6000 4.0000
      vertex 200.0000 112.6000 4.0000
    endloop
  endfacet
  facet normal 0.000000e+00 1.000000e+00 0.000000e+00
    outer loop
      vertex 149.4000 112.6000 0.0000
      vertex 200.0000 112.6000 4.0000
      vertex 200.0000 112.6000 0.0000
    endloop
  endfacet
  facet normal 1.000000e+00 0.000000e+00 0.000000e+00
    outer loop
      vertex 200.0000 109.4000 0.0000
      vertex 200.0000 112.6000 0.0000
      vertex 200.0000 112.6000 4.0000
    endloop
  endfacet
  facet normal 1.000000e+00 0.000000e+00 0.000000e+00
    outer loop
      vertex 200.0000 109.4000 0.0000
      vertex 200.0000 112.6000 4.0000
      vertex 200.0000 109.4000 4.0000
    endloop
  endfacet
  facet normal -1.000000e+00 0.000000e+00 0.000000e+00
    outer loop
      vertex 149.4000 109.4000 0.0000
      vertex 149.4000 109.4000 4.0000
      vertex 149.4000 112.6000 4.0000
    endloop
  endfacet
  facet normal -1.000000e+00 0.000000e+00 0.000000e+00
    outer loop
      vertex 149.4000 109.4000 0.0000
      vertex 149.4000 112.6000 4.0000
      vertex 149.4000 112.6000 0.0000
    endloop
  endfacet
endsolid tile_125
solid tile_126
  facet normal 0.000000e+00 0.000000e+00 -1.000000e+00
    outer loop
      vertex 0.0000 111.4000 0.0000
      vertex 0.0000 113.6000 0.0000
      vertex 105.6000 113.6000 0.0000
    endloop
  endfacet
  facet normal 0.000000e+00 0.000000e+00 -1.000000e+00
    outer loop
      vertex 0.0000 111.4000 0.0000
      vertex 105.6000 113.6000 0.0000
      vertex 105.6000 111.4000 0.0000
    endloop
  endfacet
  facet normal 0.000000e+00 0.000000e+00 1.000000e+00
    outer loop
      vertex 0.0000 111.4000 4.0000
      vertex 105.6000 111.4000 4.0000
      vertex 105.6000 113.6000 4.0000
    endloop
  endfacet
  facet normal 0.000000e+00 0.000000e+00 1.000000e+00
    outer loop
      vertex 0.0000 111.4000 4.0000
      vertex 105.6000 113.6000 4.0000
      vertex 0.0000 113.6000 4.0000
    endloop
  endfacet
  facet normal 0.000000e+00 -1.000000e+00 0.000000e+00
    outer loop
      vertex 0.0000 111.4000 0.0000
      vertex 105.6000 111.4000 0.0000
      vertex 105.6000 111.4000 4.0000
    endloop
  endfacet
  facet normal 0.000000e+00 -1.000000e+00 0.000000e+00
    outer loop
      vertex 0.0000 111.4000 0.0000
      vertex 105.6000 111.4000 4.0000
      vertex 0.0000 111.4000 4.0000
    endloop
  endfacet
  facet normal 0.000000e+00 1.000000e+00 0.000000e+00
    outer loop
      vertex 0.0000 113.6000 0.0000
      vertex 0.0000 113.6000 4.0000
      vertex 105.6000 113.6000 4.0000
    endloop
  endfacet
  facet normal 0.000000e+00 1.000000e+00 0.000000e+00
    outer loop
      vertex 0.0000 113.6000 0.0000
      vertex 105.6000 113.6000 4.0000
      vertex 105.6000 113.6000 0.0000
    endloop
  endfacet
  facet normal 1.000000e+00 0.000000e+00 0.000000e+00
    outer loop
      vertex 105.6000 111.4000 0.0000
      vertex 105.6000 113.6000 0.0000
      vertex 105.6000 113.6000 4.0000
    endloop
  endfacet
  facet normal 1.000000e+00 0.000000e+00 0.000000e+00
    outer loop
      vertex 105.6000 111.4000 0.0000
      vertex 105.6000 113.6000 4.0000
      vertex 105.6000 111.4000 4.0000
    endloop
  endfacet
  facet normal -1.000000e+00 0.000000e+00 0.000000e+00
    outer loop
      vertex 0.0000 111.4000 0.0000
      vertex 0.0000 111.4000 4.0000
      vertex 0.0000 113.6000 4.0000
    endloop
  endfacet
  facet normal -1.000000e+00 0.000000e+00 0.000000e+00
    outer loop
      vertex 0.0000 111.4000 0.0000
      vertex 0.0000 113.6000 4.0000
      vertex 0.0000 113.6000 0.0000
    endloop
  endfacet
endsolid tile_126
solid tile_127
  facet normal 0.000000e+00 0.000000e+00 -1.000000e+00
    outer loop
      vertex 149.4000 111.4000 0.0000
      vertex 149.4000 113.6000 0.0000
      vertex 200.0000 113.6000 0.0000
    endloop
  endfacet
  facet normal 0.000000e+00 0.000000e+00 -1.000000e+00
    outer loop
      vertex 149.4000 111.4000 0.0000
      vertex 200.0000 113.6000 0.0000
      vertex 200.0000 111.4000 0.0000
    endloop
  endfacet
  facet normal 0.000000e+00 0.000000e+00 1.000000e+00
    outer loop
      vertex 149.4000 111.4000 4.0000
      vertex 200.0000 111.4000 4.0000
      vertex 200.0000 113.6000 4.0000
    endloop
  endfacet
  facet normal 0.000000e+00 0.000000e+00 1.000000e+00
    outer loop
      vertex 149.4000 111.4000 4.0000
      vertex 200.0000 113.6000 4.0000
      vertex 149.4000 113.6000 4.0000
    endloop
  endfacet
  facet normal 0.000000e+00 -1.000000e+00 0.000000e+00
    outer loop
      vertex 149.4000 111.4000 0.0000
      vertex 200.0000 111.4000 0.0000
      vertex 200.0000 111.4000 4.0000
    endloop
  endfacet
  facet normal 0.000000e+00 -1.000000e+00 0.000000e+00
    outer loop
      vertex 149.4000 111.4000 0.0000
      vertex 200.0000 111.4000 4.0000
      vertex 149.4000 111.4000 4.0000
    endloop
  endfacet
  facet normal 0.000000e+00 1.000000e+00 0.000000e+00
    outer loop
      vertex 149.4000 113.6000 0.0000
      vertex 149.4000 113.6000 4.0000
      vertex 200.0000 113.6000 4.0000
    endloop
  endfacet
  facet normal 0.000000e+00 1.000000e+00 0.000000e+00
    outer loop
      vertex 149.4000 113.6000 0.0000
      vertex 200.0000 113.6000 4.0000
      vertex 200.0000 113.6000 0.0000
    endloop
  endfacet
  facet normal 1.000000e+00 0.000000e+00 0.000000e+00
    outer loop
      vertex 200.0000 111.4000 0.0000
      vertex 200.0000 113.6000 0.0000
      vertex 200.0000 113.6000 4.0000
    endloop
  endfacet
  facet normal 1.000000e+00 0.000000e+00 0.000000e+00
    outer loop
      vertex 200.0000 111.4000 0.0000
      vertex 200.0000 113.6000 4.0000
      vertex 200.0000 111.4000 4.0000
    endloop
  endfacet
  facet normal -1.000000e+00 0.000000e+00 0.000000e+00
    outer loop
      vertex 149.4000 111.4000 0.0000
      vertex 149.4000 111.4000 4.0000
      vertex 149.4000 113.6000 4.0000
    endloop
  endfacet
  facet normal -1.000000e+00 0.000000e+00 0.000000e+00
    outer loop
      vertex 149.4000 111.4000 0.0000
      vertex 149.4000 113.6000 4.0000
      vertex 149.4000 113.6000 0.0000
    endloop
  endfacet
endsolid tile_127
solid tile_128
  facet normal 0.000000e+00 0.000000e+00 -1.000000e+00
    outer loop
      vertex 0.0000 112.4000 0.0000
      vertex 0.0000 114.6000 0.0000
      vertex 200.0000 114.6000 0.0000
    endloop
  endfacet
  facet normal 0.000000e+00 0.000000e+00 -1.000000e+00
    outer loop
      vertex 0.0000 112.4000 0.0000
      vertex 200.0000 114.6000 0.0000
      vertex 200.0000 112.4000 0.0000
    endloop
  endfacet
  facet normal 0.000000e+00 0.000000e+00 1.000000e+00
    outer loop
      vertex 0.0000 112.4000 4.0000
      vertex 200.0000 112.4000 4.0000
      vertex 200.0000 114.6000 4.0000
    endloop
  endfacet
  facet normal 0.000000e+00 0.000000e+00 1.000000e+00
    outer loop
      vertex 0.0000 112.4000 4.0000
      vertex 200.0000 114.6000 4.0000
      vertex 0.0000 114.6000 4.0000
    endloop
  endfacet
  facet normal 0.000000e+00 -1.000000e+00 0.000000e+00
    outer loop
      vertex 0.0000 112.4000 0.0000
      vertex 200.0000 112.4000 0.0000
      vertex 200.0000 112.4000 4.0000
    endloop
  endfacet
  facet normal 0.000000e+00 -1.000000e+00 0.000000e+00
    outer loop
      vertex 0.0000 112.4000 0.0000
      vertex 200.0000 112.4000 4.0000
      vertex 0.0000 112.4000 4.0000
    endloop
  endfacet
  facet normal 0.000000e+00 1.000000e+00 0.000000e+00
    outer loop
      vertex 0.0000 114.6000 0.0000
      vertex 0.0000 114.6000 4.0000
      vertex 200.0000 114.6000 4.0000
    endloop
  endfacet
  facet normal 0.000000e+00 1.000000e+00 0.000000e+00
    outer loop
      vertex 0.0000 114.6000 0.0000
      vertex 200.0000 114.6000 4.0000
      vertex 200.0000 114.6000 0.0000
    endloop
  endfacet
  facet normal 1.000000e+00 0.000000e+00 0.000000e+00
    outer loop
      vertex 200.0000 112.4000 0.0000
      vertex 200.0000 114.6000 0.0000
      vertex 200.0000 114.6000 4.0000
    endloop
  endfacet
  facet normal 1.000000e+00 0.000000e+00 0.000000e+00
    outer loop
      vertex 200.0000 112.4000 0.0000
      vertex 200.0000 114.6000 4.0000
      vertex 200.0000 112.4000 4.0000
    endloop
  endfacet
  facet normal -1.000000e+00 0.000000e+00 0.000000e+00
    outer loop
      vertex 0.0000 112.4000 0.0000
      vertex 0.0000 112.4000 4.0000
      vertex 0.0000 114.6000 4.0000
    endloop
  endfacet
  facet normal -1.000000e+00 0.000000e+00 0.000000e+00
    outer loop
      vertex 0.0000 112.4000 0.0000
      vertex 0.0000 114.6000 4.0000
      vertex 0.0000 114.6000 0.0000
    endloop
  endfacet
endsolid tile_128
solid tile_129
  facet normal 0.000000e+00 0.000000e+00 -1.000000e+00
    outer loop
      vertex 0.0000 113.4000 0.0000
      vertex 0.0000 114.9000 0.0000
      vertex 200.0000 114.9000 0.0000
    endloop
  endfacet
  facet normal 0.000000e+00 0.000000e+00 -1.000000e+00
    outer loop
      vertex 0.0000 113.4000 0.0000
      vertex 200.0000 114.9000 0.0000
      vertex 200.0000 113.4000 0.0000
    endloop
  endfacet
  facet normal 0.000000e+00 0.000000e+00 1.000000e+00
    outer loop
      vertex 0.0000 113.4000 4.0000
      vertex 200.0000 113.4000 4.0000
      vertex 200.0000 114.9000 4.0000
    endloop
  endfacet
  facet normal 0.000000e+00 0.000000e+00 1.000000e+00
    outer loop
      vertex 0.0000 113.4000 4.0000
      vertex 200.0000 114.9000 4.0000
      vertex 0.0000 114.9000 4.0000
    endloop
  endfacet
  facet normal 0.000000e+00 -1.000000e+00 0.000000e+00
    outer loop
      vertex 0.0000 113.4000 0.0000
      vertex 200.0000 113.4000 0.0000
      vertex 200.0000 113.4000 4.0000
    endloop
  endfacet
  facet normal 0.000000e+00 -1.000000e+00 0.000000e+00
    outer loop
      vertex 0.0000 113.4000 0.0000
      vertex 200.0000 113.4000 4.0000
      vertex 0.0000 113.4000 4.0000
    endloop
  endfacet
  facet normal 0.000000e+00 1.000000e+00 0.000000e+00
    outer loop
      vertex 0.0000 114.9000 0.0000
      vertex 0.0000 114.9000 4.0000
      vertex 200.0000 114.9000 4.0000
    endloop
  endfacet
  facet normal 0.000000e+00 1.000000e+00 0.000000e+00
    outer loop
      vertex 0.0000 114.9000 0.0000
      vertex 200.0000 114.9000 4.0000
      vertex 200.0000 114.9000 0.0000
    endloop
  endfacet
  facet normal 1.000000e+00 0.000000e+00 0.000000e+00
    outer loop
      vertex 200.0000 113.4000 0.0000
      vertex 200.0000 114.9000 0.0000
      vertex 200.0000 114.9000 4.0000
    endloop
  endfacet
  facet normal 1.000000e+00 0.000000e+00 0.000000e+00
    outer loop
      vertex 200.0000 113.4000 0.0000
      vertex 200.0000 114.9000 4.0000
      vertex 200.0000 113.4000 4.0000
    endloop
  endfacet
  facet normal -1.000000e+00 0.000000e+00 0.000000e+00
    outer loop
      vertex 0.0000 113.4000 0.0000
      vertex 0.0000 113.4000 4.0000
      vertex 0.0000 114.9000 4.0000
    endloop
  endfacet
  facet normal -1.000000e+00 0.000000e+00 0.000000e+00
    outer loop
      vertex 0.0000 113.4000 0.0000
      vertex 0.0000 114.9000 4.0000
      vertex 0.0000 114.9000 0.0000
    endloop
  endfacet
endsolid tile_129
solid tile_130
  facet normal 0.000000e+00 0.000000e+00 -1.000000e+00
    outer loop
      vertex 0.0000 113.7000 0.0000
      vertex 0.0000 122.7000 0.0000
      vertex 200.0000 122.7000 0.0000
    endloop
  endfacet
  facet normal 0.000000e+00 0.000000e+00 -1.000000e+00
    outer loop
      vertex 0.0000 113.7000 0.0000
      vertex 200.0000 122.7000 0.0000
      vertex 200.0000 113.7000 0.0000
    endloop
  endfacet
  facet normal 0.000000e+00 0.000000e+00 1.000000e+00
    outer loop
      vertex 0.0000 113.7000 4.0000
      vertex 200.0000 113.7000 4.0000
      vertex 200.0000 122.7000 4.0000
    endloop
  endfacet
  facet normal 0.000000e+00 0.000000e+00 1.000000e+00
    outer loop
      vertex 0.0000 113.7000 4.0000
      vertex 200.0000 122.7000 4.0000
      vertex 0.0000 122.7000 4.0000
    endloop
  endfacet
  facet normal 0.000000e+00 -1.000000e+00 0.000000e+00
    outer loop
      vertex 0.0000 113.7000 0.0000
      vertex 200.0000 113.7000 0.0000
      vertex 200.0000 113.7000 4.0000
    endloop
  endfacet
  facet normal 0.000000e+00 -1.000000e+00 0.000000e+00
    outer loop
      vertex 0.0000 113.7000 0.0000
      vertex 200.0000 113.7000 4.0000
      vertex 0.0000 113.7000 4.0000
    endloop
  endfacet
  facet normal 0.000000e+00 1.000000e+00 0.000000e+00
    outer loop
      vertex 0.0000 122.7000 0.0000
      vertex 0.0000 122.7000 4.0000
      vertex 200.0000 122.7000 4.0000
    endloop
  endfacet
  facet normal 0.000000e+00 1.000000e+00 0.000000e+00
    outer loop
      vertex 0.0000 122.7000 0.0000
      vertex 200.0000 122.7000 4.0000
      vertex 200.0000 122.7000 0.0000
    endloop
  endfacet
  facet normal 1.000000e+00 0.000000e+00 0.000000e+00
    outer loop
      vertex 200.0000 113.7000 0.0000
      vertex 200.0000 122.7000 0.0000
      vertex 200.0000 122.7000 4.0000
    endloop
  endfacet
  facet normal 1.000000e+00 0.000000e+00 0.000000e+00
    outer loop
      vertex 200.0000 113.7000 0.0000
      vertex 200.0000 122.7000 4.0000
      vertex 200.0000 113.7000 4.0000
    endloop
  endfacet
  facet normal -1.000000e+00 0.000000e+00 0.000000e+00
    outer loop
      vertex 0.0000 113.7000 0.0000
      vertex 0.0000 113.7000 4.0000
      vertex 0.0000 122.7000 4.0000
    endloop
  endfacet
  facet normal -1.000000e+00 0.000000e+00 0.000000e+00
    outer loop
      vertex 0.0000 113.7000 0.0000
      vertex 0.0000 122.7000 4.0000
      vertex 0.0000 122.7000 0.0000
    endloop
  endfacet
endsolid tile_130
solid tile_131
  facet normal 0.000000e+00 0.000000e+00 -1.000000e+00
    outer loop
      vertex 0.0000 121.5000 0.0000
      vertex 0.0000 124.6000 0.0000
      vertex 200.0000 124.6000 0.0000
    endloop
  endfacet
  facet normal 0.000000e+00 0.000000e+00 -1.000000e+00
    outer loop
      vertex 0.0000 121.5000 0.0000
      vertex 200.0000 124.6000 0.0000
      vertex 200.0000 121.5000 0.0000
    endloop
  endfacet
  facet normal 0.000000e+00 0.000000e+00 1.000000e+00
    outer loop
      vertex 0.0000 121.5000 4.0000
      vertex 200.0000 121.5000 4.0000
      vertex 200.0000 124.6000 4.0000
    endloop
  endfacet
  facet normal 0.000000e+00 0.000000e+00 1.000000e+00
    outer loop
      vertex 0.0000 121.5000 4.0000
      vertex 200.0000 124.6000 4.0000
      vertex 0.0000 124.6000 4.0000
    endloop
  endfacet
  facet normal 0.000000e+00 -1.000000e+00 0.000000e+00
    outer loop
      vertex 0.0000 121.5000 0.0000
      vertex 200.0000 121.5000 0.0000
      vertex 200.0000 121.5000 4.0000
    endloop
  endfacet
  facet normal 0.000000e+00 -1.000000e+00 0.000000e+00
    outer loop
      vertex 0.0000 121.5000 0.0000
      vertex 200.0000 121.5000 4.0000
      vertex 0.0000 121.5000 4.0000
    endloop
  endfacet
  facet normal 0.000000e+00 1.000000e+00 0.000000e+00
    outer loop
      vertex 0.0000 124.6000 0.0000
      vertex 0.0000 124.6000 4.0000
      vertex 200.0000 124.6000 4.0000
    endloop
  endfacet
  facet normal 0.000000e+00 1.000000e+00 0.000000e+00
    outer loop
      vertex 0.0000 124.6000 0.0000
      vertex 200.0000 124.6000 4.0000
      vertex 200.0000 124.6000 0.0000
    endloop
  endfacet
  facet normal 1.000000e+00 0.000000e+00 0.000000e+00
    outer loop
      vertex 200.0000 121.5000 0.0000
      vertex 200.0000 124.6000 0.0000
      vertex 200.0000 124.6000 4.0000
    endloop
  endfacet
  facet normal 1.000000e+00 0.000000e+00 0.000000e+00
    outer loop
      vertex 200.0000 121.5000 0.0000
      vertex 200.0000 124.6000 4.0000
      vertex 200.0000 121.5000 4.0000
    endloop
  endfacet
  facet normal -1.000000e+00 0.000000e+00 0.000000e+00
    outer loop
      vertex 0.0000 121.5000 0.0000
      vertex 0.0000 121.5000 4.0000
      vertex 0.0000 124.6000 4.0000
    endloop
  endfacet
  facet normal -1.000000e+00 0.000000e+00 0.000000e+00
    outer loop
      vertex 0.0000 121.5000 0.0000
      vertex 0.0000 124.6000 4.0000
      vertex 0.0000 124.6000 0.0000
    endloop
  endfacet
endsolid tile_131
solid tile_132
  facet normal 0.000000e+00 0.000000e+00 -1.000000e+00
    outer loop
      vertex 0.0000 123.4000 0.0000
      vertex 0.0000 126.6000 0.0000
      vertex 200.0000 126.6000 0.0000
    endloop
  endfacet
  facet normal 0.000000e+00 0.000000e+00 -1.000000e+00
    outer loop
      vertex 0.0000 123.4000 0.0000
      vertex 200.0000 126.6000 0.0000
      vertex 200.0000 123.4000 0.0000
    endloop
  endfacet
  facet normal 0.000000e+00 0.000000e+00 1.000000e+00
    outer loop
      vertex 0.0000 123.4000 4.0000
      vertex 200.0000 123.4000 4.0000
      vertex 200.0000 126.6000 4.0000
    endloop
  endfacet
  facet normal 0.000000e+00 0.000000e+00 1.000000e+00
    outer loop
      vertex 0.0000 123.4000 4.0000
      vertex 200.0000 126.6000 4.0000
      vertex 0.0000 126.6000 4.0000
    endloop
  endfacet
  facet normal 0.000000e+00 -1.000000e+00 0.000000e+00
    outer loop
      vertex 0.0000 123.4000 0.0000
      vertex 200.0000 123.4000 0.0000
      vertex 200.0000 123.4000 4.0000
    endloop
  endfacet
  facet normal 0.000000e+00 -1.000000e+00 0.000000e+00
    outer loop
      vertex 0.0000 123.4000 0.0000
      vertex 200.0000 123.4000 4.0000
      vertex 0.0000 123.4000 4.0000
    endloop
  endfacet
  facet normal 0.000000e+00 1.000000e+00 0.000000e+00
    outer loop
      vertex 0.0000 126.6000 0.0000
      vertex 0.0000 126.6000 4.0000
      vertex 200.0000 126.6000 4.0000
    endloop
  endfacet
  facet normal 0.000000e+00 1.000000e+00 0.000000e+00
    outer loop
      vertex 0.0000 126.6000 0.0000
      vertex 200.0000 126.6000 4.0000
      vertex 200.0000 126.6000 0.0000
    endloop
  endfacet
  facet normal 1.000000e+00 0.000000e+00 0.000000e+00
    outer loop
      vertex 200.0000 123.4000 0.0000
      vertex 200.0000 126.6000 0.0000
      vertex 200.0000 126.6000 4.0000
    endloop
  endfacet
  facet normal 1.000000e+00 0.000000e+00 0.000000e+00
    outer loop
      vertex 200.0000 123.4000 0.0000
      vertex 200.0000 126.6000 4.0000
      vertex 200.0000 123.4000 4.0000
    endloop
  endfacet
  facet normal -1.000000e+00 0.000000e+00 0.000000e+00
    outer loop
      vertex 0.0000 123.4000 0.0000
      vertex 0.0000 123.4000 4.0000
      vertex 0.0000 126.6000 4.0000
    endloop
  endfacet
  facet normal -1.000000e+00 0.000000e+00 0.000000e+00
    outer loop
      vertex 0.0000 123.4000 0.0000
      vertex 0.0000 126.6000 4.0000
      vertex 0.0000 126.6000 0.0000
    endloop
  endfacet
endsolid tile_132
solid tile_133
  facet normal 0.000000e+00 0.000000e+00 -1.000000e+00
    outer loop
      vertex 0.0000 125.4000 0.0000
      vertex 0.0000 128.6000 0.0000
      vertex 200.0000 128.6000 0.0000
    endloop
  endfacet
  facet normal 0.000000e+00 0.000000e+00 -1.000000e+00
    outer loop
      vertex 0.0000 125.4000 0.0000
      vertex 200.0000 128.6000 0.0000
      vertex 200.0000 125.4000 0.0000
    endloop
  endfacet
  facet normal 0.000000e+00 0.000000e+00 1.000000e+00
    outer loop
      vertex 0.0000 125.4000 4.0000
      vertex 200.0000 125.4000 4.0000
      vertex 200.0000 128.6000 4.0000
    endloop
  endfacet
  facet normal 0.000000e+00 0.000000e+00 1.000000e+00
    outer loop
      vertex 0.0000 125.4000 4.0000
      vertex 200.0000 128.6000 4.0000
      vertex 0.0000 128.6000 4.0000
    endloop
  endfacet
  facet normal 0.000000e+00 -1.000000e+00 0.000000e+00
    outer loop
      vertex 0.0000 125.4000 0.0000
      vertex 200.0000 125.4000 0.0000
      vertex 200.0000 125.4000 4.0000
    endloop
  endfacet
  facet normal 0.000000e+00 -1.000000e+00 0.000000e+00
    outer loop
      vertex 0.0000 125.4000 0.0000
      vertex 200.0000 125.4000 4.0000
      vertex 0.0000 125.4000 4.0000
    endloop
  endfacet
  facet normal 0.000000e+00 1.000000e+00 0.000000e+00
    outer loop
      vertex 0.0000 128.6000 0.0000
      vertex 0.0000 128.6000 4.0000
      vertex 200.0000 128.6000 4.0000
    endloop
  endfacet
  facet normal 0.000000e+00 1.000000e+00 0.000000e+00
    outer loop
      vertex 0.0000 128.6000 0.0000
      vertex 200.0000 128.6000 4.0000
      vertex 200.0000 128.6000 0.0000
    endloop
  endfacet
  facet normal 1.000000e+00 0.000000e+00 0.000000e+00
    outer loop
      vertex 200.0000 125.4000 0.0000
      vertex 200.0000 128.6000 0.0000
      vertex 200.0000 128.6000 4.0000
    endloop
  endfacet
  facet normal 1.000000e+00 0.000000e+00 0.000000e+00
    outer loop
      vertex 200.0000 125.4000 0.0000
      vertex 200.0000 128.6000 4.0000
      vertex 200.0000 125.4000 4.0000
    endloop
  endfacet
  facet normal -1.000000e+00 0.000000e+00 0.000000e+00
    outer loop
      vertex 0.0000 125.4000 0.0000
      vertex 0.0000 125.4000 4.0000
      vertex 0.0000 128.6000 4.0000
    endloop
  endfacet
  facet normal -1.000000e+00 0.000000e+00 0.000000e+00
    outer loop
      vertex 0.0000 125.4000 0.0000
      vertex 0.0000 128.6000 4.0000
      vertex 0.0000 128.6000 0.0000
    endloop
  endfacet
endsolid tile_133
solid tile_134
  facet normal 0.000000e+00 0.000000e+00 -1.000000e+00
    outer loop
      vertex 0.0000 127.4000 0.0000
      vertex 0.0000 130.6000 0.0000
      vertex 8.3500 130.6000 0.0000
    endloop
  endfacet
  facet normal 0.000000e+00 0.000000e+00 -1.000000e+00
    outer loop
      vertex 0.0000 127.4000 0.0000
      vertex 8.3500 130.6000 0.0000
      vertex 8.3500 127.4000 0.0000
    endloop
  endfacet
  facet normal 0.000000e+00 0.000000e+00 1.000000e+00
    outer loop
      vertex 0.0000 127.4000 4.0000
      vertex 8.3500 127.4000 4.0000
      vertex 8.3500 130.6000 4.0000
    endloop
  endfacet
  facet normal 0.000000e+00 0.000000e+00 1.000000e+00
    outer loop
      vertex 0.0000 127.4000 4.0000
      vertex 8.3500 130.6000 4.0000
      vertex 0.0000 130.6000 4.0000
    endloop
  endfacet
  facet normal 0.000000e+00 -1.000000e+00 0.000000e+00
    outer loop
      vertex 0.0000 127.4000 0.0000
      vertex 8.3500 127.4000 0.0000
      vertex 8.3500 127.4000 4.0000
    endloop
  endfacet
  facet normal 0.000000e+00 -1.000000e+00 0.000000e+00
    outer loop
      vertex 0.0000 127.4000 0.0000
      vertex 8.3500 127.4000 4.0000
      vertex 0.0000 127.4000 4.0000
    endloop
  endfacet
  facet normal 0.000000e+00 1.000000e+00 0.000000e+00
    outer loop
      vertex 0.0000 130.6000 0.0000
      vertex 0.0000 130.6000 4.0000
      vertex 8.3500 130.6000 4.0000
    endloop
  endfacet
  facet normal 0.000000e+00 1.000000e+00 0.000000e+00
    outer loop
      vertex 0.0000 130.6000 0.0000
      vertex 8.3500 130.6000 4.0000
      vertex 8.3500 130.6000 0.0000
    endloop
  endfacet
  facet normal 1.000000e+00 0.000000e+00 0.000000e+00
    outer loop
      vertex 8.3500 127.4000 0.0000
      vertex 8.3500 130.6000 0.0000
      vertex 8.3500 130.6000 4.0000
    endloop
  endfacet
  facet normal 1.000000e+00 0.000000e+00 0.000000e+00
    outer loop
      vertex 8.3500 127.4000 0.0000
      vertex 8.3500 130.6000 4.0000
      vertex 8.3500 127.4000 4.0000
    endloop
  endfacet
  facet normal -1.000000e+00 0.000000e+00 0.000000e+00
    outer loop
      vertex 0.0000 127.4000 0.0000
      vertex 0.0000 127.4000 4.0000
      vertex 0.0000 130.6000 4.0000
    endloop
  endfacet
  facet normal -1.000000e+00 0.000000e+00 0.000000e+00
    outer loop
      vertex 0.0000 127.4000 0.0000
      vertex 0.0000 130.6000 4.0000
      vertex 0.0000 130.6000 0.0000
    endloop
  endfacet
endsolid tile_134
solid tile_135
  facet normal 0.000000e+00 0.000000e+00 -1.000000e+00
    outer loop
      vertex 11.6500 127.4000 0.0000
      vertex 11.6500 130.6000 0.0000
      vertex 188.3500 130.6000 0.0000
    endloop
  endfacet
  facet normal 0.000000e+00 0.000000e+00 -1.000000e+00
    outer loop
      vertex 11.6500 127.4000 0.0000
      vertex 188.3500 130.6000 0.0000
      vertex 188.3500 127.4000 0.0000
    endloop
  endfacet
  facet normal 0.000000e+00 0.000000e+00 1.000000e+00
    outer loop
      vertex 11.6500 127.4000 4.0000
      vertex 188.3500 127.4000 4.0000
      vertex 188.3500 130.6000 4.0000
    endloop
  endfacet
  facet normal 0.000000e+00 0.000000e+00 1.000000e+00
    outer loop
      vertex 11.6500 127.4000 4.0000
      vertex 188.3500 130.6000 4.0000
      vertex 11.6500 130.6000 4.0000
    endloop
  endfacet
  facet normal 0.000000e+00 -1.000000e+00 0.000000e+00
    outer loop
      vertex 11.6500 127.4000 0.0000
      vertex 188.3500 127.4000 0.0000
      vertex 188.3500 127.4000 4.0000
    endloop
  endfacet
  facet normal 0.000000e+00 -1.000000e+00 0.000000e+00
    outer loop
      vertex 11.6500 127.4000 0.0000
      vertex 188.3500 127.4000 4.0000
      vertex 11.6500 127.4000 4.0000
    endloop
  endfacet
  facet normal 0.000000e+00 1.000000e+00 0.000000e+00
    outer loop
      vertex 11.6500 130.6000 0.0000
      vertex 11.6500 130.6000 4.0000
      vertex 188.3500 130.6000 4.0000
    endloop
  endfacet
  facet normal 0.000000e+00 1.000000e+00 0.000000e+00
    outer loop
      vertex 11.6500 130.6000 0.0000
      vertex 188.3500 130.6000 4.0000
      vertex 188.3500 130.6000 0.0000
    endloop
  endfacet
  facet normal 1.000000e+00 0.000000e+00 0.000000e+00
    outer loop
      vertex 188.3500 127.4000 0.0000
      vertex 188.3500 130.6000 0.0000
      vertex 188.3500 130.6000 4.0000
    endloop
  endfacet
  facet normal 1.000000e+00 0.000000e+00 0.000000e+00
    outer loop
      vertex 188.3500 127.4000 0.0000
      vertex 188.3500 130.6000 4.0000
      vertex 188.3500 127.4000 4.0000
    endloop
  endfacet
  facet normal -1.000000e+00 0.000000e+00 0.000000e+00
    outer loop
      vertex 11.6500 127.4000 0.0000
      vertex 11.6500 127.4000 4.0000
      vertex 11.6500 130.6000 4.0000
    endloop
  endfacet
  facet normal -1.000000e+00 0.000000e+00 0.000000e+00
    outer loop
      vertex 11.6500 127.4000 0.0000
      vertex 11.6500 130.6000 4.0000
      vertex 11.6500 130.6000 0.0000
    endloop
  endfacet
endsolid tile_135
solid tile_136
  facet normal 0.000000e+00 0.000000e+00 -1.000000e+00
    outer loop
      vertex 191.6500 127.4000 0.0000
      vertex 191.6500 130.6000 0.0000
      vertex 200.0000 130.6000 0.0000
    endloop
  endfacet
  facet normal 0.000000e+00 0.000000e+00 -1.000000e+00
    outer loop
      vertex 191.6500 127.4000 0.0000
      vertex 200.0000 130.6000 0.0000
      vertex 200.0000 127.4000 0.0000
    endloop
  endfacet
  facet normal 0.000000e+00 0.000000e+00 1.000000e+00
    outer loop
      vertex 191.6500 127.4000 4.0000
      vertex 200.0000 127.4000 4.0000
      vertex 200.0000 130.6000 4.0000
    endloop
  endfacet
  facet normal 0.000000e+00 0.000000e+00 1.000000e+00
    outer loop
      vertex 191.6500 127.4000 4.0000
      vertex 200.0000 130.6000 4.0000
      vertex 191.6500 130.6000 4.0000
    endloop
  endfacet
  facet normal 0.000000e+00 -1.000000e+00 0.000000e+00
    outer loop
      vertex 191.6500 127.4000 0.0000
      vertex 200.0000 127.4000 0.0000
      vertex 200.0000 127.4000 4.0000
    endloop
  endfacet
  facet normal 0.000000e+00 -1.000000e+00 0.000000e+00
    outer loop
      vertex 191.6500 127.4000 0.0000
      vertex 200.0000 127.4000 4.0000
      vertex 191.6500 127.4000 4.0000
    endloop
  endfacet
  facet normal 0.000000e+00 1.000000e+00 0.000000e+00
    outer loop
      vertex 191.6500 130.6000 0.0000
      vertex 191.6500 130.6000 4.0000
      vertex 200.0000 130.6000 4.0000
    endloop
  endfacet
  facet normal 0.000000e+00 1.000000e+00 0.000000e+00
    outer loop
      vertex 191.6500 130.6000 0.0000
      vertex 200.0000 130.6000 4.0000
      vertex 200.0000 130.6000 0.0000
    endloop
  endfacet
  facet normal 1.000000e+00 0.000000e+00 0.000000e+00
    outer loop
      vertex 200.0000 127.4000 0.0000
      vertex 200.0000 130.6000 0.0000
      vertex 200.0000 130.6000 4.0000
    endloop
  endfacet
  facet normal 1.000000e+00 0.000000e+00 0.000000e+00
    outer loop
      vertex 200.0000 127.4000 0.0000
      vertex 200.0000 130.6000 4.0000
      vertex 200.0000 127.4000 4.0000
    endloop
  endfacet
  facet normal -1.000000e+00 0.000000e+00 0.000000e+00
    outer loop
      vertex 191.6500 127.4000 0.0000
      vertex 191.6500 127.4000 4.0000
      vertex 191.6500 130.6000 4.0000
    endloop
  endfacet
  facet normal -1.000000e+00 0.000000e+00 0.000000e+00
    outer loop
      vertex 191.6500 127.4000 0.0000
      vertex 191.6500 130.6000 4.0000
      vertex 191.6500 130.6000 0.0000
    endloop
  endfacet
endsolid tile_136
solid tile_137
  facet normal 0.000000e+00 0.000000e+00 -1.000000e+00
    outer loop
      vertex 0.0000 129.4000 0.0000
      vertex 0.0000 132.6000 0.0000
      vertex 8.3500 132.6000 0.0000
    endloop
  endfacet
  facet normal 0.000000e+00 0.000000e+00 -1.000000e+00
    outer loop
      vertex 0.0000 129.4000 0.0000
      vertex 8.3500 132.6000 0.0000
      vertex 8.3500 129.4000 0.0000
    endloop
  endfacet
  facet normal 0.000000e+00 0.000000e+00 1.000000e+00
    outer loop
      vertex 0.0000 129.4000 4.0000
      vertex 8.3500 129.4000 4.0000
      vertex 8.3500 132.6000 4.0000
    endloop
  endfacet
  facet normal 0.000000e+00 0.000000e+00 1.000000e+00
    outer loop
      vertex 0.0000 129.4000 4.0000
      vertex 8.3500 132.6000 4.0000
      vertex 0.0000 132.6000 4.0000
    endloop
  endfacet
  facet normal 0.000000e+00 -1.000000e+00 0.000000e+00
    outer loop
      vertex 0.0000 129.4000 0.0000
      vertex 8.3500 129.4000 0.0000
      vertex 8.3500 129.4000 4.0000
    endloop
  endfacet
  facet normal 0.000000e+00 -1.000000e+00 0.000000e+00
    outer loop
      vertex 0.0000 129.4000 0.0000
      vertex 8.3500 129.4000 4.0000
      vertex 0.0000 129.4000 4.0000
    endloop
  endfacet
  facet normal 0.000000e+00 1.000000e+00 0.000000e+00
    outer loop
      vertex 0.0000 132.6000 0.0000
      vertex 0.0000 132.6000 4.0000
      vertex 8.3500 132.6000 4.0000
    endloop
  endfacet
  facet normal 0.000000e+00 1.000000e+00 0.000000e+00
    outer loop
      vertex 0.0000 132.6000 0.0000
      vertex 8.3500 132.6000 4.0000
      vertex 8.3500 132.6000 0.0000
    endloop
  endfacet
  facet normal 1.000000e+00 0.000000e+00 0.000000e+00
    outer loop
      vertex 8.3500 129.4000 0.0000
      vertex 8.3500 132.6000 0.0000
      vertex 8.3500 132.6000 4.0000
    endloop
  endfacet
  facet normal 1.000000e+00 0.000000e+00 0.000000e+00
    outer loop
      vertex 8.3500 129.4000 0.0000
      vertex 8.3500 132.6000 4.0000
      vertex 8.3500 129.4000 4.0000
    endloop
  endfacet
  facet normal -1.000000e+00 0.000000e+00 0.000000e+00
    outer loop
      vertex 0.0000 129.4000 0.0000
      vertex 0.0000 129.4000 4.0000
      vertex 0.0000 132.6000 4.0000
    endloop
  endfacet
  facet normal -1.000000e+00 0.000000e+00 0.000000e+00
    outer loop
      vertex 0.0000 129.4000 0.0000
      vertex 0.0000 132.6000 4.0000
      vertex 0.0000 132.6000 0.0000
    endloop
  endfacet
endsolid tile_137
solid tile_138
  facet normal 0.000000e+00 0.000000e+00 -1.000000e+00
    outer loop
      vertex 11.6500 129.4000 0.0000
      vertex 11.6500 132.6000 0.0000
      vertex 188.3500 132.6000 0.0000
    endloop
  endfacet
  facet normal 0.000000e+00 0.000000e+00 -1.000000e+00
    outer loop
      vertex 11.6500 129.4000 0.0000
      vertex 188.3500 132.6000 0.0000
      vertex 188.3500 129.4000 0.0000
    endloop
  endfacet
  facet normal 0.000000e+00 0.000000e+00 1.000000e+00
    outer loop
      vertex 11.6500 129.4000 4.0000
      vertex 188.3500 129.4000 4.0000
      vertex 188.3500 132.6000 4.0000
    endloop
  endfacet
  facet normal 0.000000e+00 0.000000e+00 1.000000e+00
    outer loop
      vertex 11.6500 129.4000 4.0000
      vertex 188.3500 132.6000 4.0000
      vertex 11.6500 132.6000 4.0000
    endloop
  endfacet
  facet normal 0.000000e+00 -1.000000e+00 0.000000e+00
    outer loop
      vertex 11.6500 129.4000 0.0000
      vertex 188.3500 129.4000 0.0000
      vertex 188.3500 129.4000 4.0000
    endloop
  endfacet
  facet normal 0.000000e+00 -1.000000e+00 0.000000e+00
    outer loop
      vertex 11.6500 129.4000 0.0000
      vertex 188.3500 129.4000 4.0000
      vertex 11.6500 129.4000 4.0000
    endloop
  endfacet
  facet normal 0.000000e+00 1.000000e+00 0.000000e+00
    outer loop
      vertex 11.6500 132.6000 0.0000
      vertex 11.6500 132.6000 4.0000
      vertex 188.3500 132.6000 4.0000
    endloop
  endfacet
  facet normal 0.000000e+00 1.000000e+00 0.000000e+00
    outer loop
      vertex 11.6500 132.6000 0.0000
      vertex 188.3500 132.6000 4.0000
      vertex 188.3500 132.6000 0.0000
    endloop
  endfacet
  facet normal 1.000000e+00 0.000000e+00 0.000000e+00
    outer loop
      vertex 188.3500 129.4000 0.0000
      vertex 188.3500 132.6000 0.0000
      vertex 188.3500 132.6000 4.0000
    endloop
  endfacet
  facet normal 1.000000e+00 0.000000e+00 0.000000e+00
    outer loop
      vertex 188.3500 129.4000 0.0000
      vertex 188.3500 132.6000 4.0000
      vertex 188.3500 129.4000 4.0000
    endloop
  endfacet
  facet normal -1.000000e+00 0.000000e+00 0.000000e+00
    outer loop
      vertex 11.6500 129.4000 0.0000
      vertex 11.6500 129.4000 4.0000
      vertex 11.6500 132.6000 4.0000
    endloop
  endfacet
  facet normal -1.000000e+00 0.000000e+00 0.000000e+00
    outer loop
      vertex 11.6500 129.4000 0.0000
      vertex 11.6500 132.6000 4.0000
      vertex 11.6500 132.6000 0.0000
    endloop
  endfacet
endsolid tile_138
solid tile_139
  facet normal 0.000000e+00 0.000000e+00 -1.000000e+00
    outer loop
      vertex 191.6500 129.4000 0.0000
      vertex 191.6500 132.6000 0.0000
      vertex 200.0000 132.6000 0.0000
    endloop
  endfacet
  facet normal 0.000000e+00 0.000000e+00 -1.000000e+00
    outer loop
      vertex 191.6500 129.4000 0.0000
      vertex 200.0000 132.6000 0.0000
      vertex 200.0000 129.4000 0.0000
    endloop
  endfacet
  facet normal 0.000000e+00 0.000000e+00 1.000000e+00
    outer loop
      vertex 191.6500 129.4000 4.0000
      vertex 200.0000 129.4000 4.0000
      vertex 200.0000 132.6000 4.0000
    endloop
  endfacet
  facet normal 0.000000e+00 0.000000e+00 1.000000e+00
    outer loop
      vertex 191.6500 129.4000 4.0000
      vertex 200.0000 132.6000 4.0000
      vertex 191.6500 132.6000 4.0000
    endloop
  endfacet
  facet normal 0.000000e+00 -1.000000e+00 0.000000e+00
    outer loop
      vertex 191.6500 129.4000 0.0000
      vertex 200.0000 129.4000 0.0000
      vertex 200.0000 129.4000 4.0000
    endloop
  endfacet
  facet normal 0.000000e+00 -1.000000e+00 0.000000e+00
    outer loop
      vertex 191.6500 129.4000 0.0000
      vertex 200.0000 129.4000 4.0000
      vertex 191.6500 129.4000 4.0000
    endloop
  endfacet
  facet normal 0.000000e+00 1.000000e+00 0.000000e+00
    outer loop
      vertex 191.6500 132.6000 0.0000
      vertex 191.6500 132.6000 4.0000
      vertex 200.0000 132.6000 4.0000
    endloop
  endfacet
  facet normal 0.000000e+00 1.000000e+00 0.000000e+00
    outer loop
      vertex 191.6500 132.6000 0.0000
      vertex 200.0000 132.6000 4.0000
      vertex 200.0000 132.6000 0.0000
    endloop
  endfacet
  facet normal 1.000000e+00 0.000000e+00 0.000000e+00
    outer loop
      vertex 200.0000 129.4000 0.0000
      vertex 200.0000 132.6000 0.0000
      vertex 200.0000 132.6000 4.0000
    endloop
  endfacet
  facet normal 1.000000e+00 0.000000e+00 0.000000e+00
    outer loop
      vertex 200.0000 129.4000 0.0000
      vertex 200.0000 132.6000 4.0000
      vertex 200.0000 129.4000 4.0000
    endloop
  endfacet
  facet normal -1.000000e+00 0.000000e+00 0.000000e+00
    outer loop
      vertex 191.6500 129.4000 0.0000
      vertex 191.6500 129.4000 4.0000
      vertex 191.6500 132.6000 4.0000
    endloop
  endfacet
  facet normal -1.000000e+00 0.000000e+00 0.000000e+00
    outer loop
      vertex 191.6500 129.4000 0.0000
      vertex 191.6500 132.6000 4.0000
      vertex 191.6500 132.6000 0.0000
    endloop
  endfacet
endsolid tile_139
solid tile_140
  facet normal 0.000000e+00 0.000000e+00 -1.000000e+00
    outer loop
      vertex 0.0000 131.4000 0.0000
      vertex 0.0000 134.6000 0.0000
      vertex 200.0000 134.6000 0.0000
    endloop
  endfacet
  facet normal 0.000000e+00 0.000000e+00 -1.000000e+00
    outer loop
      vertex 0.0000 131.4000 0.0000
      vertex 200.0000 134.6000 0.0000
      vertex 200.0000 131.4000 0.0000
    endloop
  endfacet
  facet normal 0.000000e+00 0.000000e+00 1.000000e+00
    outer loop
      vertex 0.0000 131.4000 4.0000
      vertex 200.0000 131.4000 4.0000
      vertex 200.0000 134.6000 4.0000
    endloop
  endfacet
  facet normal 0.000000e+00 0.000000e+00 1.000000e+00
    outer loop
      vertex 0.0000 131.4000 4.0000
      vertex 200.0000 134.6000 4.0000
      vertex 0.0000 134.6000 4.0000
    endloop
  endfacet
  facet normal 0.000000e+00 -1.000000e+00 0.000000e+00
    outer loop
      vertex 0.0000 131.4000 0.0000
      vertex 200.0000 131.4000 0.0000
      vertex 200.0000 131.4000 4.0000
    endloop
  endfacet
  facet normal 0.000000e+00 -1.000000e+00 0.000000e+00
    outer loop
      vertex 0.0000 131.4000 0.0000
      vertex 200.0000 131.4000 4.0000
      vertex 0.0000 131.4000 4.0000
    endloop
  endfacet
  facet normal 0.000000e+00 1.000000e+00 0.000000e+00
    outer loop
      vertex 0.0000 134.6000 0.0000
      vertex 0.0000 134.6000 4.0000
      vertex 200.0000 134.6000 4.0000
    endloop
  endfacet
  facet normal 0.000000e+00 1.000000e+00 0.000000e+00
    outer loop
      vertex 0.0000 134.6000 0.0000
      vertex 200.0000 134.6000 4.0000
      vertex 200.0000 134.6000 0.0000
    endloop
  endfacet
  facet normal 1.000000e+00 0.000000e+00 0.000000e+00
    outer loop
      vertex 200.0000 131.4000 0.0000
      vertex 200.0000 134.6000 0.0000
      vertex 200.0000 134.6000 4.0000
    endloop
  endfacet
  facet normal 1.000000e+00 0.000000e+00 0.000000e+00
    outer loop
      vertex 200.0000 131.4000 0.0000
      vertex 200.0000 134.6000 4.0000
      vertex 200.0000 131.4000 4.0000
    endloop
  endfacet
  facet normal -1.000000e+00 0.000000e+00 0.000000e+00
    outer loop
      vertex 0.0000 131.4000 0.0000
      vertex 0.0000 131.4000 4.0000
      vertex 0.0000 134.6000 4.0000
    endloop
  endfacet
  facet normal -1.000000e+00 0.000000e+00 0.000000e+00
    outer loop
      vertex 0.0000 131.4000 0.0000
      vertex 0.0000 134.6000 4.0000
      vertex 0.0000 134.6000 0.0000
    endloop
  endfacet
endsolid tile_140
solid tile_141
  facet normal 0.000000e+00 0.000000e+00 -1.000000e+00
    outer loop
      vertex 0.0000 133.4000 0.0000
      vertex 0.0000 136.6000 0.0000
      vertex 200.0000 136.6000 0.0000
    endloop
  endfacet
  facet normal 0.000000e+00 0.000000e+00 -1.000000e+00
    outer loop
      vertex 0.0000 133.4000 0.0000
      vertex 200.0000 136.6000 0.0000
      vertex 200.0000 133.4000 0.0000
    endloop
  endfacet
  facet normal 0.000000e+00 0.000000e+00 1.000000e+00
    outer loop
      vertex 0.0000 133.4000 4.0000
      vertex 200.0000 133.4000 4.0000
      vertex 200.0000 136.6000 4.0000
    endloop
  endfacet
  facet normal 0.000000e+00 0.000000e+00 1.000000e+00
    outer loop
      vertex 0.0000 133.4000 4.0000
      vertex 200.0000 136.6000 4.0000
      vertex 0.0000 136.6000 4.0000
    endloop
  endfacet
  facet normal 0.000000e+00 -1.000000e+00 0.000000e+00
    outer loop
      vertex 0.0000 133.4000 0.0000
      vertex 200.0000 133.4000 0.0000
      vertex 200.0000 133.4000 4.0000
    endloop
  endfacet
  facet normal 0.000000e+00 -1.000000e+00 0.000000e+00
    outer loop
      vertex 0.0000 133.4000 0.0000
      vertex 200.0000 133.4000 4.0000
      vertex 0.0000 133.4000 4.0000
    endloop
  endfacet
  facet normal 0.000000e+00 1.000000e+00 0.000000e+00
    outer loop
      vertex 0.0000 136.6000 0.0000
      vertex 0.0000 136.6000 4.0000
      vertex 200.0000 136.6000 4.0000
    endloop
  endfacet
  facet normal 0.000000e+00 1.000000e+00 0.000000e+00
    outer loop
      vertex 0.0000 136.6000 0.0000
      vertex 200.0000 136.6000 4.0000
      vertex 200.0000 136.6000 0.0000
    endloop
  endfacet
  facet normal 1.000000e+00 0.000000e+00 0.000000e+00
    outer loop
      vertex 200.0000 133.4000 0.0000
      vertex 200.0000 136.6000 0.0000
      vertex 200.0000 136.6000 4.0000
    endloop
  endfacet
  facet normal 1.000000e+00 0.000000e+00 0.000000e+00
    outer loop
      vertex 200.0000 133.4000 0.0000
      vertex 200.0000 136.6000 4.0000
      vertex 200.0000 133.4000 4.0000
    endloop
  endfacet
  facet normal -1.000000e+00 0.000000e+00 0.000000e+00
    outer loop
      vertex 0.0000 133.4000 0.0000
      vertex 0.0000 133.4000 4.0000
      vertex 0.0000 136.6000 4.0000
    endloop
  endfacet
  facet normal -1.000000e+00 0.000000e+00 0.000000e+00
    outer loop
      vertex 0.0000 133.4000 0.0000
      vertex 0.0000 136.6000 4.0000
      vertex 0.0000 136.6000 0.0000
    endloop
  endfacet
endsolid tile_141
solid tile_142
  facet normal 0.000000e+00 0.000000e+00 -1.000000e+00
    outer loop
      vertex 0.0000 135.4000 0.0000
      vertex 0.0000 138.5000 0.0000
      vertex 200.0000 138.5000 0.0000
    endloop
  endfacet
  facet normal 0.000000e+00 0.000000e+00 -1.000000e+00
    outer loop
      vertex 0.0000 135.4000 0.0000
      vertex 200.0000 138.5000 0.0000
      vertex 200.0000 135.4000 0.0000
    endloop
  endfacet
  facet normal 0.000000e+00 0.000000e+00 1.000000e+00
    outer loop
      vertex 0.0000 135.4000 4.0000
      vertex 200.0000 135.4000 4.0000
      vertex 200.0000 138.5000 4.0000
    endloop
  endfacet
  facet normal 0.000000e+00 0.000000e+00 1.000000e+00
    outer loop
      vertex 0.0000 135.4000 4.0000
      vertex 200.0000 138.5000 4.0000
      vertex 0.0000 138.5000 4.0000
    endloop
  endfacet
  facet normal 0.000000e+00 -1.000000e+00 0.000000e+00
    outer loop
      vertex 0.0000 135.4000 0.0000
      vertex 200.0000 135.4000 0.0000
      vertex 200.0000 135.4000 4.0000
    endloop
  endfacet
  facet normal 0.000000e+00 -1.000000e+00 0.000000e+00
    outer loop
      vertex 0.0000 135.4000 0.0000
      vertex 200.0000 135.4000 4.0000
      vertex 0.0000 135.4000 4.0000
    endloop
  endfacet
  facet normal 0.000000e+00 1.000000e+00 0.000000e+00
    outer loop
      vertex 0.0000 138.5000 0.0000
      vertex 0.0000 138.5000 4.0000
      vertex 200.0000 138.5000 4.0000
    endloop
  endfacet
  facet normal 0.000000e+00 1.000000e+00 0.000000e+00
    outer loop
      vertex 0.0000 138.5000 0.0000
      vertex 200.0000 138.5000 4.0000
      vertex 200.0000 138.5000 0.0000
    endloop
  endfacet
  facet normal 1.000000e+00 0.000000e+00 0.000000e+00
    outer loop
      vertex 200.0000 135.4000 0.0000
      vertex 200.0000 138.5000 0.0000
      vertex 200.0000 138.5000 4.0000
    endloop
  endfacet
  facet normal 1.000000e+00 0.000000e+00 0.000000e+00
    outer loop
      vertex 200.0000 135.4000 0.0000
      vertex 200.0000 138.5000 4.0000
      vertex 200.0000 135.4000 4.0000
    endloop
  endfacet
  facet normal -1.000000e+00 0.000000e+00 0.000000e+00
    outer loop
      vertex 0.0000 135.4000 0.0000
      vertex 0.0000 135.4000 4.0000
      vertex 0.0000 138.5000 4.0000
    endloop
  endfacet
  facet normal -1.000000e+00 0.000000e+00 0.000000e+00
    outer loop
      vertex 0.0000 135.4000 0.0000
      vertex 0.0000 138.5000 4.0000
      vertex 0.0000 138.5000 0.0000
    endloop
  endfacet
endsolid tile_142
solid tile_143
  facet normal 0.000000e+00 0.000000e+00 -1.000000e+00
    outer loop
      vertex 0.0000 137.3000 0.0000
      vertex 0.0000 140.0000 0.0000
      vertex 200.0000 140.0000 0.0000
    endloop
  endfacet
  facet normal 0.000000e+00 0.000000e+00 -1.000000e+00
    outer loop
      vertex 0.0000 137.3000 0.0000
      vertex 200.0000 140.0000 0.0000
      vertex 200.0000 137.3000 0.0000
    endloop
  endfacet
  facet normal 0.000000e+00 0.000000e+00 1.000000e+00
    outer loop
      vertex 0.0000 137.3000 4.0000
      vertex 200.0000 137.3000 4.0000
      vertex 200.0000 140.0000 4.0000
    endloop
  endfacet
  facet normal 0.000000e+00 0.000000e+00 1.000000e+00
    outer loop
      vertex 0.0000 137.3000 4.0000
      vertex 200.0000 140.0000 4.0000
      vertex 0.0000 140.0000 4.0000
    endloop
  endfacet
  facet normal 0.000000e+00 -1.000000e+00 0.000000e+00
    outer loop
      vertex 0.0000 137.3000 0.0000
      vertex 200.0000 137.3000 0.0000
      vertex 200.0000 137.3000 4.0000
    endloop
  endfacet
  facet normal 0.000000e+00 -1.000000e+00 0.000000e+00
    outer loop
      vertex 0.0000 137.3000 0.0000
      vertex 200.0000 137.3000 4.0000
      vertex 0.0000 137.3000 4.0000
    endloop
  endfacet
  facet normal 0.000000e+00 1.000000e+00 0.000000e+00
    outer loop
      vertex 0.0000 140.0000 0.0000
      vertex 0.0000 140.0000 4.0000
      vertex 200.0000 140.0000 4.0000
    endloop
  endfacet
  facet normal 0.000000e+00 1.000000e+00 0.000000e+00
    outer loop
      vertex 0.0000 140.0000 0.0000
      vertex 200.0000 140.0000 4.0000
      vertex 200.0000 140.0000 0.0000
    endloop
  endfacet
  facet normal 1.000000e+00 0.000000e+00 0.000000e+00
    outer loop
      vertex 200.0000 137.3000 0.0000
      vertex 200.0000 140.0000 0.0000
      vertex 200.0000 140.0000 4.0000
    endloop
  endfacet
  facet normal 1.000000e+00 0.000000e+00 0.000000e+00
    outer loop
      vertex 200.0000 137.3000 0.0000
      vertex 200.0000 140.0000 4.0000
      vertex 200.0000 137.3000 4.0000
    endloop
  endfacet
  facet normal -1.000000e+00 0.000000e+00 0.000000e+00
    outer loop
      vertex 0.0000 137.3000 0.0000
      vertex 0.0000 137.3000 4.0000
      vertex 0.0000 140.0000 4.0000
    endloop
  endfacet
  facet normal -1.000000e+00 0.000000e+00 0.000000e+00
    outer loop
      vertex 0.0000 137.3000 0.0000
      vertex 0.0000 140.0000 4.0000
      vertex 0.0000 140.0000 0.0000
    endloop
  endfacet
endsolid tile_143
