solid floor
  facet normal 0.000000e+00 0.000000e+00 -1.000000e+00
    outer loop
      vertex 0.0000 0.0000 0.0000
      vertex 0.0000 140.0000 0.0000
      vertex 200.0000 140.0000 0.0000
    endloop
  endfacet
  facet normal 0.000000e+00 0.000000e+00 -1.000000e+00
    outer loop
      vertex 0.0000 0.0000 0.0000
      vertex 200.0000 140.0000 0.0000
      vertex 200.0000 0.0000 0.0000
    endloop
  endfacet
  facet normal 0.000000e+00 0.000000e+00 1.000000e+00
    outer loop
      vertex 0.0000 0.0000 4.0000
      vertex 200.0000 0.0000 4.0000
      vertex 200.0000 140.0000 4.0000
    endloop
  endfacet
  facet normal 0.000000e+00 0.000000e+00 1.000000e+00
    outer loop
      vertex 0.0000 0.0000 4.0000
      vertex 200.0000 140.0000 4.0000
      vertex 0.0000 140.0000 4.0000
    endloop
  endfacet
  facet normal 0.000000e+00 -1.000000e+00 0.000000e+00
    outer loop
      vertex 0.0000 0.0000 0.0000
      vertex 200.0000 0.0000 0.0000
      vertex 200.0000 0.0000 4.0000
    endloop
  endfacet
  facet normal 0.000000e+00 -1.000000e+00 0.000000e+00
    outer loop
      vertex 0.0000 0.0000 0.0000
      vertex 200.0000 0.0000 4.0000
      vertex 0.0000 0.0000 4.0000
    endloop
  endfacet
  facet normal 0.000000e+00 1.000000e+00 0.000000e+00
    outer loop
      vertex 0.0000 140.0000 0.0000
      vertex 0.0000 140.0000 4.0000
      vertex 200.0000 140.0000 4.0000
    endloop
  endfacet
  facet normal 0.000000e+00 1.000000e+00 0.000000e+00
    outer loop
      vertex 0.0000 140.0000 0.0000
      vertex 200.0000 140.0000 4.0000
      vertex 200.0000 140.0000 0.0000
    endloop
  endfacet
  facet normal 1.000000e+00 0.000000e+00 0.000000e+00
    outer loop
      vertex 200.0000 0.0000 0.0000
      vertex 200.0000 140.0000 0.0000
      vertex 200.0000 140.0000 4.0000
    endloop
  endfacet
  facet normal 1.000000e+00 0.000000e+00 0.000000e+00
    outer loop
      vertex 200.0000 0.0000 0.0000
      vertex 200.0000 140.0000 4.0000
      vertex 200.0000 0.0000 4.0000
    endloop
  endfacet
  facet normal -1.000000e+00 0.000000e+00 0.000000e+00
    outer loop
      vertex 0.0000 0.0000 0.0000
      vertex 0.0000 0.0000 4.0000
      vertex 0.0000 140.0000 4.0000
    endloop
  endfacet
  facet normal -1.000000e+00 0.000000e+00 0.000000e+00
    outer loop
      vertex 0.0000 0.0000 0.0000
      vertex 0.0000 140.0000 4.0000
      vertex 0.0000 140.0000 0.0000
    endloop
  endfacet
endsolid floor
solid wall_front
  facet normal 0.000000e+00 0.000000e+00 -1.000000e+00
    outer loop
      vertex 0.0000 0.0000 0.0000
      vertex 0.0000 3.0000 0.0000
      vertex 200.0000 3.0000 0.0000
    endloop
  endfacet
  facet normal 0.000000e+00 0.000000e+00 -1.000000e+00
    outer loop
      vertex 0.0000 0.0000 0.0000
      vertex 200.0000 3.0000 0.0000
      vertex 200.0000 0.0000 0.0000
    endloop
  endfacet
  facet normal 0.000000e+00 0.000000e+00 1.000000e+00
    outer loop
      vertex 0.0000 0.0000 80.0000
      vertex 200.0000 0.0000 80.0000
      vertex 200.0000 3.0000 80.0000
    endloop
  endfacet
  facet normal 0.000000e+00 0.000000e+00 1.000000e+00
    outer loop
      vertex 0.0000 0.0000 80.0000
      vertex 200.0000 3.0000 80.0000
      vertex 0.0000 3.0000 80.0000
    endloop
  endfacet
  facet normal 0.000000e+00 -1.000000e+00 0.000000e+00
    outer loop
      vertex 0.0000 0.0000 0.0000
      vertex 200.0000 0.0000 0.0000
      vertex 200.0000 0.0000 80.0000
    endloop
  endfacet
  facet normal 0.000000e+00 -1.000000e+00 0.000000e+00
    outer loop
      vertex 0.0000 0.0000 0.0000
      vertex 200.0000 0.0000 80.0000
      vertex 0.0000 0.0000 80.0000
    endloop
  endfacet
  facet normal 0.000000e+00 1.000000e+00 0.000000e+00
    outer loop
      vertex 0.0000 3.0000 0.0000
      vertex 0.0000 3.0000 80.0000
      vertex 200.0000 3.0000 80.0000
    endloop
  endfacet
  facet normal 0.000000e+00 1.000000e+00 0.000000e+00
    outer loop
      vertex 0.0000 3.0000 0.0000
      vertex 200.0000 3.0000 80.0000
      vertex 200.0000 3.0000 0.0000
    endloop
  endfacet
  facet normal 1.000000e+00 0.000000e+00 0.000000e+00
    outer loop
      vertex 200.0000 0.0000 0.0000
      vertex 200.0000 3.0000 0.0000
      vertex 200.0000 3.0000 80.0000
    endloop
  endfacet
  facet normal 1.000000e+00 0.000000e+00 0.000000e+00
    outer loop
      vertex 200.0000 0.0000 0.0000
      vertex 200.0000 3.0000 80.0000
      vertex 200.0000 0.0000 80.0000
    endloop
  endfacet
  facet normal -1.000000e+00 0.000000e+00 0.000000e+00
    outer loop
      vertex 0.0000 0.0000 0.0000
      vertex 0.0000 0.0000 80.0000
      vertex 0.0000 3.0000 80.0000
    endloop
  endfacet
  facet normal -1.000000e+00 0.000000e+00 0.000000e+00
    outer loop
      vertex 0.0000 0.0000 0.0000
      vertex 0.0000 3.0000 80.0000
      vertex 0.0000 3.0000 0.0000
    endloop
  endfacet
endsolid wall_front
solid wall_back
  facet normal 0.000000e+00 0.000000e+00 -1.000000e+00
    outer loop
      vertex 0.0000 137.0000 0.0000
      vertex 0.0000 140.0000 0.0000
      vertex 200.0000 140.0000 0.0000
    endloop
  endfacet
  facet normal 0.000000e+00 0.000000e+00 -1.000000e+00
    outer loop
      vertex 0.0000 137.0000 0.0000
      vertex 200.0000 140.0000 0.0000
      vertex 200.0000 137.0000 0.0000
    endloop
  endfacet
  facet normal 0.000000e+00 0.000000e+00 1.000000e+00
    outer loop
      vertex 0.0000 137.0000 80.0000
      vertex 200.0000 137.0000 80.0000
      vertex 200.0000 140.0000 80.0000
    endloop
  endfacet
  facet normal 0.000000e+00 0.000000e+00 1.000000e+00
    outer loop
      vertex 0.0000 137.0000 80.0000
      vertex 200.0000 140.0000 80.0000
      vertex 0.0000 140.0000 80.0000
    endloop
  endfacet
  facet normal 0.000000e+00 -1.000000e+00 0.000000e+00
    outer loop
      vertex 0.0000 137.0000 0.0000
      vertex 200.0000 137.0000 0.0000
      vertex 200.0000 137.0000 80.0000
    endloop
  endfacet
  facet normal 0.000000e+00 -1.000000e+00 0.000000e+00
    outer loop
      vertex 0.0000 137.0000 0.0000
      vertex 200.0000 137.0000 80.0000
      vertex 0.0000 137.0000 80.0000
    endloop
  endfacet
  facet normal 0.000000e+00 1.000000e+00 0.000000e+00
    outer loop
      vertex 0.0000 140.0000 0.0000
      vertex 0.0000 140.0000 80.0000
      vertex 200.0000 140.0000 80.0000
    endloop
  endfacet
  facet normal 0.000000e+00 1.000000e+00 0.000000e+00
    outer loop
      vertex 0.0000 140.0000 0.0000
      vertex 200.0000 140.0000 80.0000
      vertex 200.0000 140.0000 0.0000
    endloop
  endfacet
  facet normal 1.000000e+00 0.000000e+00 0.000000e+00
    outer loop
      vertex 200.0000 137.0000 0.0000
      vertex 200.0000 140.0000 0.0000
      vertex 200.0000 140.0000 80.0000
    endloop
  endfacet
  facet normal 1.000000e+00 0.000000e+00 0.000000e+00
    outer loop
      vertex 200.0000 137.0000 0.0000
      vertex 200.0000 140.0000 80.0000
      vertex 200.0000 137.0000 80.0000
    endloop
  endfacet
  facet normal -1.000000e+00 0.000000e+00 0.000000e+00
    outer loop
      vertex 0.0000 137.0000 0.0000
      vertex 0.0000 137.0000 80.0000
      vertex 0.0000 140.0000 80.0000
    endloop
  endfacet
  facet normal -1.000000e+00 0.000000e+00 0.000000e+00
    outer loop
      vertex 0.0000 137.0000 0.0000
      vertex 0.0000 140.0000 80.0000
      vertex 0.0000 140.0000 0.0000
    endloop
  endfacet
endsolid wall_back
solid wall_left
  facet normal 0.000000e+00 0.000000e+00 -1.000000e+00
    outer loop
      vertex 0.0000 0.0000 0.0000
      vertex 0.0000 140.0000 0.0000
      vertex 3.0000 140.0000 0.0000
    endloop
  endfacet
  facet normal 0.000000e+00 0.000000e+00 -1.000000e+00
    outer loop
      vertex 0.0000 0.0000 0.0000
      vertex 3.0000 140.0000 0.0000
      vertex 3.0000 0.0000 0.0000
    endloop
  endfacet
  facet normal 0.000000e+00 0.000000e+00 1.000000e+00
    outer loop
      vertex 0.0000 0.0000 80.0000
      vertex 3.0000 0.0000 80.0000
      vertex 3.0000 140.0000 80.0000
    endloop
  endfacet
  facet normal 0.000000e+00 0.000000e+00 1.000000e+00
    outer loop
      vertex 0.0000 0.0000 80.0000
      vertex 3.0000 140.0000 80.0000
      vertex 0.0000 140.0000 80.0000
    endloop
  endfacet
  facet normal 0.000000e+00 -1.000000e+00 0.000000e+00
    outer loop
      vertex 0.0000 0.0000 0.0000
      vertex 3.0000 0.0000 0.0000
      vertex 3.0000 0.0000 80.0000
    endloop
  endfacet
  facet normal 0.000000e+00 -1.000000e+00 0.000000e+00
    outer loop
      vertex 0.0000 0.0000 0.0000
      vertex 3.0000 0.0000 80.0000
      vertex 0.0000 0.0000 80.0000
    endloop
  endfacet
  facet normal 0.000000e+00 1.000000e+00 0.000000e+00
    outer loop
      vertex 0.0000 140.0000 0.0000
      vertex 0.0000 140.0000 80.0000
      vertex 3.0000 140.0000 80.0000
    endloop
  endfacet
  facet normal 0.000000e+00 1.000000e+00 0.000000e+00
    outer loop
      vertex 0.0000 140.0000 0.0000
      vertex 3.0000 140.0000 80.0000
      vertex 3.0000 140.0000 0.0000
    endloop
  endfacet
  facet normal 1.000000e+00 0.000000e+00 0.000000e+00
    outer loop
      vertex 3.0000 0.0000 0.0000
      vertex 3.0000 140.0000 0.0000
      vertex 3.0000 140.0000 80.0000
    endloop
  endfacet
  facet normal 1.000000e+00 0.000000e+00 0.000000e+00
    outer loop
      vertex 3.0000 0.0000 0.0000
      vertex 3.0000 140.0000 80.0000
      vertex 3.0000 0.0000 80.0000
    endloop
  endfacet
  facet normal -1.000000e+00 0.000000e+00 0.000000e+00
    outer loop
      vertex 0.0000 0.0000 0.0000
      vertex 0.0000 0.0000 80.0000
      vertex 0.0000 140.0000 80.0000
    endloop
  endfacet
  facet normal -1.000000e+00 0.000000e+00 0.000000e+00
    outer loop
      vertex 0.0000 0.0000 0.0000
      vertex 0.0000 140.0000 80.0000
      vertex 0.0000 140.0000 0.0000
    endloop
  endfacet
endsolid wall_left
solid wall_right
  facet normal 0.000000e+00 0.000000e+00 -1.000000e+00
    outer loop
      vertex 197.0000 0.0000 0.0000
      vertex 197.0000 140.0000 0.0000
      vertex 200.0000 140.0000 0.0000
    endloop
  endfacet
  facet normal 0.000000e+00 0.000000e+00 -1.000000e+00
    outer loop
      vertex 197.0000 0.0000 0.0000
      vertex 200.0000 140.0000 0.0000
      vertex 200.0000 0.0000 0.0000
    endloop
  endfacet
  facet normal 0.000000e+00 0.000000e+00 1.000000e+00
    outer loop
      vertex 197.0000 0.0000 80.0000
      vertex 200.0000 0.0000 80.0000
      vertex 200.0000 140.0000 80.0000
    endloop
  endfacet
  facet normal 0.000000e+00 0.000000e+00 1.000000e+00
    outer loop
      vertex 197.0000 0.0000 80.0000
      vertex 200.0000 140.0000 80.0000
      vertex 197.0000 140.0000 80.0000
    endloop
  endfacet
  facet normal 0.000000e+00 -1.000000e+00 0.000000e+00
    outer loop
      vertex 197.0000 0.0000 0.0000
      vertex 200.0000 0.0000 0.0000
      vertex 200.0000 0.0000 80.0000
    endloop
  endfacet
  facet normal 0.000000e+00 -1.000000e+00 0.000000e+00
    outer loop
      vertex 197.0000 0.0000 0.0000
      vertex 200.0000 0.0000 80.0000
      vertex 197.0000 0.0000 80.0000
    endloop
  endfacet
  facet normal 0.000000e+00 1.000000e+00 0.000000e+00
    outer loop
      vertex 197.0000 140.0000 0.0000
      vertex 197.0000 140.0000 80.0000
      vertex 200.0000 140.0000 80.0000
    endloop
  endfacet
  facet normal 0.000000e+00 1.000000e+00 0.000000e+00
    outer loop
      vertex 197.0000 140.0000 0.0000
      vertex 200.0000 140.0000 80.0000
      vertex 200.0000 140.0000 0.0000
    endloop
  endfacet
  facet normal 1.000000e+00 0.000000e+00 0.000000e+00
    outer loop
      vertex 200.0000 0.0000 0.0000
      vertex 200.0000 140.0000 0.0000
      vertex 200.0000 140.0000 80.0000
    endloop
  endfacet
  facet normal 1.000000e+00 0.000000e+00 0.000000e+00
    outer loop
      vertex 200.0000 0.0000 0.0000
      vertex 200.0000 140.0000 80.0000
      vertex 200.0000 0.0000 80.0000
    endloop
  endfacet
  facet normal -1.000000e+00 0.000000e+00 0.000000e+00
    outer loop
      vertex 197.0000 0.0000 0.0000
      vertex 197.0000 0.0000 80.0000
      vertex 197.0000 140.0000 80.0000
    endloop
  endfacet
  facet normal -1.000000e+00 0.000000e+00 0.000000e+00
    outer loop
      vertex 197.0000 0.0000 0.0000
      vertex 197.0000 140.0000 80.0000
      vertex 197.0000 140.0000 0.0000
    endloop
  endfacet
endsolid wall_right
solid standoff_0
  facet normal 9.659258e-01 2.588190e-01 0.000000e+00
    outer loop
      vertex 19.0000 15.0000 3.0000
      vertex 18.4641 17.0000 3.0000
      vertex 18.4641 17.0000 13.0000
    endloop
  endfacet
  facet normal 9.659258e-01 2.588190e-01 -0.000000e+00
    outer loop
      vertex 19.0000 15.0000 3.0000
      vertex 18.4641 17.0000 13.0000
      vertex 19.0000 15.0000 13.0000
    endloop
  endfacet
  facet normal -9.659258e-01 -2.588190e-01 0.000000e+00
    outer loop
      vertex 16.6000 15.0000 3.0000
      vertex 16.6000 15.0000 13.0000
      vertex 16.3856 15.8000 13.0000
    endloop
  endfacet
  facet normal -9.659258e-01 -2.588190e-01 0.000000e+00
    outer loop
      vertex 16.6000 15.0000 3.0000
      vertex 16.3856 15.8000 13.0000
      vertex 16.3856 15.8000 3.0000
    endloop
  endfacet
  facet normal 0.000000e+00 0.000000e+00 -1.000000e+00
    outer loop
      vertex 19.0000 15.0000 3.0000
      vertex 16.6000 15.0000 3.0000
      vertex 16.3856 15.8000 3.0000
    endloop
  endfacet
  facet normal 0.000000e+00 0.000000e+00 -1.000000e+00
    outer loop
      vertex 19.0000 15.0000 3.0000
      vertex 16.3856 15.8000 3.0000
      vertex 18.4641 17.0000 3.0000
    endloop
  endfacet
  facet normal 0.000000e+00 0.000000e+00 1.000000e+00
    outer loop
      vertex 19.0000 15.0000 13.0000
      vertex 18.4641 17.0000 13.0000
      vertex 16.3856 15.8000 13.0000
    endloop
  endfacet
  facet normal 0.000000e+00 0.000000e+00 1.000000e+00
    outer loop
      vertex 19.0000 15.0000 13.0000
      vertex 16.3856 15.8000 13.0000
      vertex 16.6000 15.0000 13.0000
    endloop
  endfacet
  facet normal 7.071068e-01 7.071068e-01 0.000000e+00
    outer loop
      vertex 18.4641 17.0000 3.0000
      vertex 17.0000 18.4641 3.0000
      vertex 17.0000 18.4641 13.0000
    endloop
  endfacet
  facet normal 7.071068e-01 7.071068e-01 -0.000000e+00
    outer loop
      vertex 18.4641 17.0000 3.0000
      vertex 17.0000 18.4641 13.0000
      vertex 18.4641 17.0000 13.0000
    endloop
  endfacet
  facet normal -7.071068e-01 -7.071068e-01 0.000000e+00
    outer loop
      vertex 16.3856 15.8000 3.0000
      vertex 16.3856 15.8000 13.0000
      vertex 15.8000 16.3856 13.0000
    endloop
  endfacet
  facet normal -7.071068e-01 -7.071068e-01 0.000000e+00
    outer loop
      vertex 16.3856 15.8000 3.0000
      vertex 15.8000 16.3856 13.0000
      vertex 15.8000 16.3856 3.0000
    endloop
  endfacet
  facet normal 0.000000e+00 0.000000e+00 -1.000000e+00
    outer loop
      vertex 18.4641 17.0000 3.0000
      vertex 16.3856 15.8000 3.0000
      vertex 15.8000 16.3856 3.0000
    endloop
  endfacet
  facet normal -0.000000e+00 0.000000e+00 -1.000000e+00
    outer loop
      vertex 18.4641 17.0000 3.0000
      vertex 15.8000 16.3856 3.0000
      vertex 17.0000 18.4641 3.0000
    endloop
  endfacet
  facet normal 0.000000e+00 0.000000e+00 1.000000e+00
    outer loop
      vertex 18.4641 17.0000 13.0000
      vertex 17.0000 18.4641 13.0000
      vertex 15.8000 16.3856 13.0000
    endloop
  endfacet
  facet normal 0.000000e+00 0.000000e+00 1.000000e+00
    outer loop
      vertex 18.4641 17.0000 13.0000
      vertex 15.8000 16.3856 13.0000
      vertex 16.3856 15.8000 13.0000
    endloop
  endfacet
  facet normal 2.588190e-01 9.659258e-01 0.000000e+00
    outer loop
      vertex 17.0000 18.4641 3.0000
      vertex 15.0000 19.0000 3.0000
      vertex 15.0000 19.0000 13.0000
    endloop
  endfacet
  facet normal 2.588190e-01 9.659258e-01 -0.000000e+00
    outer loop
      vertex 17.0000 18.4641 3.0000
      vertex 15.0000 19.0000 13.0000
      vertex 17.0000 18.4641 13.0000
    endloop
  endfacet
  facet normal -2.588190e-01 -9.659258e-01 0.000000e+00
    outer loop
      vertex 15.8000 16.3856 3.0000
      vertex 15.8000 16.3856 13.0000
      vertex 15.0000 16.6000 13.0000
    endloop
  endfacet
  facet normal -2.588190e-01 -9.659258e-01 0.000000e+00
    outer loop
      vertex 15.8000 16.3856 3.0000
      vertex 15.0000 16.6000 13.0000
      vertex 15.0000 16.6000 3.0000
    endloop
  endfacet
  facet normal 0.000000e+00 0.000000e+00 -1.000000e+00
    outer loop
      vertex 17.0000 18.4641 3.0000
      vertex 15.8000 16.3856 3.0000
      vertex 15.0000 16.6000 3.0000
    endloop
  endfacet
  facet normal -0.000000e+00 0.000000e+00 -1.000000e+00
    outer loop
      vertex 17.0000 18.4641 3.0000
      vertex 15.0000 16.6000 3.0000
      vertex 15.0000 19.0000 3.0000
    endloop
  endfacet
  facet normal 0.000000e+00 0.000000e+00 1.000000e+00
    outer loop
      vertex 17.0000 18.4641 13.0000
      vertex 15.0000 19.0000 13.0000
      vertex 15.0000 16.6000 13.0000
    endloop
  endfacet
  facet normal 0.000000e+00 0.000000e+00 1.000000e+00
    outer loop
      vertex 17.0000 18.4641 13.0000
      vertex 15.0000 16.6000 13.0000
      vertex 15.8000 16.3856 13.0000
    endloop
  endfacet
  facet normal -2.588190e-01 9.659258e-01 0.000000e+00
    outer loop
      vertex 15.0000 19.0000 3.0000
      vertex 13.0000 18.4641 3.0000
      vertex 13.0000 18.4641 13.0000
    endloop
  endfacet
  facet normal -2.588190e-01 9.659258e-01 0.000000e+00
    outer loop
      vertex 15.0000 19.0000 3.0000
      vertex 13.0000 18.4641 13.0000
      vertex 15.0000 19.0000 13.0000
    endloop
  endfacet
  facet normal 2.588190e-01 -9.659258e-01 0.000000e+00
    outer loop
      vertex 15.0000 16.6000 3.0000
      vertex 15.0000 16.6000 13.0000
      vertex 14.2000 16.3856 13.0000
    endloop
  endfacet
  facet normal 2.588190e-01 -9.659258e-01 0.000000e+00
    outer loop
      vertex 15.0000 16.6000 3.0000
      vertex 14.2000 16.3856 13.0000
      vertex 14.2000 16.3856 3.0000
    endloop
  endfacet
  facet normal 0.000000e+00 -0.000000e+00 -1.000000e+00
    outer loop
      vertex 15.0000 19.0000 3.0000
      vertex 15.0000 16.6000 3.0000
      vertex 14.2000 16.3856 3.0000
    endloop
  endfacet
  facet normal 0.000000e+00 0.000000e+00 -1.000000e+00
    outer loop
      vertex 15.0000 19.0000 3.0000
      vertex 14.2000 16.3856 3.0000
      vertex 13.0000 18.4641 3.0000
    endloop
  endfacet
  facet normal 0.000000e+00 0.000000e+00 1.000000e+00
    outer loop
      vertex 15.0000 19.0000 13.0000
      vertex 13.0000 18.4641 13.0000
      vertex 14.2000 16.3856 13.0000
    endloop
  endfacet
  facet normal 0.000000e+00 0.000000e+00 1.000000e+00
    outer loop
      vertex 15.0000 19.0000 13.0000
      vertex 14.2000 16.3856 13.0000
      vertex 15.0000 16.6000 13.0000
    endloop
  endfacet
  facet normal -7.071068e-01 7.071068e-01 0.000000e+00
    outer loop
      vertex 13.0000 18.4641 3.0000
      vertex 11.5359 17.0000 3.0000
      vertex 11.5359 17.0000 13.0000
    endloop
  endfacet
  facet normal -7.071068e-01 7.071068e-01 0.000000e+00
    outer loop
      vertex 13.0000 18.4641 3.0000
      vertex 11.5359 17.0000 13.0000
      vertex 13.0000 18.4641 13.0000
    endloop
  endfacet
  facet normal 7.071068e-01 -7.071068e-01 0.000000e+00
    outer loop
      vertex 14.2000 16.3856 3.0000
      vertex 14.2000 16.3856 13.0000
      vertex 13.6144 15.8000 13.0000
    endloop
  endfacet
  facet normal 7.071068e-01 -7.071068e-01 0.000000e+00
    outer loop
      vertex 14.2000 16.3856 3.0000
      vertex 13.6144 15.8000 13.0000
      vertex 13.6144 15.8000 3.0000
    endloop
  endfacet
  facet normal 0.000000e+00 0.000000e+00 -1.000000e+00
    outer loop
      vertex 13.0000 18.4641 3.0000
      vertex 14.2000 16.3856 3.0000
      vertex 13.6144 15.8000 3.0000
    endloop
  endfacet
  facet normal 0.000000e+00 -0.000000e+00 -1.000000e+00
    outer loop
      vertex 13.0000 18.4641 3.0000
      vertex 13.6144 15.8000 3.0000
      vertex 11.5359 17.0000 3.0000
    endloop
  endfacet
  facet normal 0.000000e+00 0.000000e+00 1.000000e+00
    outer loop
      vertex 13.0000 18.4641 13.0000
      vertex 11.5359 17.0000 13.0000
      vertex 13.6144 15.8000 13.0000
    endloop
  endfacet
  facet normal 0.000000e+00 0.000000e+00 1.000000e+00
    outer loop
      vertex 13.0000 18.4641 13.0000
      vertex 13.6144 15.8000 13.0000
      vertex 14.2000 16.3856 13.0000
    endloop
  endfacet
  facet normal -9.659258e-01 2.588190e-01 0.000000e+00
    outer loop
      vertex 11.5359 17.0000 3.0000
      vertex 11.0000 15.0000 3.0000
      vertex 11.0000 15.0000 13.0000
    endloop
  endfacet
  facet normal -9.659258e-01 2.588190e-01 0.000000e+00
    outer loop
      vertex 11.5359 17.0000 3.0000
      vertex 11.0000 15.0000 13.0000
      vertex 11.5359 17.0000 13.0000
    endloop
  endfacet
  facet normal 9.659258e-01 -2.588190e-01 0.000000e+00
    outer loop
      vertex 13.6144 15.8000 3.0000
      vertex 13.6144 15.8000 13.0000
      vertex 13.4000 15.0000 13.0000
    endloop
  endfacet
  facet normal 9.659258e-01 -2.588190e-01 0.000000e+00
    outer loop
      vertex 13.6144 15.8000 3.0000
      vertex 13.4000 15.0000 13.0000
      vertex 13.4000 15.0000 3.0000
    endloop
  endfacet
  facet normal 0.000000e+00 0.000000e+00 -1.000000e+00
    outer loop
      vertex 11.5359 17.0000 3.0000
      vertex 13.6144 15.8000 3.0000
      vertex 13.4000 15.0000 3.0000
    endloop
  endfacet
  facet normal 0.000000e+00 -0.000000e+00 -1.000000e+00
    outer loop
      vertex 11.5359 17.0000 3.0000
      vertex 13.4000 15.0000 3.0000
      vertex 11.0000 15.0000 3.0000
    endloop
  endfacet
  facet normal 0.000000e+00 0.000000e+00 1.000000e+00
    outer loop
      vertex 11.5359 17.0000 13.0000
      vertex 11.0000 15.0000 13.0000
      vertex 13.4000 15.0000 13.0000
    endloop
  endfacet
  facet normal 0.000000e+00 0.000000e+00 1.000000e+00
    outer loop
      vertex 11.5359 17.0000 13.0000
      vertex 13.4000 15.0000 13.0000
      vertex 13.6144 15.8000 13.0000
    endloop
  endfacet
  facet normal -9.659258e-01 -2.588190e-01 0.000000e+00
    outer loop
      vertex 11.0000 15.0000 3.0000
      vertex 11.5359 13.0000 3.0000
      vertex 11.5359 13.0000 13.0000
    endloop
  endfacet
  facet normal -9.659258e-01 -2.588190e-01 0.000000e+00
    outer loop
      vertex 11.0000 15.0000 3.0000
      vertex 11.5359 13.0000 13.0000
      vertex 11.0000 15.0000 13.0000
    endloop
  endfacet
  facet normal 9.659258e-01 2.588190e-01 -0.000000e+00
    outer loop
      vertex 13.4000 15.0000 3.0000
      vertex 13.4000 15.0000 13.0000
      vertex 13.6144 14.2000 13.0000
    endloop
  endfacet
  facet normal 9.659258e-01 2.588190e-01 0.000000e+00
    outer loop
      vertex 13.4000 15.0000 3.0000
      vertex 13.6144 14.2000 13.0000
      vertex 13.6144 14.2000 3.0000
    endloop
  endfacet
  facet normal 0.000000e+00 0.000000e+00 -1.000000e+00
    outer loop
      vertex 11.0000 15.0000 3.0000
      vertex 13.4000 15.0000 3.0000
      vertex 13.6144 14.2000 3.0000
    endloop
  endfacet
  facet normal 0.000000e+00 0.000000e+00 -1.000000e+00
    outer loop
      vertex 11.0000 15.0000 3.0000
      vertex 13.6144 14.2000 3.0000
      vertex 11.5359 13.0000 3.0000
    endloop
  endfacet
  facet normal 0.000000e+00 0.000000e+00 1.000000e+00
    outer loop
      vertex 11.0000 15.0000 13.0000
      vertex 11.5359 13.0000 13.0000
      vertex 13.6144 14.2000 13.0000
    endloop
  endfacet
  facet normal -0.000000e+00 0.000000e+00 1.000000e+00
    outer loop
      vertex 11.0000 15.0000 13.0000
      vertex 13.6144 14.2000 13.0000
      vertex 13.4000 15.0000 13.0000
    endloop
  endfacet
  facet normal -7.071068e-01 -7.071068e-01 0.000000e+00
    outer loop
      vertex 11.5359 13.0000 3.0000
      vertex 13.0000 11.5359 3.0000
      vertex 13.0000 11.5359 13.0000
    endloop
  endfacet
  facet normal -7.071068e-01 -7.071068e-01 0.000000e+00
    outer loop
      vertex 11.5359 13.0000 3.0000
      vertex 13.0000 11.5359 13.0000
      vertex 11.5359 13.0000 13.0000
    endloop
  endfacet
  facet normal 7.071068e-01 7.071068e-01 -0.000000e+00
    outer loop
      vertex 13.6144 14.2000 3.0000
      vertex 13.6144 14.2000 13.0000
      vertex 14.2000 13.6144 13.0000
    endloop
  endfacet
  facet normal 7.071068e-01 7.071068e-01 0.000000e+00
    outer loop
      vertex 13.6144 14.2000 3.0000
      vertex 14.2000 13.6144 13.0000
      vertex 14.2000 13.6144 3.0000
    endloop
  endfacet
  facet normal 0.000000e+00 0.000000e+00 -1.000000e+00
    outer loop
      vertex 11.5359 13.0000 3.0000
      vertex 13.6144 14.2000 3.0000
      vertex 14.2000 13.6144 3.0000
    endloop
  endfacet
  facet normal 0.000000e+00 0.000000e+00 -1.000000e+00
    outer loop
      vertex 11.5359 13.0000 3.0000
      vertex 14.2000 13.6144 3.0000
      vertex 13.0000 11.5359 3.0000
    endloop
  endfacet
  facet normal -0.000000e+00 0.000000e+00 1.000000e+00
    outer loop
      vertex 11.5359 13.0000 13.0000
      vertex 13.0000 11.5359 13.0000
      vertex 14.2000 13.6144 13.0000
    endloop
  endfacet
  facet normal 0.000000e+00 0.000000e+00 1.000000e+00
    outer loop
      vertex 11.5359 13.0000 13.0000
      vertex 14.2000 13.6144 13.0000
      vertex 13.6144 14.2000 13.0000
    endloop
  endfacet
  facet normal -2.588190e-01 -9.659258e-01 0.000000e+00
    outer loop
      vertex 13.0000 11.5359 3.0000
      vertex 15.0000 11.0000 3.0000
      vertex 15.0000 11.0000 13.0000
    endloop
  endfacet
  facet normal -2.588190e-01 -9.659258e-01 0.000000e+00
    outer loop
      vertex 13.0000 11.5359 3.0000
      vertex 15.0000 11.0000 13.0000
      vertex 13.0000 11.5359 13.0000
    endloop
  endfacet
  facet normal 2.588190e-01 9.659258e-01 -0.000000e+00
    outer loop
      vertex 14.2000 13.6144 3.0000
      vertex 14.2000 13.6144 13.0000
      vertex 15.0000 13.4000 13.0000
    endloop
  endfacet
  facet normal 2.588190e-01 9.659258e-01 0.000000e+00
    outer loop
      vertex 14.2000 13.6144 3.0000
      vertex 15.0000 13.4000 13.0000
      vertex 15.0000 13.4000 3.0000
    endloop
  endfacet
  facet normal 0.000000e+00 0.000000e+00 -1.000000e+00
    outer loop
      vertex 13.0000 11.5359 3.0000
      vertex 14.2000 13.6144 3.0000
      vertex 15.0000 13.4000 3.0000
    endloop
  endfacet
  facet normal 0.000000e+00 0.000000e+00 -1.000000e+00
    outer loop
      vertex 13.0000 11.5359 3.0000
      vertex 15.0000 13.4000 3.0000
      vertex 15.0000 11.0000 3.0000
    endloop
  endfacet
  facet normal -0.000000e+00 0.000000e+00 1.000000e+00
    outer loop
      vertex 13.0000 11.5359 13.0000
      vertex 15.0000 11.0000 13.0000
      vertex 15.0000 13.4000 13.0000
    endloop
  endfacet
  facet normal 0.000000e+00 0.000000e+00 1.000000e+00
    outer loop
      vertex 13.0000 11.5359 13.0000
      vertex 15.0000 13.4000 13.0000
      vertex 14.2000 13.6144 13.0000
    endloop
  endfacet
  facet normal 2.588190e-01 -9.659258e-01 0.000000e+00
    outer loop
      vertex 15.0000 11.0000 3.0000
      vertex 17.0000 11.5359 3.0000
      vertex 17.0000 11.5359 13.0000
    endloop
  endfacet
  facet normal 2.588190e-01 -9.659258e-01 0.000000e+00
    outer loop
      vertex 15.0000 11.0000 3.0000
      vertex 17.0000 11.5359 13.0000
      vertex 15.0000 11.0000 13.0000
    endloop
  endfacet
  facet normal -2.588190e-01 9.659258e-01 0.000000e+00
    outer loop
      vertex 15.0000 13.4000 3.0000
      vertex 15.0000 13.4000 13.0000
      vertex 15.8000 13.6144 13.0000
    endloop
  endfacet
  facet normal -2.588190e-01 9.659258e-01 0.000000e+00
    outer loop
      vertex 15.0000 13.4000 3.0000
      vertex 15.8000 13.6144 13.0000
      vertex 15.8000 13.6144 3.0000
    endloop
  endfacet
  facet normal 0.000000e+00 0.000000e+00 -1.000000e+00
    outer loop
      vertex 15.0000 11.0000 3.0000
      vertex 15.0000 13.4000 3.0000
      vertex 15.8000 13.6144 3.0000
    endloop
  endfacet
  facet normal 0.000000e+00 0.000000e+00 -1.000000e+00
    outer loop
      vertex 15.0000 11.0000 3.0000
      vertex 15.8000 13.6144 3.0000
      vertex 17.0000 11.5359 3.0000
    endloop
  endfacet
  facet normal 0.000000e+00 0.000000e+00 1.000000e+00
    outer loop
      vertex 15.0000 11.0000 13.0000
      vertex 17.0000 11.5359 13.0000
      vertex 15.8000 13.6144 13.0000
    endloop
  endfacet
  facet normal 0.000000e+00 0.000000e+00 1.000000e+00
    outer loop
      vertex 15.0000 11.0000 13.0000
      vertex 15.8000 13.6144 13.0000
      vertex 15.0000 13.4000 13.0000
    endloop
  endfacet
  facet normal 7.071068e-01 -7.071068e-01 0.000000e+00
    outer loop
      vertex 17.0000 11.5359 3.0000
      vertex 18.4641 13.0000 3.0000
      vertex 18.4641 13.0000 13.0000
    endloop
  endfacet
  facet normal 7.071068e-01 -7.071068e-01 0.000000e+00
    outer loop
      vertex 17.0000 11.5359 3.0000
      vertex 18.4641 13.0000 13.0000
      vertex 17.0000 11.5359 13.0000
    endloop
  endfacet
  facet normal -7.071068e-01 7.071068e-01 0.000000e+00
    outer loop
      vertex 15.8000 13.6144 3.0000
      vertex 15.8000 13.6144 13.0000
      vertex 16.3856 14.2000 13.0000
    endloop
  endfacet
  facet normal -7.071068e-01 7.071068e-01 0.000000e+00
    outer loop
      vertex 15.8000 13.6144 3.0000
      vertex 16.3856 14.2000 13.0000
      vertex 16.3856 14.2000 3.0000
    endloop
  endfacet
  facet normal 0.000000e+00 0.000000e+00 -1.000000e+00
    outer loop
      vertex 17.0000 11.5359 3.0000
      vertex 15.8000 13.6144 3.0000
      vertex 16.3856 14.2000 3.0000
    endloop
  endfacet
  facet normal 0.000000e+00 0.000000e+00 -1.000000e+00
    outer loop
      vertex 17.0000 11.5359 3.0000
      vertex 16.3856 14.2000 3.0000
      vertex 18.4641 13.0000 3.0000
    endloop
  endfacet
  facet normal 0.000000e+00 -0.000000e+00 1.000000e+00
    outer loop
      vertex 17.0000 11.5359 13.0000
      vertex 18.4641 13.0000 13.0000
      vertex 16.3856 14.2000 13.0000
    endloop
  endfacet
  facet normal 0.000000e+00 0.000000e+00 1.000000e+00
    outer loop
      vertex 17.0000 11.5359 13.0000
      vertex 16.3856 14.2000 13.0000
      vertex 15.8000 13.6144 13.0000
    endloop
  endfacet
  facet normal 9.659258e-01 -2.588190e-01 0.000000e+00
    outer loop
      vertex 18.4641 13.0000 3.0000
      vertex 19.0000 15.0000 3.0000
      vertex 19.0000 15.0000 13.0000
    endloop
  endfacet
  facet normal 9.659258e-01 -2.588190e-01 0.000000e+00
    outer loop
      vertex 18.4641 13.0000 3.0000
      vertex 19.0000 15.0000 13.0000
      vertex 18.4641 13.0000 13.0000
    endloop
  endfacet
  facet normal -9.659258e-01 2.588190e-01 0.000000e+00
    outer loop
      vertex 16.3856 14.2000 3.0000
      vertex 16.3856 14.2000 13.0000
      vertex 16.6000 15.0000 13.0000
    endloop
  endfacet
  facet normal -9.659258e-01 2.588190e-01 0.000000e+00
    outer loop
      vertex 16.3856 14.2000 3.0000
      vertex 16.6000 15.0000 13.0000
      vertex 16.6000 15.0000 3.0000
    endloop
  endfacet
  facet normal 0.000000e+00 0.000000e+00 -1.000000e+00
    outer loop
      vertex 18.4641 13.0000 3.0000
      vertex 16.3856 14.2000 3.0000
      vertex 16.6000 15.0000 3.0000
    endloop
  endfacet
  facet normal 0.000000e+00 0.000000e+00 -1.000000e+00
    outer loop
      vertex 18.4641 13.0000 3.0000
      vertex 16.6000 15.0000 3.0000
      vertex 19.0000 15.0000 3.0000
    endloop
  endfacet
  facet normal 0.000000e+00 -0.000000e+00 1.000000e+00
    outer loop
      vertex 18.4641 13.0000 13.0000
      vertex 19.0000 15.0000 13.0000
      vertex 16.6000 15.0000 13.0000
    endloop
  endfacet
  facet normal 0.000000e+00 0.000000e+00 1.000000e+00
    outer loop
      vertex 18.4641 13.0000 13.0000
      vertex 16.6000 15.0000 13.0000
      vertex 16.3856 14.2000 13.0000
    endloop
  endfacet
endsolid standoff_0
solid standoff_1
  facet normal 9.659258e-01 2.588190e-01 0.000000e+00
    outer loop
      vertex 189.0000 15.0000 3.0000
      vertex 188.4641 17.0000 3.0000
      vertex 188.4641 17.0000 13.0000
    endloop
  endfacet
  facet normal 9.659258e-01 2.588190e-01 -0.000000e+00
    outer loop
      vertex 189.0000 15.0000 3.0000
      vertex 188.4641 17.0000 13.0000
      vertex 189.0000 15.0000 13.0000
    endloop
  endfacet
  facet normal -9.659258e-01 -2.588190e-01 0.000000e+00
    outer loop
      vertex 186.6000 15.0000 3.0000
      vertex 186.6000 15.0000 13.0000
      vertex 186.3856 15.8000 13.0000
    endloop
  endfacet
  facet normal -9.659258e-01 -2.588190e-01 0.000000e+00
    outer loop
      vertex 186.6000 15.0000 3.0000
      vertex 186.3856 15.8000 13.0000
      vertex 186.3856 15.8000 3.0000
    endloop
  endfacet
  facet normal 0.000000e+00 0.000000e+00 -1.000000e+00
    outer loop
      vertex 189.0000 15.0000 3.0000
      vertex 186.6000 15.0000 3.0000
      vertex 186.3856 15.8000 3.0000
    endloop
  endfacet
  facet normal 0.000000e+00 0.000000e+00 -1.000000e+00
    outer loop
      vertex 189.0000 15.0000 3.0000
      vertex 186.3856 15.8000 3.0000
      vertex 188.4641 17.0000 3.0000
    endloop
  endfacet
  facet normal 0.000000e+00 0.000000e+00 1.000000e+00
    outer loop
      vertex 189.0000 15.0000 13.0000
      vertex 188.4641 17.0000 13.0000
      vertex 186.3856 15.8000 13.0000
    endloop
  endfacet
  facet normal 0.000000e+00 0.000000e+00 1.000000e+00
    outer loop
      vertex 189.0000 15.0000 13.0000
      vertex 186.3856 15.8000 13.0000
      vertex 186.6000 15.0000 13.0000
    endloop
  endfacet
  facet normal 7.071068e-01 7.071068e-01 0.000000e+00
    outer loop
      vertex 188.4641 17.0000 3.0000
      vertex 187.0000 18.4641 3.0000
      vertex 187.0000 18.4641 13.0000
    endloop
  endfacet
  facet normal 7.071068e-01 7.071068e-01 -0.000000e+00
    outer loop
      vertex 188.4641 17.0000 3.0000
      vertex 187.0000 18.4641 13.0000
      vertex 188.4641 17.0000 13.0000
    endloop
  endfacet
  facet normal -7.071068e-01 -7.071068e-01 0.000000e+00
    outer loop
      vertex 186.3856 15.8000 3.0000
      vertex 186.3856 15.8000 13.0000
      vertex 185.8000 16.3856 13.0000
    endloop
  endfacet
  facet normal -7.071068e-01 -7.071068e-01 0.000000e+00
    outer loop
      vertex 186.3856 15.8000 3.0000
      vertex 185.8000 16.3856 13.0000
      vertex 185.8000 16.3856 3.0000
    endloop
  endfacet
  facet normal 0.000000e+00 0.000000e+00 -1.000000e+00
    outer loop
      vertex 188.4641 17.0000 3.0000
      vertex 186.3856 15.8000 3.0000
      vertex 185.8000 16.3856 3.0000
    endloop
  endfacet
  facet normal -0.000000e+00 0.000000e+00 -1.000000e+00
    outer loop
      vertex 188.4641 17.0000 3.0000
      vertex 185.8000 16.3856 3.0000
      vertex 187.0000 18.4641 3.0000
    endloop
  endfacet
  facet normal 0.000000e+00 0.000000e+00 1.000000e+00
    outer loop
      vertex 188.4641 17.0000 13.0000
      vertex 187.0000 18.4641 13.0000
      vertex 185.8000 16.3856 13.0000
    endloop
  endfacet
  facet normal 0.000000e+00 0.000000e+00 1.000000e+00
    outer loop
      vertex 188.4641 17.0000 13.0000
      vertex 185.8000 16.3856 13.0000
      vertex 186.3856 15.8000 13.0000
    endloop
  endfacet
  facet normal 2.588190e-01 9.659258e-01 0.000000e+00
    outer loop
      vertex 187.0000 18.4641 3.0000
      vertex 185.0000 19.0000 3.0000
      vertex 185.0000 19.0000 13.0000
    endloop
  endfacet
  facet normal 2.588190e-01 9.659258e-01 -0.000000e+00
    outer loop
      vertex 187.0000 18.4641 3.0000
      vertex 185.0000 19.0000 13.0000
      vertex 187.0000 18.4641 13.0000
    endloop
  endfacet
  facet normal -2.588190e-01 -9.659258e-01 0.000000e+00
    outer loop
      vertex 185.8000 16.3856 3.0000
      vertex 185.8000 16.3856 13.0000
      vertex 185.0000 16.6000 13.0000
    endloop
  endfacet
  facet normal -2.588190e-01 -9.659258e-01 0.000000e+00
    outer loop
      vertex 185.8000 16.3856 3.0000
      vertex 185.0000 16.6000 13.0000
      vertex 185.0000 16.6000 3.0000
    endloop
  endfacet
  facet normal 0.000000e+00 0.000000e+00 -1.000000e+00
    outer loop
      vertex 187.0000 18.4641 3.0000
      vertex 185.8000 16.3856 3.0000
      vertex 185.0000 16.6000 3.0000
    endloop
  endfacet
  facet normal -0.000000e+00 0.000000e+00 -1.000000e+00
    outer loop
      vertex 187.0000 18.4641 3.0000
      vertex 185.0000 16.6000 3.0000
      vertex 185.0000 19.0000 3.0000
    endloop
  endfacet
  facet normal 0.000000e+00 0.000000e+00 1.000000e+00
    outer loop
      vertex 187.0000 18.4641 13.0000
      vertex 185.0000 19.0000 13.0000
      vertex 185.0000 16.6000 13.0000
    endloop
  endfacet
  facet normal 0.000000e+00 0.000000e+00 1.000000e+00
    outer loop
      vertex 187.0000 18.4641 13.0000
      vertex 185.0000 16.6000 13.0000
      vertex 185.8000 16.3856 13.0000
    endloop
  endfacet
  facet normal -2.588190e-01 9.659258e-01 0.000000e+00
    outer loop
      vertex 185.0000 19.0000 3.0000
      vertex 183.0000 18.4641 3.0000
      vertex 183.0000 18.4641 13.0000
    endloop
  endfacet
  facet normal -2.588190e-01 9.659258e-01 0.000000e+00
    outer loop
      vertex 185.0000 19.0000 3.0000
      vertex 183.0000 18.4641 13.0000
      vertex 185.0000 19.0000 13.0000
    endloop
  endfacet
  facet normal 2.588190e-01 -9.659258e-01 0.000000e+00
    outer loop
      vertex 185.0000 16.6000 3.0000
      vertex 185.0000 16.6000 13.0000
      vertex 184.2000 16.3856 13.0000
    endloop
  endfacet
  facet normal 2.588190e-01 -9.659258e-01 0.000000e+00
    outer loop
      vertex 185.0000 16.6000 3.0000
      vertex 184.2000 16.3856 13.0000
      vertex 184.2000 16.3856 3.0000
    endloop
  endfacet
  facet normal 0.000000e+00 -0.000000e+00 -1.000000e+00
    outer loop
      vertex 185.0000 19.0000 3.0000
      vertex 185.0000 16.6000 3.0000
      vertex 184.2000 16.3856 3.0000
    endloop
  endfacet
  facet normal 0.000000e+00 0.000000e+00 -1.000000e+00
    outer loop
      vertex 185.0000 19.0000 3.0000
      vertex 184.2000 16.3856 3.0000
      vertex 183.0000 18.4641 3.0000
    endloop
  endfacet
  facet normal 0.000000e+00 0.000000e+00 1.000000e+00
    outer loop
      vertex 185.0000 19.0000 13.0000
      vertex 183.0000 18.4641 13.0000
      vertex 184.2000 16.3856 13.0000
    endloop
  endfacet
  facet normal 0.000000e+00 0.000000e+00 1.000000e+00
    outer loop
      vertex 185.0000 19.0000 13.0000
      vertex 184.2000 16.3856 13.0000
      vertex 185.0000 16.6000 13.0000
    endloop
  endfacet
  facet normal -7.071068e-01 7.071068e-01 0.000000e+00
    outer loop
      vertex 183.0000 18.4641 3.0000
      vertex 181.5359 17.0000 3.0000
      vertex 181.5359 17.0000 13.0000
    endloop
  endfacet
  facet normal -7.071068e-01 7.071068e-01 0.000000e+00
    outer loop
      vertex 183.0000 18.4641 3.0000
      vertex 181.5359 17.0000 13.0000
      vertex 183.0000 18.4641 13.0000
    endloop
  endfacet
  facet normal 7.071068e-01 -7.071068e-01 0.000000e+00
    outer loop
      vertex 184.2000 16.3856 3.0000
      vertex 184.2000 16.3856 13.0000
      vertex 183.6144 15.8000 13.0000
    endloop
  endfacet
  facet normal 7.071068e-01 -7.071068e-01 0.000000e+00
    outer loop
      vertex 184.2000 16.3856 3.0000
      vertex 183.6144 15.8000 13.0000
      vertex 183.6144 15.8000 3.0000
    endloop
  endfacet
  facet normal 0.000000e+00 0.000000e+00 -1.000000e+00
    outer loop
      vertex 183.0000 18.4641 3.0000
      vertex 184.2000 16.3856 3.0000
      vertex 183.6144 15.8000 3.0000
    endloop
  endfacet
  facet normal 0.000000e+00 -0.000000e+00 -1.000000e+00
    outer loop
      vertex 183.0000 18.4641 3.0000
      vertex 183.6144 15.8000 3.0000
      vertex 181.5359 17.0000 3.0000
    endloop
  endfacet
  facet normal 0.000000e+00 0.000000e+00 1.000000e+00
    outer loop
      vertex 183.0000 18.4641 13.0000
      vertex 181.5359 17.0000 13.0000
      vertex 183.6144 15.8000 13.0000
    endloop
  endfacet
  facet normal 0.000000e+00 0.000000e+00 1.000000e+00
    outer loop
      vertex 183.0000 18.4641 13.0000
      vertex 183.6144 15.8000 13.0000
      vertex 184.2000 16.3856 13.0000
    endloop
  endfacet
  facet normal -9.659258e-01 2.588190e-01 0.000000e+00
    outer loop
      vertex 181.5359 17.0000 3.0000
      vertex 181.0000 15.0000 3.0000
      vertex 181.0000 15.0000 13.0000
    endloop
  endfacet
  facet normal -9.659258e-01 2.588190e-01 0.000000e+00
    outer loop
      vertex 181.5359 17.0000 3.0000
      vertex 181.0000 15.0000 13.0000
      vertex 181.5359 17.0000 13.0000
    endloop
  endfacet
  facet normal 9.659258e-01 -2.588190e-01 0.000000e+00
    outer loop
      vertex 183.6144 15.8000 3.0000
      vertex 183.6144 15.8000 13.0000
      vertex 183.4000 15.0000 13.0000
    endloop
  endfacet
  facet normal 9.659258e-01 -2.588190e-01 0.000000e+00
    outer loop
      vertex 183.6144 15.8000 3.0000
      vertex 183.4000 15.0000 13.0000
      vertex 183.4000 15.0000 3.0000
    endloop
  endfacet
  facet normal 0.000000e+00 0.000000e+00 -1.000000e+00
    outer loop
      vertex 181.5359 17.0000 3.0000
      vertex 183.6144 15.8000 3.0000
      vertex 183.4000 15.0000 3.0000
    endloop
  endfacet
  facet normal 0.000000e+00 -0.000000e+00 -1.000000e+00
    outer loop
      vertex 181.5359 17.0000 3.0000
      vertex 183.4000 15.0000 3.0000
      vertex 181.0000 15.0000 3.0000
    endloop
  endfacet
  facet normal 0.000000e+00 0.000000e+00 1.000000e+00
    outer loop
      vertex 181.5359 17.0000 13.0000
      vertex 181.0000 15.0000 13.0000
      vertex 183.4000 15.0000 13.0000
    endloop
  endfacet
  facet normal 0.000000e+00 0.000000e+00 1.000000e+00
    outer loop
      vertex 181.5359 17.0000 13.0000
      vertex 183.4000 15.0000 13.0000
      vertex 183.6144 15.8000 13.0000
    endloop
  endfacet
  facet normal -9.659258e-01 -2.588190e-01 0.000000e+00
    outer loop
      vertex 181.0000 15.0000 3.0000
      vertex 181.5359 13.0000 3.0000
      vertex 181.5359 13.0000 13.0000
    endloop
  endfacet
  facet normal -9.659258e-01 -2.588190e-01 0.000000e+00
    outer loop
      vertex 181.0000 15.0000 3.0000
      vertex 181.5359 13.0000 13.0000
      vertex 181.0000 15.0000 13.0000
    endloop
  endfacet
  facet normal 9.659258e-01 2.588190e-01 -0.000000e+00
    outer loop
      vertex 183.4000 15.0000 3.0000
      vertex 183.4000 15.0000 13.0000
      vertex 183.6144 14.2000 13.0000
    endloop
  endfacet
  facet normal 9.659258e-01 2.588190e-01 0.000000e+00
    outer loop
      vertex 183.4000 15.0000 3.0000
      vertex 183.6144 14.2000 13.0000
      vertex 183.6144 14.2000 3.0000
    endloop
  endfacet
  facet normal 0.000000e+00 0.000000e+00 -1.000000e+00
    outer loop
      vertex 181.0000 15.0000 3.0000
      vertex 183.4000 15.0000 3.0000
      vertex 183.6144 14.2000 3.0000
    endloop
  endfacet
  facet normal 0.000000e+00 0.000000e+00 -1.000000e+00
    outer loop
      vertex 181.0000 15.0000 3.0000
      vertex 183.6144 14.2000 3.0000
      vertex 181.5359 13.0000 3.0000
    endloop
  endfacet
  facet normal 0.000000e+00 0.000000e+00 1.000000e+00
    outer loop
      vertex 181.0000 15.0000 13.0000
      vertex 181.5359 13.0000 13.0000
      vertex 183.6144 14.2000 13.0000
    endloop
  endfacet
  facet normal -0.000000e+00 0.000000e+00 1.000000e+00
    outer loop
      vertex 181.0000 15.0000 13.0000
      vertex 183.6144 14.2000 13.0000
      vertex 183.4000 15.0000 13.0000
    endloop
  endfacet
  facet normal -7.071068e-01 -7.071068e-01 0.000000e+00
    outer loop
      vertex 181.5359 13.0000 3.0000
      vertex 183.0000 11.5359 3.0000
      vertex 183.0000 11.5359 13.0000
    endloop
  endfacet
  facet normal -7.071068e-01 -7.071068e-01 0.000000e+00
    outer loop
      vertex 181.5359 13.0000 3.0000
      vertex 183.0000 11.5359 13.0000
      vertex 181.5359 13.0000 13.0000
    endloop
  endfacet
  facet normal 7.071068e-01 7.071068e-01 -0.000000e+00
    outer loop
      vertex 183.6144 14.2000 3.0000
      vertex 183.6144 14.2000 13.0000
      vertex 184.2000 13.6144 13.0000
    endloop
  endfacet
  facet normal 7.071068e-01 7.071068e-01 0.000000e+00
    outer loop
      vertex 183.6144 14.2000 3.0000
      vertex 184.2000 13.6144 13.0000
      vertex 184.2000 13.6144 3.0000
    endloop
  endfacet
  facet normal 0.000000e+00 0.000000e+00 -1.000000e+00
    outer loop
      vertex 181.5359 13.0000 3.0000
      vertex 183.6144 14.2000 3.0000
      vertex 184.2000 13.6144 3.0000
    endloop
  endfacet
  facet normal 0.000000e+00 0.000000e+00 -1.000000e+00
    outer loop
      vertex 181.5359 13.0000 3.0000
      vertex 184.2000 13.6144 3.0000
      vertex 183.0000 11.5359 3.0000
    endloop
  endfacet
  facet normal -0.000000e+00 0.000000e+00 1.000000e+00
    outer loop
      vertex 181.5359 13.0000 13.0000
      vertex 183.0000 11.5359 13.0000
      vertex 184.2000 13.6144 13.0000
    endloop
  endfacet
  facet normal 0.000000e+00 0.000000e+00 1.000000e+00
    outer loop
      vertex 181.5359 13.0000 13.0000
      vertex 184.2000 13.6144 13.0000
      vertex 183.6144 14.2000 13.0000
    endloop
  endfacet
  facet normal -2.588190e-01 -9.659258e-01 0.000000e+00
    outer loop
      vertex 183.0000 11.5359 3.0000
      vertex 185.0000 11.0000 3.0000
      vertex 185.0000 11.0000 13.0000
    endloop
  endfacet
  facet normal -2.588190e-01 -9.659258e-01 0.000000e+00
    outer loop
      vertex 183.0000 11.5359 3.0000
      vertex 185.0000 11.0000 13.0000
      vertex 183.0000 11.5359 13.0000
    endloop
  endfacet
  facet normal 2.588190e-01 9.659258e-01 -0.000000e+00
    outer loop
      vertex 184.2000 13.6144 3.0000
      vertex 184.2000 13.6144 13.0000
      vertex 185.0000 13.4000 13.0000
    endloop
  endfacet
  facet normal 2.588190e-01 9.659258e-01 0.000000e+00
    outer loop
      vertex 184.2000 13.6144 3.0000
      vertex 185.0000 13.4000 13.0000
      vertex 185.0000 13.4000 3.0000
    endloop
  endfacet
  facet normal 0.000000e+00 0.000000e+00 -1.000000e+00
    outer loop
      vertex 183.0000 11.5359 3.0000
      vertex 184.2000 13.6144 3.0000
      vertex 185.0000 13.4000 3.0000
    endloop
  endfacet
  facet normal 0.000000e+00 0.000000e+00 -1.000000e+00
    outer loop
      vertex 183.0000 11.5359 3.0000
      vertex 185.0000 13.4000 3.0000
      vertex 185.0000 11.0000 3.0000
    endloop
  endfacet
  facet normal -0.000000e+00 0.000000e+00 1.000000e+00
    outer loop
      vertex 183.0000 11.5359 13.0000
      vertex 185.0000 11.0000 13.0000
      vertex 185.0000 13.4000 13.0000
    endloop
  endfacet
  facet normal 0.000000e+00 0.000000e+00 1.000000e+00
    outer loop
      vertex 183.0000 11.5359 13.0000
      vertex 185.0000 13.4000 13.0000
      vertex 184.2000 13.6144 13.0000
    endloop
  endfacet
  facet normal 2.588190e-01 -9.659258e-01 0.000000e+00
    outer loop
      vertex 185.0000 11.0000 3.0000
      vertex 187.0000 11.5359 3.0000
      vertex 187.0000 11.5359 13.0000
    endloop
  endfacet
  facet normal 2.588190e-01 -9.659258e-01 0.000000e+00
    outer loop
      vertex 185.0000 11.0000 3.0000
      vertex 187.0000 11.5359 13.0000
      vertex 185.0000 11.0000 13.0000
    endloop
  endfacet
  facet normal -2.588190e-01 9.659258e-01 0.000000e+00
    outer loop
      vertex 185.0000 13.4000 3.0000
      vertex 185.0000 13.4000 13.0000
      vertex 185.8000 13.6144 13.0000
    endloop
  endfacet
  facet normal -2.588190e-01 9.659258e-01 0.000000e+00
    outer loop
      vertex 185.0000 13.4000 3.0000
      vertex 185.8000 13.6144 13.0000
      vertex 185.8000 13.6144 3.0000
    endloop
  endfacet
  facet normal 0.000000e+00 0.000000e+00 -1.000000e+00
    outer loop
      vertex 185.0000 11.0000 3.0000
      vertex 185.0000 13.4000 3.0000
      vertex 185.8000 13.6144 3.0000
    endloop
  endfacet
  facet normal 0.000000e+00 0.000000e+00 -1.000000e+00
    outer loop
      vertex 185.0000 11.0000 3.0000
      vertex 185.8000 13.6144 3.0000
      vertex 187.0000 11.5359 3.0000
    endloop
  endfacet
  facet normal 0.000000e+00 0.000000e+00 1.000000e+00
    outer loop
      vertex 185.0000 11.0000 13.0000
      vertex 187.0000 11.5359 13.0000
      vertex 185.8000 13.6144 13.0000
    endloop
  endfacet
  facet normal 0.000000e+00 0.000000e+00 1.000000e+00
    outer loop
      vertex 185.0000 11.0000 13.0000
      vertex 185.8000 13.6144 13.0000
      vertex 185.0000 13.4000 13.0000
    endloop
  endfacet
  facet normal 7.071068e-01 -7.071068e-01 0.000000e+00
    outer loop
      vertex 187.0000 11.5359 3.0000
      vertex 188.4641 13.0000 3.0000
      vertex 188.4641 13.0000 13.0000
    endloop
  endfacet
  facet normal 7.071068e-01 -7.071068e-01 0.000000e+00
    outer loop
      vertex 187.0000 11.5359 3.0000
      vertex 188.4641 13.0000 13.0000
      vertex 187.0000 11.5359 13.0000
    endloop
  endfacet
  facet normal -7.071068e-01 7.071068e-01 0.000000e+00
    outer loop
      vertex 185.8000 13.6144 3.0000
      vertex 185.8000 13.6144 13.0000
      vertex 186.3856 14.2000 13.0000
    endloop
  endfacet
  facet normal -7.071068e-01 7.071068e-01 0.000000e+00
    outer loop
      vertex 185.8000 13.6144 3.0000
      vertex 186.3856 14.2000 13.0000
      vertex 186.3856 14.2000 3.0000
    endloop
  endfacet
  facet normal 0.000000e+00 0.000000e+00 -1.000000e+00
    outer loop
      vertex 187.0000 11.5359 3.0000
      vertex 185.8000 13.6144 3.0000
      vertex 186.3856 14.2000 3.0000
    endloop
  endfacet
  facet normal 0.000000e+00 0.000000e+00 -1.000000e+00
    outer loop
      vertex 187.0000 11.5359 3.0000
      vertex 186.3856 14.2000 3.0000
      vertex 188.4641 13.0000 3.0000
    endloop
  endfacet
  facet normal 0.000000e+00 -0.000000e+00 1.000000e+00
    outer loop
      vertex 187.0000 11.5359 13.0000
      vertex 188.4641 13.0000 13.0000
      vertex 186.3856 14.2000 13.0000
    endloop
  endfacet
  facet normal 0.000000e+00 0.000000e+00 1.000000e+00
    outer loop
      vertex 187.0000 11.5359 13.0000
      vertex 186.3856 14.2000 13.0000
      vertex 185.8000 13.6144 13.0000
    endloop
  endfacet
  facet normal 9.659258e-01 -2.588190e-01 0.000000e+00
    outer loop
      vertex 188.4641 13.0000 3.0000
      vertex 189.0000 15.0000 3.0000
      vertex 189.0000 15.0000 13.0000
    endloop
  endfacet
  facet normal 9.659258e-01 -2.588190e-01 0.000000e+00
    outer loop
      vertex 188.4641 13.0000 3.0000
      vertex 189.0000 15.0000 13.0000
      vertex 188.4641 13.0000 13.0000
    endloop
  endfacet
  facet normal -9.659258e-01 2.588190e-01 0.000000e+00
    outer loop
      vertex 186.3856 14.2000 3.0000
      vertex 186.3856 14.2000 13.0000
      vertex 186.6000 15.0000 13.0000
    endloop
  endfacet
  facet normal -9.659258e-01 2.588190e-01 0.000000e+00
    outer loop
      vertex 186.3856 14.2000 3.0000
      vertex 186.6000 15.0000 13.0000
      vertex 186.6000 15.0000 3.0000
    endloop
  endfacet
  facet normal 0.000000e+00 0.000000e+00 -1.000000e+00
    outer loop
      vertex 188.4641 13.0000 3.0000
      vertex 186.3856 14.2000 3.0000
      vertex 186.6000 15.0000 3.0000
    endloop
  endfacet
  facet normal 0.000000e+00 0.000000e+00 -1.000000e+00
    outer loop
      vertex 188.4641 13.0000 3.0000
      vertex 186.6000 15.0000 3.0000
      vertex 189.0000 15.0000 3.0000
    endloop
  endfacet
  facet normal 0.000000e+00 -0.000000e+00 1.000000e+00
    outer loop
      vertex 188.4641 13.0000 13.0000
      vertex 189.0000 15.0000 13.0000
      vertex 186.6000 15.0000 13.0000
    endloop
  endfacet
  facet normal 0.000000e+00 0.000000e+00 1.000000e+00
    outer loop
      vertex 188.4641 13.0000 13.0000
      vertex 186.6000 15.0000 13.0000
      vertex 186.3856 14.2000 13.0000
    endloop
  endfacet
endsolid standoff_1
solid standoff_2
  facet normal 9.659258e-01 2.588190e-01 0.000000e+00
    outer loop
      vertex 19.0000 125.0000 3.0000
      vertex 18.4641 127.0000 3.0000
      vertex 18.4641 127.0000 13.0000
    endloop
  endfacet
  facet normal 9.659258e-01 2.588190e-01 -0.000000e+00
    outer loop
      vertex 19.0000 125.0000 3.0000
      vertex 18.4641 127.0000 13.0000
      vertex 19.0000 125.0000 13.0000
    endloop
  endfacet
  facet normal -9.659258e-01 -2.588190e-01 0.000000e+00
    outer loop
      vertex 16.6000 125.0000 3.0000
      vertex 16.6000 125.0000 13.0000
      vertex 16.3856 125.8000 13.0000
    endloop
  endfacet
  facet normal -9.659258e-01 -2.588190e-01 0.000000e+00
    outer loop
      vertex 16.6000 125.0000 3.0000
      vertex 16.3856 125.8000 13.0000
      vertex 16.3856 125.8000 3.0000
    endloop
  endfacet
  facet normal 0.000000e+00 0.000000e+00 -1.000000e+00
    outer loop
      vertex 19.0000 125.0000 3.0000
      vertex 16.6000 125.0000 3.0000
      vertex 16.3856 125.8000 3.0000
    endloop
  endfacet
  facet normal 0.000000e+00 0.000000e+00 -1.000000e+00
    outer loop
      vertex 19.0000 125.0000 3.0000
      vertex 16.3856 125.8000 3.0000
      vertex 18.4641 127.0000 3.0000
    endloop
  endfacet
  facet normal 0.000000e+00 0.000000e+00 1.000000e+00
    outer loop
      vertex 19.0000 125.0000 13.0000
      vertex 18.4641 127.0000 13.0000
      vertex 16.3856 125.8000 13.0000
    endloop
  endfacet
  facet normal 0.000000e+00 0.000000e+00 1.000000e+00
    outer loop
      vertex 19.0000 125.0000 13.0000
      vertex 16.3856 125.8000 13.0000
      vertex 16.6000 125.0000 13.0000
    endloop
  endfacet
  facet normal 7.071068e-01 7.071068e-01 0.000000e+00
    outer loop
      vertex 18.4641 127.0000 3.0000
      vertex 17.0000 128.4641 3.0000
      vertex 17.0000 128.4641 13.0000
    endloop
  endfacet
  facet normal 7.071068e-01 7.071068e-01 -0.000000e+00
    outer loop
      vertex 18.4641 127.0000 3.0000
      vertex 17.0000 128.4641 13.0000
      vertex 18.4641 127.0000 13.0000
    endloop
  endfacet
  facet normal -7.071068e-01 -7.071068e-01 0.000000e+00
    outer loop
      vertex 16.3856 125.8000 3.0000
      vertex 16.3856 125.8000 13.0000
      vertex 15.8000 126.3856 13.0000
    endloop
  endfacet
  facet normal -7.071068e-01 -7.071068e-01 0.000000e+00
    outer loop
      vertex 16.3856 125.8000 3.0000
      vertex 15.8000 126.3856 13.0000
      vertex 15.8000 126.3856 3.0000
    endloop
  endfacet
  facet normal 0.000000e+00 0.000000e+00 -1.000000e+00
    outer loop
      vertex 18.4641 127.0000 3.0000
      vertex 16.3856 125.8000 3.0000
      vertex 15.8000 126.3856 3.0000
    endloop
  endfacet
  facet normal -0.000000e+00 0.000000e+00 -1.000000e+00
    outer loop
      vertex 18.4641 127.0000 3.0000
      vertex 15.8000 126.3856 3.0000
      vertex 17.0000 128.4641 3.0000
    endloop
  endfacet
  facet normal 0.000000e+00 0.000000e+00 1.000000e+00
    outer loop
      vertex 18.4641 127.0000 13.0000
      vertex 17.0000 128.4641 13.0000
      vertex 15.8000 126.3856 13.0000
    endloop
  endfacet
  facet normal 0.000000e+00 0.000000e+00 1.000000e+00
    outer loop
      vertex 18.4641 127.0000 13.0000
      vertex 15.8000 126.3856 13.0000
      vertex 16.3856 125.8000 13.0000
    endloop
  endfacet
  facet normal 2.588190e-01 9.659258e-01 0.000000e+00
    outer loop
      vertex 17.0000 128.4641 3.0000
      vertex 15.0000 129.0000 3.0000
      vertex 15.0000 129.0000 13.0000
    endloop
  endfacet
  facet normal 2.588190e-01 9.659258e-01 -0.000000e+00
    outer loop
      vertex 17.0000 128.4641 3.0000
      vertex 15.0000 129.0000 13.0000
      vertex 17.0000 128.4641 13.0000
    endloop
  endfacet
  facet normal -2.588190e-01 -9.659258e-01 0.000000e+00
    outer loop
      vertex 15.8000 126.3856 3.0000
      vertex 15.8000 126.3856 13.0000
      vertex 15.0000 126.6000 13.0000
    endloop
  endfacet
  facet normal -2.588190e-01 -9.659258e-01 0.000000e+00
    outer loop
      vertex 15.8000 126.3856 3.0000
      vertex 15.0000 126.6000 13.0000
      vertex 15.0000 126.6000 3.0000
    endloop
  endfacet
  facet normal 0.000000e+00 0.000000e+00 -1.000000e+00
    outer loop
      vertex 17.0000 128.4641 3.0000
      vertex 15.8000 126.3856 3.0000
      vertex 15.0000 126.6000 3.0000
    endloop
  endfacet
  facet normal -0.000000e+00 0.000000e+00 -1.000000e+00
    outer loop
      vertex 17.0000 128.4641 3.0000
      vertex 15.0000 126.6000 3.0000
      vertex 15.0000 129.0000 3.0000
    endloop
  endfacet
  facet normal 0.000000e+00 0.000000e+00 1.000000e+00
    outer loop
      vertex 17.0000 128.4641 13.0000
      vertex 15.0000 129.0000 13.0000
      vertex 15.0000 126.6000 13.0000
    endloop
  endfacet
  facet normal 0.000000e+00 0.000000e+00 1.000000e+00
    outer loop
      vertex 17.0000 128.4641 13.0000
      vertex 15.0000 126.6000 13.0000
      vertex 15.8000 126.3856 13.0000
    endloop
  endfacet
  facet normal -2.588190e-01 9.659258e-01 0.000000e+00
    outer loop
      vertex 15.0000 129.0000 3.0000
      vertex 13.0000 128.4641 3.0000
      vertex 13.0000 128.4641 13.0000
    endloop
  endfacet
  facet normal -2.588190e-01 9.659258e-01 0.000000e+00
    outer loop
      vertex 15.0000 129.0000 3.0000
      vertex 13.0000 128.4641 13.0000
      vertex 15.0000 129.0000 13.0000
    endloop
  endfacet
  facet normal 2.588190e-01 -9.659258e-01 0.000000e+00
    outer loop
      vertex 15.0000 126.6000 3.0000
      vertex 15.0000 126.6000 13.0000
      vertex 14.2000 126.3856 13.0000
    endloop
  endfacet
  facet normal 2.588190e-01 -9.659258e-01 0.000000e+00
    outer loop
      vertex 15.0000 126.6000 3.0000
      vertex 14.2000 126.3856 13.0000
      vertex 14.2000 126.3856 3.0000
    endloop
  endfacet
  facet normal 0.000000e+00 -0.000000e+00 -1.000000e+00
    outer loop
      vertex 15.0000 129.0000 3.0000
      vertex 15.0000 126.6000 3.0000
      vertex 14.2000 126.3856 3.0000
    endloop
  endfacet
  facet normal 0.000000e+00 0.000000e+00 -1.000000e+00
    outer loop
      vertex 15.0000 129.0000 3.0000
      vertex 14.2000 126.3856 3.0000
      vertex 13.0000 128.4641 3.0000
    endloop
  endfacet
  facet normal 0.000000e+00 0.000000e+00 1.000000e+00
    outer loop
      vertex 15.0000 129.0000 13.0000
      vertex 13.0000 128.4641 13.0000
      vertex 14.2000 126.3856 13.0000
    endloop
  endfacet
  facet normal 0.000000e+00 0.000000e+00 1.000000e+00
    outer loop
      vertex 15.0000 129.0000 13.0000
      vertex 14.2000 126.3856 13.0000
      vertex 15.0000 126.6000 13.0000
    endloop
  endfacet
  facet normal -7.071068e-01 7.071068e-01 0.000000e+00
    outer loop
      vertex 13.0000 128.4641 3.0000
      vertex 11.5359 127.0000 3.0000
      vertex 11.5359 127.0000 13.0000
    endloop
  endfacet
  facet normal -7.071068e-01 7.071068e-01 0.000000e+00
    outer loop
      vertex 13.0000 128.4641 3.0000
      vertex 11.5359 127.0000 13.0000
      vertex 13.0000 128.4641 13.0000
    endloop
  endfacet
  facet normal 7.071068e-01 -7.071068e-01 0.000000e+00
    outer loop
      vertex 14.2000 126.3856 3.0000
      vertex 14.2000 126.3856 13.0000
      vertex 13.6144 125.8000 13.0000
    endloop
  endfacet
  facet normal 7.071068e-01 -7.071068e-01 0.000000e+00
    outer loop
      vertex 14.2000 126.3856 3.0000
      vertex 13.6144 125.8000 13.0000
      vertex 13.6144 125.8000 3.0000
    endloop
  endfacet
  facet normal 0.000000e+00 0.000000e+00 -1.000000e+00
    outer loop
      vertex 13.0000 128.4641 3.0000
      vertex 14.2000 126.3856 3.0000
      vertex 13.6144 125.8000 3.0000
    endloop
  endfacet
  facet normal 0.000000e+00 -0.000000e+00 -1.000000e+00
    outer loop
      vertex 13.0000 128.4641 3.0000
      vertex 13.6144 125.8000 3.0000
      vertex 11.5359 127.0000 3.0000
    endloop
  endfacet
  facet normal 0.000000e+00 0.000000e+00 1.000000e+00
    outer loop
      vertex 13.0000 128.4641 13.0000
      vertex 11.5359 127.0000 13.0000
      vertex 13.6144 125.8000 13.0000
    endloop
  endfacet
  facet normal 0.000000e+00 0.000000e+00 1.000000e+00
    outer loop
      vertex 13.0000 128.4641 13.0000
      vertex 13.6144 125.8000 13.0000
      vertex 14.2000 126.3856 13.0000
    endloop
  endfacet
  facet normal -9.659258e-01 2.588190e-01 0.000000e+00
    outer loop
      vertex 11.5359 127.0000 3.0000
      vertex 11.0000 125.0000 3.0000
      vertex 11.0000 125.0000 13.0000
    endloop
  endfacet
  facet normal -9.659258e-01 2.588190e-01 0.000000e+00
    outer loop
      vertex 11.5359 127.0000 3.0000
      vertex 11.0000 125.0000 13.0000
      vertex 11.5359 127.0000 13.0000
    endloop
  endfacet
  facet normal 9.659258e-01 -2.588190e-01 0.000000e+00
    outer loop
      vertex 13.6144 125.8000 3.0000
      vertex 13.6144 125.8000 13.0000
      vertex 13.4000 125.0000 13.0000
    endloop
  endfacet
  facet normal 9.659258e-01 -2.588190e-01 0.000000e+00
    outer loop
      vertex 13.6144 125.8000 3.0000
      vertex 13.4000 125.0000 13.0000
      vertex 13.4000 125.0000 3.0000
    endloop
  endfacet
  facet normal 0.000000e+00 0.000000e+00 -1.000000e+00
    outer loop
      vertex 11.5359 127.0000 3.0000
      vertex 13.6144 125.8000 3.0000
      vertex 13.4000 125.0000 3.0000
    endloop
  endfacet
  facet normal 0.000000e+00 -0.000000e+00 -1.000000e+00
    outer loop
      vertex 11.5359 127.0000 3.0000
      vertex 13.4000 125.0000 3.0000
      vertex 11.0000 125.0000 3.0000
    endloop
  endfacet
  facet normal 0.000000e+00 0.000000e+00 1.000000e+00
    outer loop
      vertex 11.5359 127.0000 13.0000
      vertex 11.0000 125.0000 13.0000
      vertex 13.4000 125.0000 13.0000
    endloop
  endfacet
  facet normal 0.000000e+00 0.000000e+00 1.000000e+00
    outer loop
      vertex 11.5359 127.0000 13.0000
      vertex 13.4000 125.0000 13.0000
      vertex 13.6144 125.8000 13.0000
    endloop
  endfacet
  facet normal -9.659258e-01 -2.588190e-01 0.000000e+00
    outer loop
      vertex 11.0000 125.0000 3.0000
      vertex 11.5359 123.0000 3.0000
      vertex 11.5359 123.0000 13.0000
    endloop
  endfacet
  facet normal -9.659258e-01 -2.588190e-01 0.000000e+00
    outer loop
      vertex 11.0000 125.0000 3.0000
      vertex 11.5359 123.0000 13.0000
      vertex 11.0000 125.0000 13.0000
    endloop
  endfacet
  facet normal 9.659258e-01 2.588190e-01 -0.000000e+00
    outer loop
      vertex 13.4000 125.0000 3.0000
      vertex 13.4000 125.0000 13.0000
      vertex 13.6144 124.2000 13.0000
    endloop
  endfacet
  facet normal 9.659258e-01 2.588190e-01 0.000000e+00
    outer loop
      vertex 13.4000 125.0000 3.0000
      vertex 13.6144 124.2000 13.0000
      vertex 13.6144 124.2000 3.0000
    endloop
  endfacet
  facet normal 0.000000e+00 0.000000e+00 -1.000000e+00
    outer loop
      vertex 11.0000 125.0000 3.0000
      vertex 13.4000 125.0000 3.0000
      vertex 13.6144 124.2000 3.0000
    endloop
  endfacet
  facet normal 0.000000e+00 0.000000e+00 -1.000000e+00
    outer loop
      vertex 11.0000 125.0000 3.0000
      vertex 13.6144 124.2000 3.0000
      vertex 11.5359 123.0000 3.0000
    endloop
  endfacet
  facet normal 0.000000e+00 0.000000e+00 1.000000e+00
    outer loop
      vertex 11.0000 125.0000 13.0000
      vertex 11.5359 123.0000 13.0000
      vertex 13.6144 124.2000 13.0000
    endloop
  endfacet
  facet normal -0.000000e+00 0.000000e+00 1.000000e+00
    outer loop
      vertex 11.0000 125.0000 13.0000
      vertex 13.6144 124.2000 13.0000
      vertex 13.4000 125.0000 13.0000
    endloop
  endfacet
  facet normal -7.071068e-01 -7.071068e-01 0.000000e+00
    outer loop
      vertex 11.5359 123.0000 3.0000
      vertex 13.0000 121.5359 3.0000
      vertex 13.0000 121.5359 13.0000
    endloop
  endfacet
  facet normal -7.071068e-01 -7.071068e-01 0.000000e+00
    outer loop
      vertex 11.5359 123.0000 3.0000
      vertex 13.0000 121.5359 13.0000
      vertex 11.5359 123.0000 13.0000
    endloop
  endfacet
  facet normal 7.071068e-01 7.071068e-01 -0.000000e+00
    outer loop
      vertex 13.6144 124.2000 3.0000
      vertex 13.6144 124.2000 13.0000
      vertex 14.2000 123.6144 13.0000
    endloop
  endfacet
  facet normal 7.071068e-01 7.071068e-01 0.000000e+00
    outer loop
      vertex 13.6144 124.2000 3.0000
      vertex 14.2000 123.6144 13.0000
      vertex 14.2000 123.6144 3.0000
    endloop
  endfacet
  facet normal 0.000000e+00 0.000000e+00 -1.000000e+00
    outer loop
      vertex 11.5359 123.0000 3.0000
      vertex 13.6144 124.2000 3.0000
      vertex 14.2000 123.6144 3.0000
    endloop
  endfacet
  facet normal 0.000000e+00 0.000000e+00 -1.000000e+00
    outer loop
      vertex 11.5359 123.0000 3.0000
      vertex 14.2000 123.6144 3.0000
      vertex 13.0000 121.5359 3.0000
    endloop
  endfacet
  facet normal -0.000000e+00 0.000000e+00 1.000000e+00
    outer loop
      vertex 11.5359 123.0000 13.0000
      vertex 13.0000 121.5359 13.0000
      vertex 14.2000 123.6144 13.0000
    endloop
  endfacet
  facet normal 0.000000e+00 0.000000e+00 1.000000e+00
    outer loop
      vertex 11.5359 123.0000 13.0000
      vertex 14.2000 123.6144 13.0000
      vertex 13.6144 124.2000 13.0000
    endloop
  endfacet
  facet normal -2.588190e-01 -9.659258e-01 0.000000e+00
    outer loop
      vertex 13.0000 121.5359 3.0000
      vertex 15.0000 121.0000 3.0000
      vertex 15.0000 121.0000 13.0000
    endloop
  endfacet
  facet normal -2.588190e-01 -9.659258e-01 0.000000e+00
    outer loop
      vertex 13.0000 121.5359 3.0000
      vertex 15.0000 121.0000 13.0000
      vertex 13.0000 121.5359 13.0000
    endloop
  endfacet
  facet normal 2.588190e-01 9.659258e-01 -0.000000e+00
    outer loop
      vertex 14.2000 123.6144 3.0000
      vertex 14.2000 123.6144 13.0000
      vertex 15.0000 123.4000 13.0000
    endloop
  endfacet
  facet normal 2.588190e-01 9.659258e-01 0.000000e+00
    outer loop
      vertex 14.2000 123.6144 3.0000
      vertex 15.0000 123.4000 13.0000
      vertex 15.0000 123.4000 3.0000
    endloop
  endfacet
  facet normal 0.000000e+00 0.000000e+00 -1.000000e+00
    outer loop
      vertex 13.0000 121.5359 3.0000
      vertex 14.2000 123.6144 3.0000
      vertex 15.0000 123.4000 3.0000
    endloop
  endfacet
  facet normal 0.000000e+00 0.000000e+00 -1.000000e+00
    outer loop
      vertex 13.0000 121.5359 3.0000
      vertex 15.0000 123.4000 3.0000
      vertex 15.0000 121.0000 3.0000
    endloop
  endfacet
  facet normal -0.000000e+00 0.000000e+00 1.000000e+00
    outer loop
      vertex 13.0000 121.5359 13.0000
      vertex 15.0000 121.0000 13.0000
      vertex 15.0000 123.4000 13.0000
    endloop
  endfacet
  facet normal 0.000000e+00 0.000000e+00 1.000000e+00
    outer loop
      vertex 13.0000 121.5359 13.0000
      vertex 15.0000 123.4000 13.0000
      vertex 14.2000 123.6144 13.0000
    endloop
  endfacet
  facet normal 2.588190e-01 -9.659258e-01 0.000000e+00
    outer loop
      vertex 15.0000 121.0000 3.0000
      vertex 17.0000 121.5359 3.0000
      vertex 17.0000 121.5359 13.0000
    endloop
  endfacet
  facet normal 2.588190e-01 -9.659258e-01 0.000000e+00
    outer loop
      vertex 15.0000 121.0000 3.0000
      vertex 17.0000 121.5359 13.0000
      vertex 15.0000 121.0000 13.0000
    endloop
  endfacet
  facet normal -2.588190e-01 9.659258e-01 0.000000e+00
    outer loop
      vertex 15.0000 123.4000 3.0000
      vertex 15.0000 123.4000 13.0000
      vertex 15.8000 123.6144 13.0000
    endloop
  endfacet
  facet normal -2.588190e-01 9.659258e-01 0.000000e+00
    outer loop
      vertex 15.0000 123.4000 3.0000
      vertex 15.8000 123.6144 13.0000
      vertex 15.8000 123.6144 3.0000
    endloop
  endfacet
  facet normal 0.000000e+00 0.000000e+00 -1.000000e+00
    outer loop
      vertex 15.0000 121.0000 3.0000
      vertex 15.0000 123.4000 3.0000
      vertex 15.8000 123.6144 3.0000
    endloop
  endfacet
  facet normal 0.000000e+00 0.000000e+00 -1.000000e+00
    outer loop
      vertex 15.0000 121.0000 3.0000
      vertex 15.8000 123.6144 3.0000
      vertex 17.0000 121.5359 3.0000
    endloop
  endfacet
  facet normal 0.000000e+00 0.000000e+00 1.000000e+00
    outer loop
      vertex 15.0000 121.0000 13.0000
      vertex 17.0000 121.5359 13.0000
      vertex 15.8000 123.6144 13.0000
    endloop
  endfacet
  facet normal 0.000000e+00 0.000000e+00 1.000000e+00
    outer loop
      vertex 15.0000 121.0000 13.0000
      vertex 15.8000 123.6144 13.0000
      vertex 15.0000 123.4000 13.0000
    endloop
  endfacet
  facet normal 7.071068e-01 -7.071068e-01 0.000000e+00
    outer loop
      vertex 17.0000 121.5359 3.0000
      vertex 18.4641 123.0000 3.0000
      vertex 18.4641 123.0000 13.0000
    endloop
  endfacet
  facet normal 7.071068e-01 -7.071068e-01 0.000000e+00
    outer loop
      vertex 17.0000 121.5359 3.0000
      vertex 18.4641 123.0000 13.0000
      vertex 17.0000 121.5359 13.0000
    endloop
  endfacet
  facet normal -7.071068e-01 7.071068e-01 0.000000e+00
    outer loop
      vertex 15.8000 123.6144 3.0000
      vertex 15.8000 123.6144 13.0000
      vertex 16.3856 124.2000 13.0000
    endloop
  endfacet
  facet normal -7.071068e-01 7.071068e-01 0.000000e+00
    outer loop
      vertex 15.8000 123.6144 3.0000
      vertex 16.3856 124.2000 13.0000
      vertex 16.3856 124.2000 3.0000
    endloop
  endfacet
  facet normal 0.000000e+00 0.000000e+00 -1.000000e+00
    outer loop
      vertex 17.0000 121.5359 3.0000
      vertex 15.8000 123.6144 3.0000
      vertex 16.3856 124.2000 3.0000
    endloop
  endfacet
  facet normal 0.000000e+00 0.000000e+00 -1.000000e+00
    outer loop
      vertex 17.0000 121.5359 3.0000
      vertex 16.3856 124.2000 3.0000
      vertex 18.4641 123.0000 3.0000
    endloop
  endfacet
  facet normal 0.000000e+00 -0.000000e+00 1.000000e+00
    outer loop
      vertex 17.0000 121.5359 13.0000
      vertex 18.4641 123.0000 13.0000
      vertex 16.3856 124.2000 13.0000
    endloop
  endfacet
  facet normal 0.000000e+00 0.000000e+00 1.000000e+00
    outer loop
      vertex 17.0000 121.5359 13.0000
      vertex 16.3856 124.2000 13.0000
      vertex 15.8000 123.6144 13.0000
    endloop
  endfacet
  facet normal 9.659258e-01 -2.588190e-01 0.000000e+00
    outer loop
      vertex 18.4641 123.0000 3.0000
      vertex 19.0000 125.0000 3.0000
      vertex 19.0000 125.0000 13.0000
    endloop
  endfacet
  facet normal 9.659258e-01 -2.588190e-01 0.000000e+00
    outer loop
      vertex 18.4641 123.0000 3.0000
      vertex 19.0000 125.0000 13.0000
      vertex 18.4641 123.0000 13.0000
    endloop
  endfacet
  facet normal -9.659258e-01 2.588190e-01 0.000000e+00
    outer loop
      vertex 16.3856 124.2000 3.0000
      vertex 16.3856 124.2000 13.0000
      vertex 16.6000 125.0000 13.0000
    endloop
  endfacet
  facet normal -9.659258e-01 2.588190e-01 0.000000e+00
    outer loop
      vertex 16.3856 124.2000 3.0000
      vertex 16.6000 125.0000 13.0000
      vertex 16.6000 125.0000 3.0000
    endloop
  endfacet
  facet normal 0.000000e+00 0.000000e+00 -1.000000e+00
    outer loop
      vertex 18.4641 123.0000 3.0000
      vertex 16.3856 124.2000 3.0000
      vertex 16.6000 125.0000 3.0000
    endloop
  endfacet
  facet normal 0.000000e+00 0.000000e+00 -1.000000e+00
    outer loop
      vertex 18.4641 123.0000 3.0000
      vertex 16.6000 125.0000 3.0000
      vertex 19.0000 125.0000 3.0000
    endloop
  endfacet
  facet normal 0.000000e+00 -0.000000e+00 1.000000e+00
    outer loop
      vertex 18.4641 123.0000 13.0000
      vertex 19.0000 125.0000 13.0000
      vertex 16.6000 125.0000 13.0000
    endloop
  endfacet
  facet normal 0.000000e+00 0.000000e+00 1.000000e+00
    outer loop
      vertex 18.4641 123.0000 13.0000
      vertex 16.6000 125.0000 13.0000
      vertex 16.3856 124.2000 13.0000
    endloop
  endfacet
endsolid standoff_2
solid standoff_3
  facet normal 9.659258e-01 2.588190e-01 0.000000e+00
    outer loop
      vertex 189.0000 125.0000 3.0000
      vertex 188.4641 127.0000 3.0000
      vertex 188.4641 127.0000 13.0000
    endloop
  endfacet
  facet normal 9.659258e-01 2.588190e-01 -0.000000e+00
    outer loop
      vertex 189.0000 125.0000 3.0000
      vertex 188.4641 127.0000 13.0000
      vertex 189.0000 125.0000 13.0000
    endloop
  endfacet
  facet normal -9.659258e-01 -2.588190e-01 0.000000e+00
    outer loop
      vertex 186.6000 125.0000 3.0000
      vertex 186.6000 125.0000 13.0000
      vertex 186.3856 125.8000 13.0000
    endloop
  endfacet
  facet normal -9.659258e-01 -2.588190e-01 0.000000e+00
    outer loop
      vertex 186.6000 125.0000 3.0000
      vertex 186.3856 125.8000 13.0000
      vertex 186.3856 125.8000 3.0000
    endloop
  endfacet
  facet normal 0.000000e+00 0.000000e+00 -1.000000e+00
    outer loop
      vertex 189.0000 125.0000 3.0000
      vertex 186.6000 125.0000 3.0000
      vertex 186.3856 125.8000 3.0000
    endloop
  endfacet
  facet normal 0.000000e+00 0.000000e+00 -1.000000e+00
    outer loop
      vertex 189.0000 125.0000 3.0000
      vertex 186.3856 125.8000 3.0000
      vertex 188.4641 127.0000 3.0000
    endloop
  endfacet
  facet normal 0.000000e+00 0.000000e+00 1.000000e+00
    outer loop
      vertex 189.0000 125.0000 13.0000
      vertex 188.4641 127.0000 13.0000
      vertex 186.3856 125.8000 13.0000
    endloop
  endfacet
  facet normal 0.000000e+00 0.000000e+00 1.000000e+00
    outer loop
      vertex 189.0000 125.0000 13.0000
      vertex 186.3856 125.8000 13.0000
      vertex 186.6000 125.0000 13.0000
    endloop
  endfacet
  facet normal 7.071068e-01 7.071068e-01 0.000000e+00
    outer loop
      vertex 188.4641 127.0000 3.0000
      vertex 187.0000 128.4641 3.0000
      vertex 187.0000 128.4641 13.0000
    endloop
  endfacet
  facet normal 7.071068e-01 7.071068e-01 -0.000000e+00
    outer loop
      vertex 188.4641 127.0000 3.0000
      vertex 187.0000 128.4641 13.0000
      vertex 188.4641 127.0000 13.0000
    endloop
  endfacet
  facet normal -7.071068e-01 -7.071068e-01 0.000000e+00
    outer loop
      vertex 186.3856 125.8000 3.0000
      vertex 186.3856 125.8000 13.0000
      vertex 185.8000 126.3856 13.0000
    endloop
  endfacet
  facet normal -7.071068e-01 -7.071068e-01 0.000000e+00
    outer loop
      vertex 186.3856 125.8000 3.0000
      vertex 185.8000 126.3856 13.0000
      vertex 185.8000 126.3856 3.0000
    endloop
  endfacet
  facet normal 0.000000e+00 0.000000e+00 -1.000000e+00
    outer loop
      vertex 188.4641 127.0000 3.0000
      vertex 186.3856 125.8000 3.0000
      vertex 185.8000 126.3856 3.0000
    endloop
  endfacet
  facet normal -0.000000e+00 0.000000e+00 -1.000000e+00
    outer loop
      vertex 188.4641 127.0000 3.0000
      vertex 185.8000 126.3856 3.0000
      vertex 187.0000 128.4641 3.0000
    endloop
  endfacet
  facet normal 0.000000e+00 0.000000e+00 1.000000e+00
    outer loop
      vertex 188.4641 127.0000 13.0000
      vertex 187.0000 128.4641 13.0000
      vertex 185.8000 126.3856 13.0000
    endloop
  endfacet
  facet normal 0.000000e+00 0.000000e+00 1.000000e+00
    outer loop
      vertex 188.4641 127.0000 13.0000
      vertex 185.8000 126.3856 13.0000
      vertex 186.3856 125.8000 13.0000
    endloop
  endfacet
  facet normal 2.588190e-01 9.659258e-01 0.000000e+00
    outer loop
      vertex 187.0000 128.4641 3.0000
      vertex 185.0000 129.0000 3.0000
      vertex 185.0000 129.0000 13.0000
    endloop
  endfacet
  facet normal 2.588190e-01 9.659258e-01 -0.000000e+00
    outer loop
      vertex 187.0000 128.4641 3.0000
      vertex 185.0000 129.0000 13.0000
      vertex 187.0000 128.4641 13.0000
    endloop
  endfacet
  facet normal -2.588190e-01 -9.659258e-01 0.000000e+00
    outer loop
      vertex 185.8000 126.3856 3.0000
      vertex 185.8000 126.3856 13.0000
      vertex 185.0000 126.6000 13.0000
    endloop
  endfacet
  facet normal -2.588190e-01 -9.659258e-01 0.000000e+00
    outer loop
      vertex 185.8000 126.3856 3.0000
      vertex 185.0000 126.6000 13.0000
      vertex 185.0000 126.6000 3.0000
    endloop
  endfacet
  facet normal 0.000000e+00 0.000000e+00 -1.000000e+00
    outer loop
      vertex 187.0000 128.4641 3.0000
      vertex 185.8000 126.3856 3.0000
      vertex 185.0000 126.6000 3.0000
    endloop
  endfacet
  facet normal -0.000000e+00 0.000000e+00 -1.000000e+00
    outer loop
      vertex 187.0000 128.4641 3.0000
      vertex 185.0000 126.6000 3.0000
      vertex 185.0000 129.0000 3.0000
    endloop
  endfacet
  facet normal 0.000000e+00 0.000000e+00 1.000000e+00
    outer loop
      vertex 187.0000 128.4641 13.0000
      vertex 185.0000 129.0000 13.0000
      vertex 185.0000 126.6000 13.0000
    endloop
  endfacet
  facet normal 0.000000e+00 0.000000e+00 1.000000e+00
    outer loop
      vertex 187.0000 128.4641 13.0000
      vertex 185.0000 126.6000 13.0000
      vertex 185.8000 126.3856 13.0000
    endloop
  endfacet
  facet normal -2.588190e-01 9.659258e-01 0.000000e+00
    outer loop
      vertex 185.0000 129.0000 3.0000
      vertex 183.0000 128.4641 3.0000
      vertex 183.0000 128.4641 13.0000
    endloop
  endfacet
  facet normal -2.588190e-01 9.659258e-01 0.000000e+00
    outer loop
      vertex 185.0000 129.0000 3.0000
      vertex 183.0000 128.4641 13.0000
      vertex 185.0000 129.0000 13.0000
    endloop
  endfacet
  facet normal 2.588190e-01 -9.659258e-01 0.000000e+00
    outer loop
      vertex 185.0000 126.6000 3.0000
      vertex 185.0000 126.6000 13.0000
      vertex 184.2000 126.3856 13.0000
    endloop
  endfacet
  facet normal 2.588190e-01 -9.659258e-01 0.000000e+00
    outer loop
      vertex 185.0000 126.6000 3.0000
      vertex 184.2000 126.3856 13.0000
      vertex 184.2000 126.3856 3.0000
    endloop
  endfacet
  facet normal 0.000000e+00 -0.000000e+00 -1.000000e+00
    outer loop
      vertex 185.0000 129.0000 3.0000
      vertex 185.0000 126.6000 3.0000
      vertex 184.2000 126.3856 3.0000
    endloop
  endfacet
  facet normal 0.000000e+00 0.000000e+00 -1.000000e+00
    outer loop
      vertex 185.0000 129.0000 3.0000
      vertex 184.2000 126.3856 3.0000
      vertex 183.0000 128.4641 3.0000
    endloop
  endfacet
  facet normal 0.000000e+00 0.000000e+00 1.000000e+00
    outer loop
      vertex 185.0000 129.0000 13.0000
      vertex 183.0000 128.4641 13.0000
      vertex 184.2000 126.3856 13.0000
    endloop
  endfacet
  facet normal 0.000000e+00 0.000000e+00 1.000000e+00
    outer loop
      vertex 185.0000 129.0000 13.0000
      vertex 184.2000 126.3856 13.0000
      vertex 185.0000 126.6000 13.0000
    endloop
  endfacet
  facet normal -7.071068e-01 7.071068e-01 0.000000e+00
    outer loop
      vertex 183.0000 128.4641 3.0000
      vertex 181.5359 127.0000 3.0000
      vertex 181.5359 127.0000 13.0000
    endloop
  endfacet
  facet normal -7.071068e-01 7.071068e-01 0.000000e+00
    outer loop
      vertex 183.0000 128.4641 3.0000
      vertex 181.5359 127.0000 13.0000
      vertex 183.0000 128.4641 13.0000
    endloop
  endfacet
  facet normal 7.071068e-01 -7.071068e-01 0.000000e+00
    outer loop
      vertex 184.2000 126.3856 3.0000
      vertex 184.2000 126.3856 13.0000
      vertex 183.6144 125.8000 13.0000
    endloop
  endfacet
  facet normal 7.071068e-01 -7.071068e-01 0.000000e+00
    outer loop
      vertex 184.2000 126.3856 3.0000
      vertex 183.6144 125.8000 13.0000
      vertex 183.6144 125.8000 3.0000
    endloop
  endfacet
  facet normal 0.000000e+00 0.000000e+00 -1.000000e+00
    outer loop
      vertex 183.0000 128.4641 3.0000
      vertex 184.2000 126.3856 3.0000
      vertex 183.6144 125.8000 3.0000
    endloop
  endfacet
  facet normal 0.000000e+00 -0.000000e+00 -1.000000e+00
    outer loop
      vertex 183.0000 128.4641 3.0000
      vertex 183.6144 125.8000 3.0000
      vertex 181.5359 127.0000 3.0000
    endloop
  endfacet
  facet normal 0.000000e+00 0.000000e+00 1.000000e+00
    outer loop
      vertex 183.0000 128.4641 13.0000
      vertex 181.5359 127.0000 13.0000
      vertex 183.6144 125.8000 13.0000
    endloop
  endfacet
  facet normal 0.000000e+00 0.000000e+00 1.000000e+00
    outer loop
      vertex 183.0000 128.4641 13.0000
      vertex 183.6144 125.8000 13.0000
      vertex 184.2000 126.3856 13.0000
    endloop
  endfacet
  facet normal -9.659258e-01 2.588190e-01 0.000000e+00
    outer loop
      vertex 181.5359 127.0000 3.0000
      vertex 181.0000 125.0000 3.0000
      vertex 181.0000 125.0000 13.0000
    endloop
  endfacet
  facet normal -9.659258e-01 2.588190e-01 0.000000e+00
    outer loop
      vertex 181.5359 127.0000 3.0000
      vertex 181.0000 125.0000 13.0000
      vertex 181.5359 127.0000 13.0000
    endloop
  endfacet
  facet normal 9.659258e-01 -2.588190e-01 0.000000e+00
    outer loop
      vertex 183.6144 125.8000 3.0000
      vertex 183.6144 125.8000 13.0000
      vertex 183.4000 125.0000 13.0000
    endloop
  endfacet
  facet normal 9.659258e-01 -2.588190e-01 0.000000e+00
    outer loop
      vertex 183.6144 125.8000 3.0000
      vertex 183.4000 125.0000 13.0000
      vertex 183.4000 125.0000 3.0000
    endloop
  endfacet
  facet normal 0.000000e+00 0.000000e+00 -1.000000e+00
    outer loop
      vertex 181.5359 127.0000 3.0000
      vertex 183.6144 125.8000 3.0000
      vertex 183.4000 125.0000 3.0000
    endloop
  endfacet
  facet normal 0.000000e+00 -0.000000e+00 -1.000000e+00
    outer loop
      vertex 181.5359 127.0000 3.0000
      vertex 183.4000 125.0000 3.0000
      vertex 181.0000 125.0000 3.0000
    endloop
  endfacet
  facet normal 0.000000e+00 0.000000e+00 1.000000e+00
    outer loop
      vertex 181.5359 127.0000 13.0000
      vertex 181.0000 125.0000 13.0000
      vertex 183.4000 125.0000 13.0000
    endloop
  endfacet
  facet normal 0.000000e+00 0.000000e+00 1.000000e+00
    outer loop
      vertex 181.5359 127.0000 13.0000
      vertex 183.4000 125.0000 13.0000
      vertex 183.6144 125.8000 13.0000
    endloop
  endfacet
  facet normal -9.659258e-01 -2.588190e-01 0.000000e+00
    outer loop
      vertex 181.0000 125.0000 3.0000
      vertex 181.5359 123.0000 3.0000
      vertex 181.5359 123.0000 13.0000
    endloop
  endfacet
  facet normal -9.659258e-01 -2.588190e-01 0.000000e+00
    outer loop
      vertex 181.0000 125.0000 3.0000
      vertex 181.5359 123.0000 13.0000
      vertex 181.0000 125.0000 13.0000
    endloop
  endfacet
  facet normal 9.659258e-01 2.588190e-01 -0.000000e+00
    outer loop
      vertex 183.4000 125.0000 3.0000
      vertex 183.4000 125.0000 13.0000
      vertex 183.6144 124.2000 13.0000
    endloop
  endfacet
  facet normal 9.659258e-01 2.588190e-01 0.000000e+00
    outer loop
      vertex 183.4000 125.0000 3.0000
      vertex 183.6144 124.2000 13.0000
      vertex 183.6144 124.2000 3.0000
    endloop
  endfacet
  facet normal 0.000000e+00 0.000000e+00 -1.000000e+00
    outer loop
      vertex 181.0000 125.0000 3.0000
      vertex 183.4000 125.0000 3.0000
      vertex 183.6144 124.2000 3.0000
    endloop
  endfacet
  facet normal 0.000000e+00 0.000000e+00 -1.000000e+00
    outer loop
      vertex 181.0000 125.0000 3.0000
      vertex 183.6144 124.2000 3.0000
      vertex 181.5359 123.0000 3.0000
    endloop
  endfacet
  facet normal 0.000000e+00 0.000000e+00 1.000000e+00
    outer loop
      vertex 181.0000 125.0000 13.0000
      vertex 181.5359 123.0000 13.0000
      vertex 183.6144 124.2000 13.0000
    endloop
  endfacet
  facet normal -0.000000e+00 0.000000e+00 1.000000e+00
    outer loop
      vertex 181.0000 125.0000 13.0000
      vertex 183.6144 124.2000 13.0000
      vertex 183.4000 125.0000 13.0000
    endloop
  endfacet
  facet normal -7.071068e-01 -7.071068e-01 0.000000e+00
    outer loop
      vertex 181.5359 123.0000 3.0000
      vertex 183.0000 121.5359 3.0000
      vertex 183.0000 121.5359 13.0000
    endloop
  endfacet
  facet normal -7.071068e-01 -7.071068e-01 0.000000e+00
    outer loop
      vertex 181.5359 123.0000 3.0000
      vertex 183.0000 121.5359 13.0000
      vertex 181.5359 123.0000 13.0000
    endloop
  endfacet
  facet normal 7.071068e-01 7.071068e-01 -0.000000e+00
    outer loop
      vertex 183.6144 124.2000 3.0000
      vertex 183.6144 124.2000 13.0000
      vertex 184.2000 123.6144 13.0000
    endloop
  endfacet
  facet normal 7.071068e-01 7.071068e-01 0.000000e+00
    outer loop
      vertex 183.6144 124.2000 3.0000
      vertex 184.2000 123.6144 13.0000
      vertex 184.2000 123.6144 3.0000
    endloop
  endfacet
  facet normal 0.000000e+00 0.000000e+00 -1.000000e+00
    outer loop
      vertex 181.5359 123.0000 3.0000
      vertex 183.6144 124.2000 3.0000
      vertex 184.2000 123.6144 3.0000
    endloop
  endfacet
  facet normal 0.000000e+00 0.000000e+00 -1.000000e+00
    outer loop
      vertex 181.5359 123.0000 3.0000
      vertex 184.2000 123.6144 3.0000
      vertex 183.0000 121.5359 3.0000
    endloop
  endfacet
  facet normal -0.000000e+00 0.000000e+00 1.000000e+00
    outer loop
      vertex 181.5359 123.0000 13.0000
      vertex 183.0000 121.5359 13.0000
      vertex 184.2000 123.6144 13.0000
    endloop
  endfacet
  facet normal 0.000000e+00 0.000000e+00 1.000000e+00
    outer loop
      vertex 181.5359 123.0000 13.0000
      vertex 184.2000 123.6144 13.0000
      vertex 183.6144 124.2000 13.0000
    endloop
  endfacet
  facet normal -2.588190e-01 -9.659258e-01 0.000000e+00
    outer loop
      vertex 183.0000 121.5359 3.0000
      vertex 185.0000 121.0000 3.0000
      vertex 185.0000 121.0000 13.0000
    endloop
  endfacet
  facet normal -2.588190e-01 -9.659258e-01 0.000000e+00
    outer loop
      vertex 183.0000 121.5359 3.0000
      vertex 185.0000 121.0000 13.0000
      vertex 183.0000 121.5359 13.0000
    endloop
  endfacet
  facet normal 2.588190e-01 9.659258e-01 -0.000000e+00
    outer loop
      vertex 184.2000 123.6144 3.0000
      vertex 184.2000 123.6144 13.0000
      vertex 185.0000 123.4000 13.0000
    endloop
  endfacet
  facet normal 2.588190e-01 9.659258e-01 0.000000e+00
    outer loop
      vertex 184.2000 123.6144 3.0000
      vertex 185.0000 123.4000 13.0000
      vertex 185.0000 123.4000 3.0000
    endloop
  endfacet
  facet normal 0.000000e+00 0.000000e+00 -1.000000e+00
    outer loop
      vertex 183.0000 121.5359 3.0000
      vertex 184.2000 123.6144 3.0000
      vertex 185.0000 123.4000 3.0000
    endloop
  endfacet
  facet normal 0.000000e+00 0.000000e+00 -1.000000e+00
    outer loop
      vertex 183.0000 121.5359 3.0000
      vertex 185.0000 123.4000 3.0000
      vertex 185.0000 121.0000 3.0000
    endloop
  endfacet
  facet normal -0.000000e+00 0.000000e+00 1.000000e+00
    outer loop
      vertex 183.0000 121.5359 13.0000
      vertex 185.0000 121.0000 13.0000
      vertex 185.0000 123.4000 13.0000
    endloop
  endfacet
  facet normal 0.000000e+00 0.000000e+00 1.000000e+00
    outer loop
      vertex 183.0000 121.5359 13.0000
      vertex 185.0000 123.4000 13.0000
      vertex 184.2000 123.6144 13.0000
    endloop
  endfacet
  facet normal 2.588190e-01 -9.659258e-01 0.000000e+00
    outer loop
      vertex 185.0000 121.0000 3.0000
      vertex 187.0000 121.5359 3.0000
      vertex 187.0000 121.5359 13.0000
    endloop
  endfacet
  facet normal 2.588190e-01 -9.659258e-01 0.000000e+00
    outer loop
      vertex 185.0000 121.0000 3.0000
      vertex 187.0000 121.5359 13.0000
      vertex 185.0000 121.0000 13.0000
    endloop
  endfacet
  facet normal -2.588190e-01 9.659258e-01 0.000000e+00
    outer loop
      vertex 185.0000 123.4000 3.0000
      vertex 185.0000 123.4000 13.0000
      vertex 185.8000 123.6144 13.0000
    endloop
  endfacet
  facet normal -2.588190e-01 9.659258e-01 0.000000e+00
    outer loop
      vertex 185.0000 123.4000 3.0000
      vertex 185.8000 123.6144 13.0000
      vertex 185.8000 123.6144 3.0000
    endloop
  endfacet
  facet normal 0.000000e+00 0.000000e+00 -1.000000e+00
    outer loop
      vertex 185.0000 121.0000 3.0000
      vertex 185.0000 123.4000 3.0000
      vertex 185.8000 123.6144 3.0000
    endloop
  endfacet
  facet normal 0.000000e+00 0.000000e+00 -1.000000e+00
    outer loop
      vertex 185.0000 121.0000 3.0000
      vertex 185.8000 123.6144 3.0000
      vertex 187.0000 121.5359 3.0000
    endloop
  endfacet
  facet normal 0.000000e+00 0.000000e+00 1.000000e+00
    outer loop
      vertex 185.0000 121.0000 13.0000
      vertex 187.0000 121.5359 13.0000
      vertex 185.8000 123.6144 13.0000
    endloop
  endfacet
  facet normal 0.000000e+00 0.000000e+00 1.000000e+00
    outer loop
      vertex 185.0000 121.0000 13.0000
      vertex 185.8000 123.6144 13.0000
      vertex 185.0000 123.4000 13.0000
    endloop
  endfacet
  facet normal 7.071068e-01 -7.071068e-01 0.000000e+00
    outer loop
      vertex 187.0000 121.5359 3.0000
      vertex 188.4641 123.0000 3.0000
      vertex 188.4641 123.0000 13.0000
    endloop
  endfacet
  facet normal 7.071068e-01 -7.071068e-01 0.000000e+00
    outer loop
      vertex 187.0000 121.5359 3.0000
      vertex 188.4641 123.0000 13.0000
      vertex 187.0000 121.5359 13.0000
    endloop
  endfacet
  facet normal -7.071068e-01 7.071068e-01 0.000000e+00
    outer loop
      vertex 185.8000 123.6144 3.0000
      vertex 185.8000 123.6144 13.0000
      vertex 186.3856 124.2000 13.0000
    endloop
  endfacet
  facet normal -7.071068e-01 7.071068e-01 0.000000e+00
    outer loop
      vertex 185.8000 123.6144 3.0000
      vertex 186.3856 124.2000 13.0000
      vertex 186.3856 124.2000 3.0000
    endloop
  endfacet
  facet normal 0.000000e+00 0.000000e+00 -1.000000e+00
    outer loop
      vertex 187.0000 121.5359 3.0000
      vertex 185.8000 123.6144 3.0000
      vertex 186.3856 124.2000 3.0000
    endloop
  endfacet
  facet normal 0.000000e+00 0.000000e+00 -1.000000e+00
    outer loop
      vertex 187.0000 121.5359 3.0000
      vertex 186.3856 124.2000 3.0000
      vertex 188.4641 123.0000 3.0000
    endloop
  endfacet
  facet normal 0.000000e+00 -0.000000e+00 1.000000e+00
    outer loop
      vertex 187.0000 121.5359 13.0000
      vertex 188.4641 123.0000 13.0000
      vertex 186.3856 124.2000 13.0000
    endloop
  endfacet
  facet normal 0.000000e+00 0.000000e+00 1.000000e+00
    outer loop
      vertex 187.0000 121.5359 13.0000
      vertex 186.3856 124.2000 13.0000
      vertex 185.8000 123.6144 13.0000
    endloop
  endfacet
  facet normal 9.659258e-01 -2.588190e-01 0.000000e+00
    outer loop
      vertex 188.4641 123.0000 3.0000
      vertex 189.0000 125.0000 3.0000
      vertex 189.0000 125.0000 13.0000
    endloop
  endfacet
  facet normal 9.659258e-01 -2.588190e-01 0.000000e+00
    outer loop
      vertex 188.4641 123.0000 3.0000
      vertex 189.0000 125.0000 13.0000
      vertex 188.4641 123.0000 13.0000
    endloop
  endfacet
  facet normal -9.659258e-01 2.588190e-01 0.000000e+00
    outer loop
      vertex 186.3856 124.2000 3.0000
      vertex 186.3856 124.2000 13.0000
      vertex 186.6000 125.0000 13.0000
    endloop
  endfacet
  facet normal -9.659258e-01 2.588190e-01 0.000000e+00
    outer loop
      vertex 186.3856 124.2000 3.0000
      vertex 186.6000 125.0000 13.0000
      vertex 186.6000 125.0000 3.0000
    endloop
  endfacet
  facet normal 0.000000e+00 0.000000e+00 -1.000000e+00
    outer loop
      vertex 188.4641 123.0000 3.0000
      vertex 186.3856 124.2000 3.0000
      vertex 186.6000 125.0000 3.0000
    endloop
  endfacet
  facet normal 0.000000e+00 0.000000e+00 -1.000000e+00
    outer loop
      vertex 188.4641 123.0000 3.0000
      vertex 186.6000 125.0000 3.0000
      vertex 189.0000 125.0000 3.0000
    endloop
  endfacet
  facet normal 0.000000e+00 -0.000000e+00 1.000000e+00
    outer loop
      vertex 188.4641 123.0000 13.0000
      vertex 189.0000 125.0000 13.0000
      vertex 186.6000 125.0000 13.0000
    endloop
  endfacet
  facet normal 0.000000e+00 0.000000e+00 1.000000e+00
    outer loop
      vertex 188.4641 123.0000 13.0000
      vertex 186.6000 125.0000 13.0000
      vertex 186.3856 124.2000 13.0000
    endloop
  endfacet
endsolid standoff_3
solid rib_left
  facet normal 0.000000e+00 0.000000e+00 -1.000000e+00
    outer loop
      vertex 20.0000 32.0000 3.0000
      vertex 20.0000 108.0000 3.0000
      vertex 24.0000 108.0000 3.0000
    endloop
  endfacet
  facet normal 0.000000e+00 0.000000e+00 -1.000000e+00
    outer loop
      vertex 20.0000 32.0000 3.0000
      vertex 24.0000 108.0000 3.0000
      vertex 24.0000 32.0000 3.0000
    endloop
  endfacet
  facet normal 0.000000e+00 0.000000e+00 1.000000e+00
    outer loop
      vertex 20.0000 32.0000 26.0000
      vertex 24.0000 32.0000 26.0000
      vertex 24.0000 108.0000 26.0000
    endloop
  endfacet
  facet normal 0.000000e+00 0.000000e+00 1.000000e+00
    outer loop
      vertex 20.0000 32.0000 26.0000
      vertex 24.0000 108.0000 26.0000
      vertex 20.0000 108.0000 26.0000
    endloop
  endfacet
  facet normal 0.000000e+00 -1.000000e+00 0.000000e+00
    outer loop
      vertex 20.0000 32.0000 3.0000
      vertex 24.0000 32.0000 3.0000
      vertex 24.0000 32.0000 26.0000
    endloop
  endfacet
  facet normal 0.000000e+00 -1.000000e+00 0.000000e+00
    outer loop
      vertex 20.0000 32.0000 3.0000
      vertex 24.0000 32.0000 26.0000
      vertex 20.0000 32.0000 26.0000
    endloop
  endfacet
  facet normal 0.000000e+00 1.000000e+00 0.000000e+00
    outer loop
      vertex 20.0000 108.0000 3.0000
      vertex 20.0000 108.0000 26.0000
      vertex 24.0000 108.0000 26.0000
    endloop
  endfacet
  facet normal 0.000000e+00 1.000000e+00 0.000000e+00
    outer loop
      vertex 20.0000 108.0000 3.0000
      vertex 24.0000 108.0000 26.0000
      vertex 24.0000 108.0000 3.0000
    endloop
  endfacet
  facet normal 1.000000e+00 0.000000e+00 0.000000e+00
    outer loop
      vertex 24.0000 32.0000 3.0000
      vertex 24.0000 108.0000 3.0000
      vertex 24.0000 108.0000 26.0000
    endloop
  endfacet
  facet normal 1.000000e+00 0.000000e+00 0.000000e+00
    outer loop
      vertex 24.0000 32.0000 3.0000
      vertex 24.0000 108.0000 26.0000
      vertex 24.0000 32.0000 26.0000
    endloop
  endfacet
  facet normal -1.000000e+00 0.000000e+00 0.000000e+00
    outer loop
      vertex 20.0000 32.0000 3.0000
      vertex 20.0000 32.0000 26.0000
      vertex 20.0000 108.0000 26.0000
    endloop
  endfacet
  facet normal -1.000000e+00 0.000000e+00 0.000000e+00
    outer loop
      vertex 20.0000 32.0000 3.0000
      vertex 20.0000 108.0000 26.0000
      vertex 20.0000 108.0000 3.0000
    endloop
  endfacet
endsolid rib_left
solid rib_right
  facet normal 0.000000e+00 0.000000e+00 -1.000000e+00
    outer loop
      vertex 176.0000 32.0000 3.0000
      vertex 176.0000 108.0000 3.0000
      vertex 180.0000 108.0000 3.0000
    endloop
  endfacet
  facet normal 0.000000e+00 0.000000e+00 -1.000000e+00
    outer loop
      vertex 176.0000 32.0000 3.0000
      vertex 180.0000 108.0000 3.0000
      vertex 180.0000 32.0000 3.0000
    endloop
  endfacet
  facet normal 0.000000e+00 0.000000e+00 1.000000e+00
    outer loop
      vertex 176.0000 32.0000 26.0000
      vertex 180.0000 32.0000 26.0000
      vertex 180.0000 108.0000 26.0000
    endloop
  endfacet
  facet normal 0.000000e+00 0.000000e+00 1.000000e+00
    outer loop
      vertex 176.0000 32.0000 26.0000
      vertex 180.0000 108.0000 26.0000
      vertex 176.0000 108.0000 26.0000
    endloop
  endfacet
  facet normal 0.000000e+00 -1.000000e+00 0.000000e+00
    outer loop
      vertex 176.0000 32.0000 3.0000
      vertex 180.0000 32.0000 3.0000
      vertex 180.0000 32.0000 26.0000
    endloop
  endfacet
  facet normal 0.000000e+00 -1.000000e+00 0.000000e+00
    outer loop
      vertex 176.0000 32.0000 3.0000
      vertex 180.0000 32.0000 26.0000
      vertex 176.0000 32.0000 26.0000
    endloop
  endfacet
  facet normal 0.000000e+00 1.000000e+00 0.000000e+00
    outer loop
      vertex 176.0000 108.0000 3.0000
      vertex 176.0000 108.0000 26.0000
      vertex 180.0000 108.0000 26.0000
    endloop
  endfacet
  facet normal 0.000000e+00 1.000000e+00 0.000000e+00
    outer loop
      vertex 176.0000 108.0000 3.0000
      vertex 180.0000 108.0000 26.0000
      vertex 180.0000 108.0000 3.0000
    endloop
  endfacet
  facet normal 1.000000e+00 0.000000e+00 0.000000e+00
    outer loop
      vertex 180.0000 32.0000 3.0000
      vertex 180.0000 108.0000 3.0000
      vertex 180.0000 108.0000 26.0000
    endloop
  endfacet
  facet normal 1.000000e+00 0.000000e+00 0.000000e+00
    outer loop
      vertex 180.0000 32.0000 3.0000
      vertex 180.0000 108.0000 26.0000
      vertex 180.0000 32.0000 26.0000
    endloop
  endfacet
  facet normal -1.000000e+00 0.000000e+00 0.000000e+00
    outer loop
      vertex 176.0000 32.0000 3.0000
      vertex 176.0000 32.0000 26.0000
      vertex 176.0000 108.0000 26.0000
    endloop
  endfacet
  facet normal -1.000000e+00 0.000000e+00 0.000000e+00
    outer loop
      vertex 176.0000 32.0000 3.0000
      vertex 176.0000 108.0000 26.0000
      vertex 176.0000 108.0000 3.0000
    endloop
  endfacet
endsolid rib_right
solid batt_stop
  facet normal 0.000000e+00 0.000000e+00 -1.000000e+00
    outer loop
      vertex 24.0000 100.0000 3.0000
      vertex 24.0000 104.0000 3.0000
      vertex 176.0000 104.0000 3.0000
    endloop
  endfacet
  facet normal 0.000000e+00 0.000000e+00 -1.000000e+00
    outer loop
      vertex 24.0000 100.0000 3.0000
      vertex 176.0000 104.0000 3.0000
      vertex 176.0000 100.0000 3.0000
    endloop
  endfacet
  facet normal 0.000000e+00 0.000000e+00 1.000000e+00
    outer loop
      vertex 24.0000 100.0000 14.0000
      vertex 176.0000 100.0000 14.0000
      vertex 176.0000 104.0000 14.0000
    endloop
  endfacet
  facet normal 0.000000e+00 0.000000e+00 1.000000e+00
    outer loop
      vertex 24.0000 100.0000 14.0000
      vertex 176.0000 104.0000 14.0000
      vertex 24.0000 104.0000 14.0000
    endloop
  endfacet
  facet normal 0.000000e+00 -1.000000e+00 0.000000e+00
    outer loop
      vertex 24.0000 100.0000 3.0000
      vertex 176.0000 100.0000 3.0000
      vertex 176.0000 100.0000 14.0000
    endloop
  endfacet
  facet normal 0.000000e+00 -1.000000e+00 0.000000e+00
    outer loop
      vertex 24.0000 100.0000 3.0000
      vertex 176.0000 100.0000 14.0000
      vertex 24.0000 100.0000 14.0000
    endloop
  endfacet
  facet normal 0.000000e+00 1.000000e+00 0.000000e+00
    outer loop
      vertex 24.0000 104.0000 3.0000
      vertex 24.0000 104.0000 14.0000
      vertex 176.0000 104.0000 14.0000
    endloop
  endfacet
  facet normal 0.000000e+00 1.000000e+00 0.000000e+00
    outer loop
      vertex 24.0000 104.0000 3.0000
      vertex 176.0000 104.0000 14.0000
      vertex 176.0000 104.0000 3.0000
    endloop
  endfacet
  facet normal 1.000000e+00 0.000000e+00 0.000000e+00
    outer loop
      vertex 176.0000 100.0000 3.0000
      vertex 176.0000 104.0000 3.0000
      vertex 176.0000 104.0000 14.0000
    endloop
  endfacet
  facet normal 1.000000e+00 0.000000e+00 0.000000e+00
    outer loop
      vertex 176.0000 100.0000 3.0000
      vertex 176.0000 104.0000 14.0000
      vertex 176.0000 100.0000 14.0000
    endloop
  endfacet
  facet normal -1.000000e+00 0.000000e+00 0.000000e+00
    outer loop
      vertex 24.0000 100.0000 3.0000
      vertex 24.0000 100.0000 14.0000
      vertex 24.0000 104.0000 14.0000
    endloop
  endfacet
  facet normal -1.000000e+00 0.000000e+00 0.000000e+00
    outer loop
      vertex 24.0000 100.0000 3.0000
      vertex 24.0000 104.0000 14.0000
      vertex 24.0000 104.0000 3.0000
    endloop
  endfacet
endsolid batt_stop
solid wago_rail_a
  facet normal 0.000000e+00 0.000000e+00 -1.000000e+00
    outer loop
      vertex 50.0000 116.0000 3.0000
      vertex 50.0000 120.0000 3.0000
      vertex 150.0000 120.0000 3.0000
    endloop
  endfacet
  facet normal 0.000000e+00 0.000000e+00 -1.000000e+00
    outer loop
      vertex 50.0000 116.0000 3.0000
      vertex 150.0000 120.0000 3.0000
      vertex 150.0000 116.0000 3.0000
    endloop
  endfacet
  facet normal 0.000000e+00 0.000000e+00 1.000000e+00
    outer loop
      vertex 50.0000 116.0000 12.0000
      vertex 150.0000 116.0000 12.0000
      vertex 150.0000 120.0000 12.0000
    endloop
  endfacet
  facet normal 0.000000e+00 0.000000e+00 1.000000e+00
    outer loop
      vertex 50.0000 116.0000 12.0000
      vertex 150.0000 120.0000 12.0000
      vertex 50.0000 120.0000 12.0000
    endloop
  endfacet
  facet normal 0.000000e+00 -1.000000e+00 0.000000e+00
    outer loop
      vertex 50.0000 116.0000 3.0000
      vertex 150.0000 116.0000 3.0000
      vertex 150.0000 116.0000 12.0000
    endloop
  endfacet
  facet normal 0.000000e+00 -1.000000e+00 0.000000e+00
    outer loop
      vertex 50.0000 116.0000 3.0000
      vertex 150.0000 116.0000 12.0000
      vertex 50.0000 116.0000 12.0000
    endloop
  endfacet
  facet normal 0.000000e+00 1.000000e+00 0.000000e+00
    outer loop
      vertex 50.0000 120.0000 3.0000
      vertex 50.0000 120.0000 12.0000
      vertex 150.0000 120.0000 12.0000
    endloop
  endfacet
  facet normal 0.000000e+00 1.000000e+00 0.000000e+00
    outer loop
      vertex 50.0000 120.0000 3.0000
      vertex 150.0000 120.0000 12.0000
      vertex 150.0000 120.0000 3.0000
    endloop
  endfacet
  facet normal 1.000000e+00 0.000000e+00 0.000000e+00
    outer loop
      vertex 150.0000 116.0000 3.0000
      vertex 150.0000 120.0000 3.0000
      vertex 150.0000 120.0000 12.0000
    endloop
  endfacet
  facet normal 1.000000e+00 0.000000e+00 0.000000e+00
    outer loop
      vertex 150.0000 116.0000 3.0000
      vertex 150.0000 120.0000 12.0000
      vertex 150.0000 116.0000 12.0000
    endloop
  endfacet
  facet normal -1.000000e+00 0.000000e+00 0.000000e+00
    outer loop
      vertex 50.0000 116.0000 3.0000
      vertex 50.0000 116.0000 12.0000
      vertex 50.0000 120.0000 12.0000
    endloop
  endfacet
  facet normal -1.000000e+00 0.000000e+00 0.000000e+00
    outer loop
      vertex 50.0000 116.0000 3.0000
      vertex 50.0000 120.0000 12.0000
      vertex 50.0000 120.0000 3.0000
    endloop
  endfacet
endsolid wago_rail_a
solid wago_rail_b
  facet normal 0.000000e+00 0.000000e+00 -1.000000e+00
    outer loop
      vertex 50.0000 130.0000 3.0000
      vertex 50.0000 134.0000 3.0000
      vertex 150.0000 134.0000 3.0000
    endloop
  endfacet
  facet normal 0.000000e+00 0.000000e+00 -1.000000e+00
    outer loop
      vertex 50.0000 130.0000 3.0000
      vertex 150.0000 134.0000 3.0000
      vertex 150.0000 130.0000 3.0000
    endloop
  endfacet
  facet normal 0.000000e+00 0.000000e+00 1.000000e+00
    outer loop
      vertex 50.0000 130.0000 12.0000
      vertex 150.0000 130.0000 12.0000
      vertex 150.0000 134.0000 12.0000
    endloop
  endfacet
  facet normal 0.000000e+00 0.000000e+00 1.000000e+00
    outer loop
      vertex 50.0000 130.0000 12.0000
      vertex 150.0000 134.0000 12.0000
      vertex 50.0000 134.0000 12.0000
    endloop
  endfacet
  facet normal 0.000000e+00 -1.000000e+00 0.000000e+00
    outer loop
      vertex 50.0000 130.0000 3.0000
      vertex 150.0000 130.0000 3.0000
      vertex 150.0000 130.0000 12.0000
    endloop
  endfacet
  facet normal 0.000000e+00 -1.000000e+00 0.000000e+00
    outer loop
      vertex 50.0000 130.0000 3.0000
      vertex 150.0000 130.0000 12.0000
      vertex 50.0000 130.0000 12.0000
    endloop
  endfacet
  facet normal 0.000000e+00 1.000000e+00 0.000000e+00
    outer loop
      vertex 50.0000 134.0000 3.0000
      vertex 50.0000 134.0000 12.0000
      vertex 150.0000 134.0000 12.0000
    endloop
  endfacet
  facet normal 0.000000e+00 1.000000e+00 0.000000e+00
    outer loop
      vertex 50.0000 134.0000 3.0000
      vertex 150.0000 134.0000 12.0000
      vertex 150.0000 134.0000 3.0000
    endloop
  endfacet
  facet normal 1.000000e+00 0.000000e+00 0.000000e+00
    outer loop
      vertex 150.0000 130.0000 3.0000
      vertex 150.0000 134.0000 3.0000
      vertex 150.0000 134.0000 12.0000
    endloop
  endfacet
  facet normal 1.000000e+00 0.000000e+00 0.000000e+00
    outer loop
      vertex 150.0000 130.0000 3.0000
      vertex 150.0000 134.0000 12.0000
      vertex 150.0000 130.0000 12.0000
    endloop
  endfacet
  facet normal -1.000000e+00 0.000000e+00 0.000000e+00
    outer loop
      vertex 50.0000 130.0000 3.0000
      vertex 50.0000 130.0000 12.0000
      vertex 50.0000 134.0000 12.0000
    endloop
  endfacet
  facet normal -1.000000e+00 0.000000e+00 0.000000e+00
    outer loop
      vertex 50.0000 130.0000 3.0000
      vertex 50.0000 134.0000 12.0000
      vertex 50.0000 134.0000 3.0000
    endloop
  endfacet
endsolid wago_rail_b
solid fuse_perch
  facet normal 0.000000e+00 0.000000e+00 -1.000000e+00
    outer loop
      vertex 160.0000 60.0000 3.0000
      vertex 160.0000 80.0000 3.0000
      vertex 185.0000 80.0000 3.0000
    endloop
  endfacet
  facet normal 0.000000e+00 0.000000e+00 -1.000000e+00
    outer loop
      vertex 160.0000 60.0000 3.0000
      vertex 185.0000 80.0000 3.0000
      vertex 185.0000 60.0000 3.0000
    endloop
  endfacet
  facet normal 0.000000e+00 0.000000e+00 1.000000e+00
    outer loop
      vertex 160.0000 60.0000 14.0000
      vertex 185.0000 60.0000 14.0000
      vertex 185.0000 80.0000 14.0000
    endloop
  endfacet
  facet normal 0.000000e+00 0.000000e+00 1.000000e+00
    outer loop
      vertex 160.0000 60.0000 14.0000
      vertex 185.0000 80.0000 14.0000
      vertex 160.0000 80.0000 14.0000
    endloop
  endfacet
  facet normal 0.000000e+00 -1.000000e+00 0.000000e+00
    outer loop
      vertex 160.0000 60.0000 3.0000
      vertex 185.0000 60.0000 3.0000
      vertex 185.0000 60.0000 14.0000
    endloop
  endfacet
  facet normal 0.000000e+00 -1.000000e+00 0.000000e+00
    outer loop
      vertex 160.0000 60.0000 3.0000
      vertex 185.0000 60.0000 14.0000
      vertex 160.0000 60.0000 14.0000
    endloop
  endfacet
  facet normal 0.000000e+00 1.000000e+00 0.000000e+00
    outer loop
      vertex 160.0000 80.0000 3.0000
      vertex 160.0000 80.0000 14.0000
      vertex 185.0000 80.0000 14.0000
    endloop
  endfacet
  facet normal 0.000000e+00 1.000000e+00 0.000000e+00
    outer loop
      vertex 160.0000 80.0000 3.0000
      vertex 185.0000 80.0000 14.0000
      vertex 185.0000 80.0000 3.0000
    endloop
  endfacet
  facet normal 1.000000e+00 0.000000e+00 0.000000e+00
    outer loop
      vertex 185.0000 60.0000 3.0000
      vertex 185.0000 80.0000 3.0000
      vertex 185.0000 80.0000 14.0000
    endloop
  endfacet
  facet normal 1.000000e+00 0.000000e+00 0.000000e+00
    outer loop
      vertex 185.0000 60.0000 3.0000
      vertex 185.0000 80.0000 14.0000
      vertex 185.0000 60.0000 14.0000
    endloop
  endfacet
  facet normal -1.000000e+00 0.000000e+00 0.000000e+00
    outer loop
      vertex 160.0000 60.0000 3.0000
      vertex 160.0000 60.0000 14.0000
      vertex 160.0000 80.0000 14.0000
    endloop
  endfacet
  facet normal -1.000000e+00 0.000000e+00 0.000000e+00
    outer loop
      vertex 160.0000 60.0000 3.0000
      vertex 160.0000 80.0000 14.0000
      vertex 160.0000 80.0000 3.0000
    endloop
  endfacet
endsolid fuse_perch
solid louver_0
  facet normal 0.000000e+00 5.735764e-01 -8.191520e-01
    outer loop
      vertex 18.0000 -0.3839 22.4601
      vertex 18.0000 4.5310 25.9016
      vertex 32.0000 4.5310 25.9016
    endloop
  endfacet
  facet normal 0.000000e+00 5.735764e-01 -8.191520e-01
    outer loop
      vertex 18.0000 -0.3839 22.4601
      vertex 32.0000 4.5310 25.9016
      vertex 32.0000 -0.3839 22.4601
    endloop
  endfacet
  facet normal 0.000000e+00 -5.735764e-01 8.191520e-01
    outer loop
      vertex 18.0000 -1.5310 24.0984
      vertex 32.0000 -1.5310 24.0984
      vertex 32.0000 3.3839 27.5399
    endloop
  endfacet
  facet normal 0.000000e+00 -5.735764e-01 8.191520e-01
    outer loop
      vertex 18.0000 -1.5310 24.0984
      vertex 32.0000 3.3839 27.5399
      vertex 18.0000 3.3839 27.5399
    endloop
  endfacet
  facet normal 0.000000e+00 -8.191520e-01 -5.735764e-01
    outer loop
      vertex 18.0000 -0.3839 22.4601
      vertex 32.0000 -0.3839 22.4601
      vertex 32.0000 -1.5310 24.0984
    endloop
  endfacet
  facet normal 0.000000e+00 -8.191520e-01 -5.735764e-01
    outer loop
      vertex 18.0000 -0.3839 22.4601
      vertex 32.0000 -1.5310 24.0984
      vertex 18.0000 -1.5310 24.0984
    endloop
  endfacet
  facet normal 0.000000e+00 8.191520e-01 5.735764e-01
    outer loop
      vertex 18.0000 4.5310 25.9016
      vertex 18.0000 3.3839 27.5399
      vertex 32.0000 3.3839 27.5399
    endloop
  endfacet
  facet normal -0.000000e+00 8.191520e-01 5.735764e-01
    outer loop
      vertex 18.0000 4.5310 25.9016
      vertex 32.0000 3.3839 27.5399
      vertex 32.0000 4.5310 25.9016
    endloop
  endfacet
  facet normal 1.000000e+00 0.000000e+00 0.000000e+00
    outer loop
      vertex 32.0000 -0.3839 22.4601
      vertex 32.0000 4.5310 25.9016
      vertex 32.0000 3.3839 27.5399
    endloop
  endfacet
  facet normal 1.000000e+00 0.000000e+00 -0.000000e+00
    outer loop
      vertex 32.0000 -0.3839 22.4601
      vertex 32.0000 3.3839 27.5399
      vertex 32.0000 -1.5310 24.0984
    endloop
  endfacet
  facet normal -1.000000e+00 0.000000e+00 0.000000e+00
    outer loop
      vertex 18.0000 -0.3839 22.4601
      vertex 18.0000 -1.5310 24.0984
      vertex 18.0000 3.3839 27.5399
    endloop
  endfacet
  facet normal -1.000000e+00 0.000000e+00 0.000000e+00
    outer loop
      vertex 18.0000 -0.3839 22.4601
      vertex 18.0000 3.3839 27.5399
      vertex 18.0000 4.5310 25.9016
    endloop
  endfacet
endsolid louver_0
solid louver_1
  facet normal 0.000000e+00 5.735764e-01 -8.191520e-01
    outer loop
      vertex 39.0000 -0.3839 22.4601
      vertex 39.0000 4.5310 25.9016
      vertex 53.0000 4.5310 25.9016
    endloop
  endfacet
  facet normal 0.000000e+00 5.735764e-01 -8.191520e-01
    outer loop
      vertex 39.0000 -0.3839 22.4601
      vertex 53.0000 4.5310 25.9016
      vertex 53.0000 -0.3839 22.4601
    endloop
  endfacet
  facet normal 0.000000e+00 -5.735764e-01 8.191520e-01
    outer loop
      vertex 39.0000 -1.5310 24.0984
      vertex 53.0000 -1.5310 24.0984
      vertex 53.0000 3.3839 27.5399
    endloop
  endfacet
  facet normal 0.000000e+00 -5.735764e-01 8.191520e-01
    outer loop
      vertex 39.0000 -1.5310 24.0984
      vertex 53.0000 3.3839 27.5399
      vertex 39.0000 3.3839 27.5399
    endloop
  endfacet
  facet normal 0.000000e+00 -8.191520e-01 -5.735764e-01
    outer loop
      vertex 39.0000 -0.3839 22.4601
      vertex 53.0000 -0.3839 22.4601
      vertex 53.0000 -1.5310 24.0984
    endloop
  endfacet
  facet normal 0.000000e+00 -8.191520e-01 -5.735764e-01
    outer loop
      vertex 39.0000 -0.3839 22.4601
      vertex 53.0000 -1.5310 24.0984
      vertex 39.0000 -1.5310 24.0984
    endloop
  endfacet
  facet normal 0.000000e+00 8.191520e-01 5.735764e-01
    outer loop
      vertex 39.0000 4.5310 25.9016
      vertex 39.0000 3.3839 27.5399
      vertex 53.0000 3.3839 27.5399
    endloop
  endfacet
  facet normal -0.000000e+00 8.191520e-01 5.735764e-01
    outer loop
      vertex 39.0000 4.5310 25.9016
      vertex 53.0000 3.3839 27.5399
      vertex 53.0000 4.5310 25.9016
    endloop
  endfacet
  facet normal 1.000000e+00 0.000000e+00 0.000000e+00
    outer loop
      vertex 53.0000 -0.3839 22.4601
      vertex 53.0000 4.5310 25.9016
      vertex 53.0000 3.3839 27.5399
    endloop
  endfacet
  facet normal 1.000000e+00 0.000000e+00 -0.000000e+00
    outer loop
      vertex 53.0000 -0.3839 22.4601
      vertex 53.0000 3.3839 27.5399
      vertex 53.0000 -1.5310 24.0984
    endloop
  endfacet
  facet normal -1.000000e+00 0.000000e+00 0.000000e+00
    outer loop
      vertex 39.0000 -0.3839 22.4601
      vertex 39.0000 -1.5310 24.0984
      vertex 39.0000 3.3839 27.5399
    endloop
  endfacet
  facet normal -1.000000e+00 0.000000e+00 0.000000e+00
    outer loop
      vertex 39.0000 -0.3839 22.4601
      vertex 39.0000 3.3839 27.5399
      vertex 39.0000 4.5310 25.9016
    endloop
  endfacet
endsolid louver_1
solid louver_2
  facet normal 0.000000e+00 5.735764e-01 -8.191520e-01
    outer loop
      vertex 60.0000 -0.3839 22.4601
      vertex 60.0000 4.5310 25.9016
      vertex 74.0000 4.5310 25.9016
    endloop
  endfacet
  facet normal 0.000000e+00 5.735764e-01 -8.191520e-01
    outer loop
      vertex 60.0000 -0.3839 22.4601
      vertex 74.0000 4.5310 25.9016
      vertex 74.0000 -0.3839 22.4601
    endloop
  endfacet
  facet normal 0.000000e+00 -5.735764e-01 8.191520e-01
    outer loop
      vertex 60.0000 -1.5310 24.0984
      vertex 74.0000 -1.5310 24.0984
      vertex 74.0000 3.3839 27.5399
    endloop
  endfacet
  facet normal 0.000000e+00 -5.735764e-01 8.191520e-01
    outer loop
      vertex 60.0000 -1.5310 24.0984
      vertex 74.0000 3.3839 27.5399
      vertex 60.0000 3.3839 27.5399
    endloop
  endfacet
  facet normal 0.000000e+00 -8.191520e-01 -5.735764e-01
    outer loop
      vertex 60.0000 -0.3839 22.4601
      vertex 74.0000 -0.3839 22.4601
      vertex 74.0000 -1.5310 24.0984
    endloop
  endfacet
  facet normal 0.000000e+00 -8.191520e-01 -5.735764e-01
    outer loop
      vertex 60.0000 -0.3839 22.4601
      vertex 74.0000 -1.5310 24.0984
      vertex 60.0000 -1.5310 24.0984
    endloop
  endfacet
  facet normal 0.000000e+00 8.191520e-01 5.735764e-01
    outer loop
      vertex 60.0000 4.5310 25.9016
      vertex 60.0000 3.3839 27.5399
      vertex 74.0000 3.3839 27.5399
    endloop
  endfacet
  facet normal -0.000000e+00 8.191520e-01 5.735764e-01
    outer loop
      vertex 60.0000 4.5310 25.9016
      vertex 74.0000 3.3839 27.5399
      vertex 74.0000 4.5310 25.9016
    endloop
  endfacet
  facet normal 1.000000e+00 0.000000e+00 0.000000e+00
    outer loop
      vertex 74.0000 -0.3839 22.4601
      vertex 74.0000 4.5310 25.9016
      vertex 74.0000 3.3839 27.5399
    endloop
  endfacet
  facet normal 1.000000e+00 0.000000e+00 -0.000000e+00
    outer loop
      vertex 74.0000 -0.3839 22.4601
      vertex 74.0000 3.3839 27.5399
      vertex 74.0000 -1.5310 24.0984
    endloop
  endfacet
  facet normal -1.000000e+00 0.000000e+00 0.000000e+00
    outer loop
      vertex 60.0000 -0.3839 22.4601
      vertex 60.0000 -1.5310 24.0984
      vertex 60.0000 3.3839 27.5399
    endloop
  endfacet
  facet normal -1.000000e+00 0.000000e+00 0.000000e+00
    outer loop
      vertex 60.0000 -0.3839 22.4601
      vertex 60.0000 3.3839 27.5399
      vertex 60.0000 4.5310 25.9016
    endloop
  endfacet
endsolid louver_2
solid louver_3
  facet normal 0.000000e+00 5.735764e-01 -8.191520e-01
    outer loop
      vertex 81.0000 -0.3839 22.4601
      vertex 81.0000 4.5310 25.9016
      vertex 95.0000 4.5310 25.9016
    endloop
  endfacet
  facet normal 0.000000e+00 5.735764e-01 -8.191520e-01
    outer loop
      vertex 81.0000 -0.3839 22.4601
      vertex 95.0000 4.5310 25.9016
      vertex 95.0000 -0.3839 22.4601
    endloop
  endfacet
  facet normal 0.000000e+00 -5.735764e-01 8.191520e-01
    outer loop
      vertex 81.0000 -1.5310 24.0984
      vertex 95.0000 -1.5310 24.0984
      vertex 95.0000 3.3839 27.5399
    endloop
  endfacet
  facet normal 0.000000e+00 -5.735764e-01 8.191520e-01
    outer loop
      vertex 81.0000 -1.5310 24.0984
      vertex 95.0000 3.3839 27.5399
      vertex 81.0000 3.3839 27.5399
    endloop
  endfacet
  facet normal 0.000000e+00 -8.191520e-01 -5.735764e-01
    outer loop
      vertex 81.0000 -0.3839 22.4601
      vertex 95.0000 -0.3839 22.4601
      vertex 95.0000 -1.5310 24.0984
    endloop
  endfacet
  facet normal 0.000000e+00 -8.191520e-01 -5.735764e-01
    outer loop
      vertex 81.0000 -0.3839 22.4601
      vertex 95.0000 -1.5310 24.0984
      vertex 81.0000 -1.5310 24.0984
    endloop
  endfacet
  facet normal 0.000000e+00 8.191520e-01 5.735764e-01
    outer loop
      vertex 81.0000 4.5310 25.9016
      vertex 81.0000 3.3839 27.5399
      vertex 95.0000 3.3839 27.5399
    endloop
  endfacet
  facet normal -0.000000e+00 8.191520e-01 5.735764e-01
    outer loop
      vertex 81.0000 4.5310 25.9016
      vertex 95.0000 3.3839 27.5399
      vertex 95.0000 4.5310 25.9016
    endloop
  endfacet
  facet normal 1.000000e+00 0.000000e+00 0.000000e+00
    outer loop
      vertex 95.0000 -0.3839 22.4601
      vertex 95.0000 4.5310 25.9016
      vertex 95.0000 3.3839 27.5399
    endloop
  endfacet
  facet normal 1.000000e+00 0.000000e+00 -0.000000e+00
    outer loop
      vertex 95.0000 -0.3839 22.4601
      vertex 95.0000 3.3839 27.5399
      vertex 95.0000 -1.5310 24.0984
    endloop
  endfacet
  facet normal -1.000000e+00 0.000000e+00 0.000000e+00
    outer loop
      vertex 81.0000 -0.3839 22.4601
      vertex 81.0000 -1.5310 24.0984
      vertex 81.0000 3.3839 27.5399
    endloop
  endfacet
  facet normal -1.000000e+00 0.000000e+00 0.000000e+00
    outer loop
      vertex 81.0000 -0.3839 22.4601
      vertex 81.0000 3.3839 27.5399
      vertex 81.0000 4.5310 25.9016
    endloop
  endfacet
endsolid louver_3
solid louver_4
  facet normal 0.000000e+00 5.735764e-01 -8.191520e-01
    outer loop
      vertex 102.0000 -0.3839 22.4601
      vertex 102.0000 4.5310 25.9016
      vertex 116.0000 4.5310 25.9016
    endloop
  endfacet
  facet normal 0.000000e+00 5.735764e-01 -8.191520e-01
    outer loop
      vertex 102.0000 -0.3839 22.4601
      vertex 116.0000 4.5310 25.9016
      vertex 116.0000 -0.3839 22.4601
    endloop
  endfacet
  facet normal 0.000000e+00 -5.735764e-01 8.191520e-01
    outer loop
      vertex 102.0000 -1.5310 24.0984
      vertex 116.0000 -1.5310 24.0984
      vertex 116.0000 3.3839 27.5399
    endloop
  endfacet
  facet normal 0.000000e+00 -5.735764e-01 8.191520e-01
    outer loop
      vertex 102.0000 -1.5310 24.0984
      vertex 116.0000 3.3839 27.5399
      vertex 102.0000 3.3839 27.5399
    endloop
  endfacet
  facet normal 0.000000e+00 -8.191520e-01 -5.735764e-01
    outer loop
      vertex 102.0000 -0.3839 22.4601
      vertex 116.0000 -0.3839 22.4601
      vertex 116.0000 -1.5310 24.0984
    endloop
  endfacet
  facet normal 0.000000e+00 -8.191520e-01 -5.735764e-01
    outer loop
      vertex 102.0000 -0.3839 22.4601
      vertex 116.0000 -1.5310 24.0984
      vertex 102.0000 -1.5310 24.0984
    endloop
  endfacet
  facet normal 0.000000e+00 8.191520e-01 5.735764e-01
    outer loop
      vertex 102.0000 4.5310 25.9016
      vertex 102.0000 3.3839 27.5399
      vertex 116.0000 3.3839 27.5399
    endloop
  endfacet
  facet normal -0.000000e+00 8.191520e-01 5.735764e-01
    outer loop
      vertex 102.0000 4.5310 25.9016
      vertex 116.0000 3.3839 27.5399
      vertex 116.0000 4.5310 25.9016
    endloop
  endfacet
  facet normal 1.000000e+00 0.000000e+00 0.000000e+00
    outer loop
      vertex 116.0000 -0.3839 22.4601
      vertex 116.0000 4.5310 25.9016
      vertex 116.0000 3.3839 27.5399
    endloop
  endfacet
  facet normal 1.000000e+00 0.000000e+00 -0.000000e+00
    outer loop
      vertex 116.0000 -0.3839 22.4601
      vertex 116.0000 3.3839 27.5399
      vertex 116.0000 -1.5310 24.0984
    endloop
  endfacet
  facet normal -1.000000e+00 0.000000e+00 0.000000e+00
    outer loop
      vertex 102.0000 -0.3839 22.4601
      vertex 102.0000 -1.5310 24.0984
      vertex 102.0000 3.3839 27.5399
    endloop
  endfacet
  facet normal -1.000000e+00 0.000000e+00 0.000000e+00
    outer loop
      vertex 102.0000 -0.3839 22.4601
      vertex 102.0000 3.3839 27.5399
      vertex 102.0000 4.5310 25.9016
    endloop
  endfacet
endsolid louver_4
solid louver_5
  facet normal 0.000000e+00 5.735764e-01 -8.191520e-01
    outer loop
      vertex 123.0000 -0.3839 22.4601
      vertex 123.0000 4.5310 25.9016
      vertex 137.0000 4.5310 25.9016
    endloop
  endfacet
  facet normal 0.000000e+00 5.735764e-01 -8.191520e-01
    outer loop
      vertex 123.0000 -0.3839 22.4601
      vertex 137.0000 4.5310 25.9016
      vertex 137.0000 -0.3839 22.4601
    endloop
  endfacet
  facet normal 0.000000e+00 -5.735764e-01 8.191520e-01
    outer loop
      vertex 123.0000 -1.5310 24.0984
      vertex 137.0000 -1.5310 24.0984
      vertex 137.0000 3.3839 27.5399
    endloop
  endfacet
  facet normal 0.000000e+00 -5.735764e-01 8.191520e-01
    outer loop
      vertex 123.0000 -1.5310 24.0984
      vertex 137.0000 3.3839 27.5399
      vertex 123.0000 3.3839 27.5399
    endloop
  endfacet
  facet normal 0.000000e+00 -8.191520e-01 -5.735764e-01
    outer loop
      vertex 123.0000 -0.3839 22.4601
      vertex 137.0000 -0.3839 22.4601
      vertex 137.0000 -1.5310 24.0984
    endloop
  endfacet
  facet normal 0.000000e+00 -8.191520e-01 -5.735764e-01
    outer loop
      vertex 123.0000 -0.3839 22.4601
      vertex 137.0000 -1.5310 24.0984
      vertex 123.0000 -1.5310 24.0984
    endloop
  endfacet
  facet normal 0.000000e+00 8.191520e-01 5.735764e-01
    outer loop
      vertex 123.0000 4.5310 25.9016
      vertex 123.0000 3.3839 27.5399
      vertex 137.0000 3.3839 27.5399
    endloop
  endfacet
  facet normal -0.000000e+00 8.191520e-01 5.735764e-01
    outer loop
      vertex 123.0000 4.5310 25.9016
      vertex 137.0000 3.3839 27.5399
      vertex 137.0000 4.5310 25.9016
    endloop
  endfacet
  facet normal 1.000000e+00 0.000000e+00 0.000000e+00
    outer loop
      vertex 137.0000 -0.3839 22.4601
      vertex 137.0000 4.5310 25.9016
      vertex 137.0000 3.3839 27.5399
    endloop
  endfacet
  facet normal 1.000000e+00 0.000000e+00 -0.000000e+00
    outer loop
      vertex 137.0000 -0.3839 22.4601
      vertex 137.0000 3.3839 27.5399
      vertex 137.0000 -1.5310 24.0984
    endloop
  endfacet
  facet normal -1.000000e+00 0.000000e+00 0.000000e+00
    outer loop
      vertex 123.0000 -0.3839 22.4601
      vertex 123.0000 -1.5310 24.0984
      vertex 123.0000 3.3839 27.5399
    endloop
  endfacet
  facet normal -1.000000e+00 0.000000e+00 0.000000e+00
    outer loop
      vertex 123.0000 -0.3839 22.4601
      vertex 123.0000 3.3839 27.5399
      vertex 123.0000 4.5310 25.9016
    endloop
  endfacet
endsolid louver_5
solid louver_6
  facet normal 0.000000e+00 5.735764e-01 -8.191520e-01
    outer loop
      vertex 144.0000 -0.3839 22.4601
      vertex 144.0000 4.5310 25.9016
      vertex 158.0000 4.5310 25.9016
    endloop
  endfacet
  facet normal 0.000000e+00 5.735764e-01 -8.191520e-01
    outer loop
      vertex 144.0000 -0.3839 22.4601
      vertex 158.0000 4.5310 25.9016
      vertex 158.0000 -0.3839 22.4601
    endloop
  endfacet
  facet normal 0.000000e+00 -5.735764e-01 8.191520e-01
    outer loop
      vertex 144.0000 -1.5310 24.0984
      vertex 158.0000 -1.5310 24.0984
      vertex 158.0000 3.3839 27.5399
    endloop
  endfacet
  facet normal 0.000000e+00 -5.735764e-01 8.191520e-01
    outer loop
      vertex 144.0000 -1.5310 24.0984
      vertex 158.0000 3.3839 27.5399
      vertex 144.0000 3.3839 27.5399
    endloop
  endfacet
  facet normal 0.000000e+00 -8.191520e-01 -5.735764e-01
    outer loop
      vertex 144.0000 -0.3839 22.4601
      vertex 158.0000 -0.3839 22.4601
      vertex 158.0000 -1.5310 24.0984
    endloop
  endfacet
  facet normal 0.000000e+00 -8.191520e-01 -5.735764e-01
    outer loop
      vertex 144.0000 -0.3839 22.4601
      vertex 158.0000 -1.5310 24.0984
      vertex 144.0000 -1.5310 24.0984
    endloop
  endfacet
  facet normal 0.000000e+00 8.191520e-01 5.735764e-01
    outer loop
      vertex 144.0000 4.5310 25.9016
      vertex 144.0000 3.3839 27.5399
      vertex 158.0000 3.3839 27.5399
    endloop
  endfacet
  facet normal -0.000000e+00 8.191520e-01 5.735764e-01
    outer loop
      vertex 144.0000 4.5310 25.9016
      vertex 158.0000 3.3839 27.5399
      vertex 158.0000 4.5310 25.9016
    endloop
  endfacet
  facet normal 1.000000e+00 0.000000e+00 0.000000e+00
    outer loop
      vertex 158.0000 -0.3839 22.4601
      vertex 158.0000 4.5310 25.9016
      vertex 158.0000 3.3839 27.5399
    endloop
  endfacet
  facet normal 1.000000e+00 0.000000e+00 -0.000000e+00
    outer loop
      vertex 158.0000 -0.3839 22.4601
      vertex 158.0000 3.3839 27.5399
      vertex 158.0000 -1.5310 24.0984
    endloop
  endfacet
  facet normal -1.000000e+00 0.000000e+00 0.000000e+00
    outer loop
      vertex 144.0000 -0.3839 22.4601
      vertex 144.0000 -1.5310 24.0984
      vertex 144.0000 3.3839 27.5399
    endloop
  endfacet
  facet normal -1.000000e+00 0.000000e+00 0.000000e+00
    outer loop
      vertex 144.0000 -0.3839 22.4601
      vertex 144.0000 3.3839 27.5399
      vertex 144.0000 4.5310 25.9016
    endloop
  endfacet
endsolid louver_6
solid louver_7
  facet normal 0.000000e+00 5.735764e-01 -8.191520e-01
    outer loop
      vertex 165.0000 -0.3839 22.4601
      vertex 165.0000 4.5310 25.9016
      vertex 179.0000 4.5310 25.9016
    endloop
  endfacet
  facet normal 0.000000e+00 5.735764e-01 -8.191520e-01
    outer loop
      vertex 165.0000 -0.3839 22.4601
      vertex 179.0000 4.5310 25.9016
      vertex 179.0000 -0.3839 22.4601
    endloop
  endfacet
  facet normal 0.000000e+00 -5.735764e-01 8.191520e-01
    outer loop
      vertex 165.0000 -1.5310 24.0984
      vertex 179.0000 -1.5310 24.0984
      vertex 179.0000 3.3839 27.5399
    endloop
  endfacet
  facet normal 0.000000e+00 -5.735764e-01 8.191520e-01
    outer loop
      vertex 165.0000 -1.5310 24.0984
      vertex 179.0000 3.3839 27.5399
      vertex 165.0000 3.3839 27.5399
    endloop
  endfacet
  facet normal 0.000000e+00 -8.191520e-01 -5.735764e-01
    outer loop
      vertex 165.0000 -0.3839 22.4601
      vertex 179.0000 -0.3839 22.4601
      vertex 179.0000 -1.5310 24.0984
    endloop
  endfacet
  facet normal 0.000000e+00 -8.191520e-01 -5.735764e-01
    outer loop
      vertex 165.0000 -0.3839 22.4601
      vertex 179.0000 -1.5310 24.0984
      vertex 165.0000 -1.5310 24.0984
    endloop
  endfacet
  facet normal 0.000000e+00 8.191520e-01 5.735764e-01
    outer loop
      vertex 165.0000 4.5310 25.9016
      vertex 165.0000 3.3839 27.5399
      vertex 179.0000 3.3839 27.5399
    endloop
  endfacet
  facet normal -0.000000e+00 8.191520e-01 5.735764e-01
    outer loop
      vertex 165.0000 4.5310 25.9016
      vertex 179.0000 3.3839 27.5399
      vertex 179.0000 4.5310 25.9016
    endloop
  endfacet
  facet normal 1.000000e+00 0.000000e+00 0.000000e+00
    outer loop
      vertex 179.0000 -0.3839 22.4601
      vertex 179.0000 4.5310 25.9016
      vertex 179.0000 3.3839 27.5399
    endloop
  endfacet
  facet normal 1.000000e+00 0.000000e+00 -0.000000e+00
    outer loop
      vertex 179.0000 -0.3839 22.4601
      vertex 179.0000 3.3839 27.5399
      vertex 179.0000 -1.5310 24.0984
    endloop
  endfacet
  facet normal -1.000000e+00 0.000000e+00 0.000000e+00
    outer loop
      vertex 165.0000 -0.3839 22.4601
      vertex 165.0000 -1.5310 24.0984
      vertex 165.0000 3.3839 27.5399
    endloop
  endfacet
  facet normal -1.000000e+00 0.000000e+00 0.000000e+00
    outer loop
      vertex 165.0000 -0.3839 22.4601
      vertex 165.0000 3.3839 27.5399
      vertex 165.0000 4.5310 25.9016
    endloop
  endfacet
endsolid louver_7
solid louver_8
  facet normal 0.000000e+00 5.735764e-01 -8.191520e-01
    outer loop
      vertex 18.0000 -0.3839 30.4601
      vertex 18.0000 4.5310 33.9016
      vertex 32.0000 4.5310 33.9016
    endloop
  endfacet
  facet normal 0.000000e+00 5.735764e-01 -8.191520e-01
    outer loop
      vertex 18.0000 -0.3839 30.4601
      vertex 32.0000 4.5310 33.9016
      vertex 32.0000 -0.3839 30.4601
    endloop
  endfacet
  facet normal 0.000000e+00 -5.735764e-01 8.191520e-01
    outer loop
      vertex 18.0000 -1.5310 32.0984
      vertex 32.0000 -1.5310 32.0984
      vertex 32.0000 3.3839 35.5399
    endloop
  endfacet
  facet normal 0.000000e+00 -5.735764e-01 8.191520e-01
    outer loop
      vertex 18.0000 -1.5310 32.0984
      vertex 32.0000 3.3839 35.5399
      vertex 18.0000 3.3839 35.5399
    endloop
  endfacet
  facet normal 0.000000e+00 -8.191520e-01 -5.735764e-01
    outer loop
      vertex 18.0000 -0.3839 30.4601
      vertex 32.0000 -0.3839 30.4601
      vertex 32.0000 -1.5310 32.0984
    endloop
  endfacet
  facet normal 0.000000e+00 -8.191520e-01 -5.735764e-01
    outer loop
      vertex 18.0000 -0.3839 30.4601
      vertex 32.0000 -1.5310 32.0984
      vertex 18.0000 -1.5310 32.0984
    endloop
  endfacet
  facet normal 0.000000e+00 8.191520e-01 5.735764e-01
    outer loop
      vertex 18.0000 4.5310 33.9016
      vertex 18.0000 3.3839 35.5399
      vertex 32.0000 3.3839 35.5399
    endloop
  endfacet
  facet normal -0.000000e+00 8.191520e-01 5.735764e-01
    outer loop
      vertex 18.0000 4.5310 33.9016
      vertex 32.0000 3.3839 35.5399
      vertex 32.0000 4.5310 33.9016
    endloop
  endfacet
  facet normal 1.000000e+00 0.000000e+00 0.000000e+00
    outer loop
      vertex 32.0000 -0.3839 30.4601
      vertex 32.0000 4.5310 33.9016
      vertex 32.0000 3.3839 35.5399
    endloop
  endfacet
  facet normal 1.000000e+00 0.000000e+00 -0.000000e+00
    outer loop
      vertex 32.0000 -0.3839 30.4601
      vertex 32.0000 3.3839 35.5399
      vertex 32.0000 -1.5310 32.0984
    endloop
  endfacet
  facet normal -1.000000e+00 0.000000e+00 0.000000e+00
    outer loop
      vertex 18.0000 -0.3839 30.4601
      vertex 18.0000 -1.5310 32.0984
      vertex 18.0000 3.3839 35.5399
    endloop
  endfacet
  facet normal -1.000000e+00 0.000000e+00 0.000000e+00
    outer loop
      vertex 18.0000 -0.3839 30.4601
      vertex 18.0000 3.3839 35.5399
      vertex 18.0000 4.5310 33.9016
    endloop
  endfacet
endsolid louver_8
solid louver_9
  facet normal 0.000000e+00 5.735764e-01 -8.191520e-01
    outer loop
      vertex 39.0000 -0.3839 30.4601
      vertex 39.0000 4.5310 33.9016
      vertex 53.0000 4.5310 33.9016
    endloop
  endfacet
  facet normal 0.000000e+00 5.735764e-01 -8.191520e-01
    outer loop
      vertex 39.0000 -0.3839 30.4601
      vertex 53.0000 4.5310 33.9016
      vertex 53.0000 -0.3839 30.4601
    endloop
  endfacet
  facet normal 0.000000e+00 -5.735764e-01 8.191520e-01
    outer loop
      vertex 39.0000 -1.5310 32.0984
      vertex 53.0000 -1.5310 32.0984
      vertex 53.0000 3.3839 35.5399
    endloop
  endfacet
  facet normal 0.000000e+00 -5.735764e-01 8.191520e-01
    outer loop
      vertex 39.0000 -1.5310 32.0984
      vertex 53.0000 3.3839 35.5399
      vertex 39.0000 3.3839 35.5399
    endloop
  endfacet
  facet normal 0.000000e+00 -8.191520e-01 -5.735764e-01
    outer loop
      vertex 39.0000 -0.3839 30.4601
      vertex 53.0000 -0.3839 30.4601
      vertex 53.0000 -1.5310 32.0984
    endloop
  endfacet
  facet normal 0.000000e+00 -8.191520e-01 -5.735764e-01
    outer loop
      vertex 39.0000 -0.3839 30.4601
      vertex 53.0000 -1.5310 32.0984
      vertex 39.0000 -1.5310 32.0984
    endloop
  endfacet
  facet normal 0.000000e+00 8.191520e-01 5.735764e-01
    outer loop
      vertex 39.0000 4.5310 33.9016
      vertex 39.0000 3.3839 35.5399
      vertex 53.0000 3.3839 35.5399
    endloop
  endfacet
  facet normal -0.000000e+00 8.191520e-01 5.735764e-01
    outer loop
      vertex 39.0000 4.5310 33.9016
      vertex 53.0000 3.3839 35.5399
      vertex 53.0000 4.5310 33.9016
    endloop
  endfacet
  facet normal 1.000000e+00 0.000000e+00 0.000000e+00
    outer loop
      vertex 53.0000 -0.3839 30.4601
      vertex 53.0000 4.5310 33.9016
      vertex 53.0000 3.3839 35.5399
    endloop
  endfacet
  facet normal 1.000000e+00 0.000000e+00 -0.000000e+00
    outer loop
      vertex 53.0000 -0.3839 30.4601
      vertex 53.0000 3.3839 35.5399
      vertex 53.0000 -1.5310 32.0984
    endloop
  endfacet
  facet normal -1.000000e+00 0.000000e+00 0.000000e+00
    outer loop
      vertex 39.0000 -0.3839 30.4601
      vertex 39.0000 -1.5310 32.0984
      vertex 39.0000 3.3839 35.5399
    endloop
  endfacet
  facet normal -1.000000e+00 0.000000e+00 0.000000e+00
    outer loop
      vertex 39.0000 -0.3839 30.4601
      vertex 39.0000 3.3839 35.5399
      vertex 39.0000 4.5310 33.9016
    endloop
  endfacet
endsolid louver_9
solid louver_10
  facet normal 0.000000e+00 5.735764e-01 -8.191520e-01
    outer loop
      vertex 60.0000 -0.3839 30.4601
      vertex 60.0000 4.5310 33.9016
      vertex 74.0000 4.5310 33.9016
    endloop
  endfacet
  facet normal 0.000000e+00 5.735764e-01 -8.191520e-01
    outer loop
      vertex 60.0000 -0.3839 30.4601
      vertex 74.0000 4.5310 33.9016
      vertex 74.0000 -0.3839 30.4601
    endloop
  endfacet
  facet normal 0.000000e+00 -5.735764e-01 8.191520e-01
    outer loop
      vertex 60.0000 -1.5310 32.0984
      vertex 74.0000 -1.5310 32.0984
      vertex 74.0000 3.3839 35.5399
    endloop
  endfacet
  facet normal 0.000000e+00 -5.735764e-01 8.191520e-01
    outer loop
      vertex 60.0000 -1.5310 32.0984
      vertex 74.0000 3.3839 35.5399
      vertex 60.0000 3.3839 35.5399
    endloop
  endfacet
  facet normal 0.000000e+00 -8.191520e-01 -5.735764e-01
    outer loop
      vertex 60.0000 -0.3839 30.4601
      vertex 74.0000 -0.3839 30.4601
      vertex 74.0000 -1.5310 32.0984
    endloop
  endfacet
  facet normal 0.000000e+00 -8.191520e-01 -5.735764e-01
    outer loop
      vertex 60.0000 -0.3839 30.4601
      vertex 74.0000 -1.5310 32.0984
      vertex 60.0000 -1.5310 32.0984
    endloop
  endfacet
  facet normal 0.000000e+00 8.191520e-01 5.735764e-01
    outer loop
      vertex 60.0000 4.5310 33.9016
      vertex 60.0000 3.3839 35.5399
      vertex 74.0000 3.3839 35.5399
    endloop
  endfacet
  facet normal -0.000000e+00 8.191520e-01 5.735764e-01
    outer loop
      vertex 60.0000 4.5310 33.9016
      vertex 74.0000 3.3839 35.5399
      vertex 74.0000 4.5310 33.9016
    endloop
  endfacet
  facet normal 1.000000e+00 0.000000e+00 0.000000e+00
    outer loop
      vertex 74.0000 -0.3839 30.4601
      vertex 74.0000 4.5310 33.9016
      vertex 74.0000 3.3839 35.5399
    endloop
  endfacet
  facet normal 1.000000e+00 0.000000e+00 -0.000000e+00
    outer loop
      vertex 74.0000 -0.3839 30.4601
      vertex 74.0000 3.3839 35.5399
      vertex 74.0000 -1.5310 32.0984
    endloop
  endfacet
  facet normal -1.000000e+00 0.000000e+00 0.000000e+00
    outer loop
      vertex 60.0000 -0.3839 30.4601
      vertex 60.0000 -1.5310 32.0984
      vertex 60.0000 3.3839 35.5399
    endloop
  endfacet
  facet normal -1.000000e+00 0.000000e+00 0.000000e+00
    outer loop
      vertex 60.0000 -0.3839 30.4601
      vertex 60.0000 3.3839 35.5399
      vertex 60.0000 4.5310 33.9016
    endloop
  endfacet
endsolid louver_10
solid louver_11
  facet normal 0.000000e+00 5.735764e-01 -8.191520e-01
    outer loop
      vertex 81.0000 -0.3839 30.4601
      vertex 81.0000 4.5310 33.9016
      vertex 95.0000 4.5310 33.9016
    endloop
  endfacet
  facet normal 0.000000e+00 5.735764e-01 -8.191520e-01
    outer loop
      vertex 81.0000 -0.3839 30.4601
      vertex 95.0000 4.5310 33.9016
      vertex 95.0000 -0.3839 30.4601
    endloop
  endfacet
  facet normal 0.000000e+00 -5.735764e-01 8.191520e-01
    outer loop
      vertex 81.0000 -1.5310 32.0984
      vertex 95.0000 -1.5310 32.0984
      vertex 95.0000 3.3839 35.5399
    endloop
  endfacet
  facet normal 0.000000e+00 -5.735764e-01 8.191520e-01
    outer loop
      vertex 81.0000 -1.5310 32.0984
      vertex 95.0000 3.3839 35.5399
      vertex 81.0000 3.3839 35.5399
    endloop
  endfacet
  facet normal 0.000000e+00 -8.191520e-01 -5.735764e-01
    outer loop
      vertex 81.0000 -0.3839 30.4601
      vertex 95.0000 -0.3839 30.4601
      vertex 95.0000 -1.5310 32.0984
    endloop
  endfacet
  facet normal 0.000000e+00 -8.191520e-01 -5.735764e-01
    outer loop
      vertex 81.0000 -0.3839 30.4601
      vertex 95.0000 -1.5310 32.0984
      vertex 81.0000 -1.5310 32.0984
    endloop
  endfacet
  facet normal 0.000000e+00 8.191520e-01 5.735764e-01
    outer loop
      vertex 81.0000 4.5310 33.9016
      vertex 81.0000 3.3839 35.5399
      vertex 95.0000 3.3839 35.5399
    endloop
  endfacet
  facet normal -0.000000e+00 8.191520e-01 5.735764e-01
    outer loop
      vertex 81.0000 4.5310 33.9016
      vertex 95.0000 3.3839 35.5399
      vertex 95.0000 4.5310 33.9016
    endloop
  endfacet
  facet normal 1.000000e+00 0.000000e+00 0.000000e+00
    outer loop
      vertex 95.0000 -0.3839 30.4601
      vertex 95.0000 4.5310 33.9016
      vertex 95.0000 3.3839 35.5399
    endloop
  endfacet
  facet normal 1.000000e+00 0.000000e+00 -0.000000e+00
    outer loop
      vertex 95.0000 -0.3839 30.4601
      vertex 95.0000 3.3839 35.5399
      vertex 95.0000 -1.5310 32.0984
    endloop
  endfacet
  facet normal -1.000000e+00 0.000000e+00 0.000000e+00
    outer loop
      vertex 81.0000 -0.3839 30.4601
      vertex 81.0000 -1.5310 32.0984
      vertex 81.0000 3.3839 35.5399
    endloop
  endfacet
  facet normal -1.000000e+00 0.000000e+00 0.000000e+00
    outer loop
      vertex 81.0000 -0.3839 30.4601
      vertex 81.0000 3.3839 35.5399
      vertex 81.0000 4.5310 33.9016
    endloop
  endfacet
endsolid louver_11
solid louver_12
  facet normal 0.000000e+00 5.735764e-01 -8.191520e-01
    outer loop
      vertex 102.0000 -0.3839 30.4601
      vertex 102.0000 4.5310 33.9016
      vertex 116.0000 4.5310 33.9016
    endloop
  endfacet
  facet normal 0.000000e+00 5.735764e-01 -8.191520e-01
    outer loop
      vertex 102.0000 -0.3839 30.4601
      vertex 116.0000 4.5310 33.9016
      vertex 116.0000 -0.3839 30.4601
    endloop
  endfacet
  facet normal 0.000000e+00 -5.735764e-01 8.191520e-01
    outer loop
      vertex 102.0000 -1.5310 32.0984
      vertex 116.0000 -1.5310 32.0984
      vertex 116.0000 3.3839 35.5399
    endloop
  endfacet
  facet normal 0.000000e+00 -5.735764e-01 8.191520e-01
    outer loop
      vertex 102.0000 -1.5310 32.0984
      vertex 116.0000 3.3839 35.5399
      vertex 102.0000 3.3839 35.5399
    endloop
  endfacet
  facet normal 0.000000e+00 -8.191520e-01 -5.735764e-01
    outer loop
      vertex 102.0000 -0.3839 30.4601
      vertex 116.0000 -0.3839 30.4601
      vertex 116.0000 -1.5310 32.0984
    endloop
  endfacet
  facet normal 0.000000e+00 -8.191520e-01 -5.735764e-01
    outer loop
      vertex 102.0000 -0.3839 30.4601
      vertex 116.0000 -1.5310 32.0984
      vertex 102.0000 -1.5310 32.0984
    endloop
  endfacet
  facet normal 0.000000e+00 8.191520e-01 5.735764e-01
    outer loop
      vertex 102.0000 4.5310 33.9016
      vertex 102.0000 3.3839 35.5399
      vertex 116.0000 3.3839 35.5399
    endloop
  endfacet
  facet normal -0.000000e+00 8.191520e-01 5.735764e-01
    outer loop
      vertex 102.0000 4.5310 33.9016
      vertex 116.0000 3.3839 35.5399
      vertex 116.0000 4.5310 33.9016
    endloop
  endfacet
  facet normal 1.000000e+00 0.000000e+00 0.000000e+00
    outer loop
      vertex 116.0000 -0.3839 30.4601
      vertex 116.0000 4.5310 33.9016
      vertex 116.0000 3.3839 35.5399
    endloop
  endfacet
  facet normal 1.000000e+00 0.000000e+00 -0.000000e+00
    outer loop
      vertex 116.0000 -0.3839 30.4601
      vertex 116.0000 3.3839 35.5399
      vertex 116.0000 -1.5310 32.0984
    endloop
  endfacet
  facet normal -1.000000e+00 0.000000e+00 0.000000e+00
    outer loop
      vertex 102.0000 -0.3839 30.4601
      vertex 102.0000 -1.5310 32.0984
      vertex 102.0000 3.3839 35.5399
    endloop
  endfacet
  facet normal -1.000000e+00 0.000000e+00 0.000000e+00
    outer loop
      vertex 102.0000 -0.3839 30.4601
      vertex 102.0000 3.3839 35.5399
      vertex 102.0000 4.5310 33.9016
    endloop
  endfacet
endsolid louver_12
solid louver_13
  facet normal 0.000000e+00 5.735764e-01 -8.191520e-01
    outer loop
      vertex 123.0000 -0.3839 30.4601
      vertex 123.0000 4.5310 33.9016
      vertex 137.0000 4.5310 33.9016
    endloop
  endfacet
  facet normal 0.000000e+00 5.735764e-01 -8.191520e-01
    outer loop
      vertex 123.0000 -0.3839 30.4601
      vertex 137.0000 4.5310 33.9016
      vertex 137.0000 -0.3839 30.4601
    endloop
  endfacet
  facet normal 0.000000e+00 -5.735764e-01 8.191520e-01
    outer loop
      vertex 123.0000 -1.5310 32.0984
      vertex 137.0000 -1.5310 32.0984
      vertex 137.0000 3.3839 35.5399
    endloop
  endfacet
  facet normal 0.000000e+00 -5.735764e-01 8.191520e-01
    outer loop
      vertex 123.0000 -1.5310 32.0984
      vertex 137.0000 3.3839 35.5399
      vertex 123.0000 3.3839 35.5399
    endloop
  endfacet
  facet normal 0.000000e+00 -8.191520e-01 -5.735764e-01
    outer loop
      vertex 123.0000 -0.3839 30.4601
      vertex 137.0000 -0.3839 30.4601
      vertex 137.0000 -1.5310 32.0984
    endloop
  endfacet
  facet normal 0.000000e+00 -8.191520e-01 -5.735764e-01
    outer loop
      vertex 123.0000 -0.3839 30.4601
      vertex 137.0000 -1.5310 32.0984
      vertex 123.0000 -1.5310 32.0984
    endloop
  endfacet
  facet normal 0.000000e+00 8.191520e-01 5.735764e-01
    outer loop
      vertex 123.0000 4.5310 33.9016
      vertex 123.0000 3.3839 35.5399
      vertex 137.0000 3.3839 35.5399
    endloop
  endfacet
  facet normal -0.000000e+00 8.191520e-01 5.735764e-01
    outer loop
      vertex 123.0000 4.5310 33.9016
      vertex 137.0000 3.3839 35.5399
      vertex 137.0000 4.5310 33.9016
    endloop
  endfacet
  facet normal 1.000000e+00 0.000000e+00 0.000000e+00
    outer loop
      vertex 137.0000 -0.3839 30.4601
      vertex 137.0000 4.5310 33.9016
      vertex 137.0000 3.3839 35.5399
    endloop
  endfacet
  facet normal 1.000000e+00 0.000000e+00 -0.000000e+00
    outer loop
      vertex 137.0000 -0.3839 30.4601
      vertex 137.0000 3.3839 35.5399
      vertex 137.0000 -1.5310 32.0984
    endloop
  endfacet
  facet normal -1.000000e+00 0.000000e+00 0.000000e+00
    outer loop
      vertex 123.0000 -0.3839 30.4601
      vertex 123.0000 -1.5310 32.0984
      vertex 123.0000 3.3839 35.5399
    endloop
  endfacet
  facet normal -1.000000e+00 0.000000e+00 0.000000e+00
    outer loop
      vertex 123.0000 -0.3839 30.4601
      vertex 123.0000 3.3839 35.5399
      vertex 123.0000 4.5310 33.9016
    endloop
  endfacet
endsolid louver_13
solid louver_14
  facet normal 0.000000e+00 5.735764e-01 -8.191520e-01
    outer loop
      vertex 144.0000 -0.3839 30.4601
      vertex 144.0000 4.5310 33.9016
      vertex 158.0000 4.5310 33.9016
    endloop
  endfacet
  facet normal 0.000000e+00 5.735764e-01 -8.191520e-01
    outer loop
      vertex 144.0000 -0.3839 30.4601
      vertex 158.0000 4.5310 33.9016
      vertex 158.0000 -0.3839 30.4601
    endloop
  endfacet
  facet normal 0.000000e+00 -5.735764e-01 8.191520e-01
    outer loop
      vertex 144.0000 -1.5310 32.0984
      vertex 158.0000 -1.5310 32.0984
      vertex 158.0000 3.3839 35.5399
    endloop
  endfacet
  facet normal 0.000000e+00 -5.735764e-01 8.191520e-01
    outer loop
      vertex 144.0000 -1.5310 32.0984
      vertex 158.0000 3.3839 35.5399
      vertex 144.0000 3.3839 35.5399
    endloop
  endfacet
  facet normal 0.000000e+00 -8.191520e-01 -5.735764e-01
    outer loop
      vertex 144.0000 -0.3839 30.4601
      vertex 158.0000 -0.3839 30.4601
      vertex 158.0000 -1.5310 32.0984
    endloop
  endfacet
  facet normal 0.000000e+00 -8.191520e-01 -5.735764e-01
    outer loop
      vertex 144.0000 -0.3839 30.4601
      vertex 158.0000 -1.5310 32.0984
      vertex 144.0000 -1.5310 32.0984
    endloop
  endfacet
  facet normal 0.000000e+00 8.191520e-01 5.735764e-01
    outer loop
      vertex 144.0000 4.5310 33.9016
      vertex 144.0000 3.3839 35.5399
      vertex 158.0000 3.3839 35.5399
    endloop
  endfacet
  facet normal -0.000000e+00 8.191520e-01 5.735764e-01
    outer loop
      vertex 144.0000 4.5310 33.9016
      vertex 158.0000 3.3839 35.5399
      vertex 158.0000 4.5310 33.9016
    endloop
  endfacet
  facet normal 1.000000e+00 0.000000e+00 0.000000e+00
    outer loop
      vertex 158.0000 -0.3839 30.4601
      vertex 158.0000 4.5310 33.9016
      vertex 158.0000 3.3839 35.5399
    endloop
  endfacet
  facet normal 1.000000e+00 0.000000e+00 -0.000000e+00
    outer loop
      vertex 158.0000 -0.3839 30.4601
      vertex 158.0000 3.3839 35.5399
      vertex 158.0000 -1.5310 32.0984
    endloop
  endfacet
  facet normal -1.000000e+00 0.000000e+00 0.000000e+00
    outer loop
      vertex 144.0000 -0.3839 30.4601
      vertex 144.0000 -1.5310 32.0984
      vertex 144.0000 3.3839 35.5399
    endloop
  endfacet
  facet normal -1.000000e+00 0.000000e+00 0.000000e+00
    outer loop
      vertex 144.0000 -0.3839 30.4601
      vertex 144.0000 3.3839 35.5399
      vertex 144.0000 4.5310 33.9016
    endloop
  endfacet
endsolid louver_14
solid louver_15
  facet normal 0.000000e+00 5.735764e-01 -8.191520e-01
    outer loop
      vertex 165.0000 -0.3839 30.4601
      vertex 165.0000 4.5310 33.9016
      vertex 179.0000 4.5310 33.9016
    endloop
  endfacet
  facet normal 0.000000e+00 5.735764e-01 -8.191520e-01
    outer loop
      vertex 165.0000 -0.3839 30.4601
      vertex 179.0000 4.5310 33.9016
      vertex 179.0000 -0.3839 30.4601
    endloop
  endfacet
  facet normal 0.000000e+00 -5.735764e-01 8.191520e-01
    outer loop
      vertex 165.0000 -1.5310 32.0984
      vertex 179.0000 -1.5310 32.0984
      vertex 179.0000 3.3839 35.5399
    endloop
  endfacet
  facet normal 0.000000e+00 -5.735764e-01 8.191520e-01
    outer loop
      vertex 165.0000 -1.5310 32.0984
      vertex 179.0000 3.3839 35.5399
      vertex 165.0000 3.3839 35.5399
    endloop
  endfacet
  facet normal 0.000000e+00 -8.191520e-01 -5.735764e-01
    outer loop
      vertex 165.0000 -0.3839 30.4601
      vertex 179.0000 -0.3839 30.4601
      vertex 179.0000 -1.5310 32.0984
    endloop
  endfacet
  facet normal 0.000000e+00 -8.191520e-01 -5.735764e-01
    outer loop
      vertex 165.0000 -0.3839 30.4601
      vertex 179.0000 -1.5310 32.0984
      vertex 165.0000 -1.5310 32.0984
    endloop
  endfacet
  facet normal 0.000000e+00 8.191520e-01 5.735764e-01
    outer loop
      vertex 165.0000 4.5310 33.9016
      vertex 165.0000 3.3839 35.5399
      vertex 179.0000 3.3839 35.5399
    endloop
  endfacet
  facet normal -0.000000e+00 8.191520e-01 5.735764e-01
    outer loop
      vertex 165.0000 4.5310 33.9016
      vertex 179.0000 3.3839 35.5399
      vertex 179.0000 4.5310 33.9016
    endloop
  endfacet
  facet normal 1.000000e+00 0.000000e+00 0.000000e+00
    outer loop
      vertex 179.0000 -0.3839 30.4601
      vertex 179.0000 4.5310 33.9016
      vertex 179.0000 3.3839 35.5399
    endloop
  endfacet
  facet normal 1.000000e+00 0.000000e+00 -0.000000e+00
    outer loop
      vertex 179.0000 -0.3839 30.4601
      vertex 179.0000 3.3839 35.5399
      vertex 179.0000 -1.5310 32.0984
    endloop
  endfacet
  facet normal -1.000000e+00 0.000000e+00 0.000000e+00
    outer loop
      vertex 165.0000 -0.3839 30.4601
      vertex 165.0000 -1.5310 32.0984
      vertex 165.0000 3.3839 35.5399
    endloop
  endfacet
  facet normal -1.000000e+00 0.000000e+00 0.000000e+00
    outer loop
      vertex 165.0000 -0.3839 30.4601
      vertex 165.0000 3.3839 35.5399
      vertex 165.0000 4.5310 33.9016
    endloop
  endfacet
endsolid louver_15
solid louver_16
  facet normal 0.000000e+00 5.735764e-01 -8.191520e-01
    outer loop
      vertex 18.0000 -0.3839 38.4601
      vertex 18.0000 4.5310 41.9016
      vertex 32.0000 4.5310 41.9016
    endloop
  endfacet
  facet normal 0.000000e+00 5.735764e-01 -8.191520e-01
    outer loop
      vertex 18.0000 -0.3839 38.4601
      vertex 32.0000 4.5310 41.9016
      vertex 32.0000 -0.3839 38.4601
    endloop
  endfacet
  facet normal 0.000000e+00 -5.735764e-01 8.191520e-01
    outer loop
      vertex 18.0000 -1.5310 40.0984
      vertex 32.0000 -1.5310 40.0984
      vertex 32.0000 3.3839 43.5399
    endloop
  endfacet
  facet normal 0.000000e+00 -5.735764e-01 8.191520e-01
    outer loop
      vertex 18.0000 -1.5310 40.0984
      vertex 32.0000 3.3839 43.5399
      vertex 18.0000 3.3839 43.5399
    endloop
  endfacet
  facet normal 0.000000e+00 -8.191520e-01 -5.735764e-01
    outer loop
      vertex 18.0000 -0.3839 38.4601
      vertex 32.0000 -0.3839 38.4601
      vertex 32.0000 -1.5310 40.0984
    endloop
  endfacet
  facet normal 0.000000e+00 -8.191520e-01 -5.735764e-01
    outer loop
      vertex 18.0000 -0.3839 38.4601
      vertex 32.0000 -1.5310 40.0984
      vertex 18.0000 -1.5310 40.0984
    endloop
  endfacet
  facet normal 0.000000e+00 8.191520e-01 5.735764e-01
    outer loop
      vertex 18.0000 4.5310 41.9016
      vertex 18.0000 3.3839 43.5399
      vertex 32.0000 3.3839 43.5399
    endloop
  endfacet
  facet normal -0.000000e+00 8.191520e-01 5.735764e-01
    outer loop
      vertex 18.0000 4.5310 41.9016
      vertex 32.0000 3.3839 43.5399
      vertex 32.0000 4.5310 41.9016
    endloop
  endfacet
  facet normal 1.000000e+00 0.000000e+00 0.000000e+00
    outer loop
      vertex 32.0000 -0.3839 38.4601
      vertex 32.0000 4.5310 41.9016
      vertex 32.0000 3.3839 43.5399
    endloop
  endfacet
  facet normal 1.000000e+00 0.000000e+00 -0.000000e+00
    outer loop
      vertex 32.0000 -0.3839 38.4601
      vertex 32.0000 3.3839 43.5399
      vertex 32.0000 -1.5310 40.0984
    endloop
  endfacet
  facet normal -1.000000e+00 0.000000e+00 0.000000e+00
    outer loop
      vertex 18.0000 -0.3839 38.4601
      vertex 18.0000 -1.5310 40.0984
      vertex 18.0000 3.3839 43.5399
    endloop
  endfacet
  facet normal -1.000000e+00 0.000000e+00 0.000000e+00
    outer loop
      vertex 18.0000 -0.3839 38.4601
      vertex 18.0000 3.3839 43.5399
      vertex 18.0000 4.5310 41.9016
    endloop
  endfacet
endsolid louver_16
solid louver_17
  facet normal 0.000000e+00 5.735764e-01 -8.191520e-01
    outer loop
      vertex 39.0000 -0.3839 38.4601
      vertex 39.0000 4.5310 41.9016
      vertex 53.0000 4.5310 41.9016
    endloop
  endfacet
  facet normal 0.000000e+00 5.735764e-01 -8.191520e-01
    outer loop
      vertex 39.0000 -0.3839 38.4601
      vertex 53.0000 4.5310 41.9016
      vertex 53.0000 -0.3839 38.4601
    endloop
  endfacet
  facet normal 0.000000e+00 -5.735764e-01 8.191520e-01
    outer loop
      vertex 39.0000 -1.5310 40.0984
      vertex 53.0000 -1.5310 40.0984
      vertex 53.0000 3.3839 43.5399
    endloop
  endfacet
  facet normal 0.000000e+00 -5.735764e-01 8.191520e-01
    outer loop
      vertex 39.0000 -1.5310 40.0984
      vertex 53.0000 3.3839 43.5399
      vertex 39.0000 3.3839 43.5399
    endloop
  endfacet
  facet normal 0.000000e+00 -8.191520e-01 -5.735764e-01
    outer loop
      vertex 39.0000 -0.3839 38.4601
      vertex 53.0000 -0.3839 38.4601
      vertex 53.0000 -1.5310 40.0984
    endloop
  endfacet
  facet normal 0.000000e+00 -8.191520e-01 -5.735764e-01
    outer loop
      vertex 39.0000 -0.3839 38.4601
      vertex 53.0000 -1.5310 40.0984
      vertex 39.0000 -1.5310 40.0984
    endloop
  endfacet
  facet normal 0.000000e+00 8.191520e-01 5.735764e-01
    outer loop
      vertex 39.0000 4.5310 41.9016
      vertex 39.0000 3.3839 43.5399
      vertex 53.0000 3.3839 43.5399
    endloop
  endfacet
  facet normal -0.000000e+00 8.191520e-01 5.735764e-01
    outer loop
      vertex 39.0000 4.5310 41.9016
      vertex 53.0000 3.3839 43.5399
      vertex 53.0000 4.5310 41.9016
    endloop
  endfacet
  facet normal 1.000000e+00 0.000000e+00 0.000000e+00
    outer loop
      vertex 53.0000 -0.3839 38.4601
      vertex 53.0000 4.5310 41.9016
      vertex 53.0000 3.3839 43.5399
    endloop
  endfacet
  facet normal 1.000000e+00 0.000000e+00 -0.000000e+00
    outer loop
      vertex 53.0000 -0.3839 38.4601
      vertex 53.0000 3.3839 43.5399
      vertex 53.0000 -1.5310 40.0984
    endloop
  endfacet
  facet normal -1.000000e+00 0.000000e+00 0.000000e+00
    outer loop
      vertex 39.0000 -0.3839 38.4601
      vertex 39.0000 -1.5310 40.0984
      vertex 39.0000 3.3839 43.5399
    endloop
  endfacet
  facet normal -1.000000e+00 0.000000e+00 0.000000e+00
    outer loop
      vertex 39.0000 -0.3839 38.4601
      vertex 39.0000 3.3839 43.5399
      vertex 39.0000 4.5310 41.9016
    endloop
  endfacet
endsolid louver_17
solid louver_18
  facet normal 0.000000e+00 5.735764e-01 -8.191520e-01
    outer loop
      vertex 60.0000 -0.3839 38.4601
      vertex 60.0000 4.5310 41.9016
      vertex 74.0000 4.5310 41.9016
    endloop
  endfacet
  facet normal 0.000000e+00 5.735764e-01 -8.191520e-01
    outer loop
      vertex 60.0000 -0.3839 38.4601
      vertex 74.0000 4.5310 41.9016
      vertex 74.0000 -0.3839 38.4601
    endloop
  endfacet
  facet normal 0.000000e+00 -5.735764e-01 8.191520e-01
    outer loop
      vertex 60.0000 -1.5310 40.0984
      vertex 74.0000 -1.5310 40.0984
      vertex 74.0000 3.3839 43.5399
    endloop
  endfacet
  facet normal 0.000000e+00 -5.735764e-01 8.191520e-01
    outer loop
      vertex 60.0000 -1.5310 40.0984
      vertex 74.0000 3.3839 43.5399
      vertex 60.0000 3.3839 43.5399
    endloop
  endfacet
  facet normal 0.000000e+00 -8.191520e-01 -5.735764e-01
    outer loop
      vertex 60.0000 -0.3839 38.4601
      vertex 74.0000 -0.3839 38.4601
      vertex 74.0000 -1.5310 40.0984
    endloop
  endfacet
  facet normal 0.000000e+00 -8.191520e-01 -5.735764e-01
    outer loop
      vertex 60.0000 -0.3839 38.4601
      vertex 74.0000 -1.5310 40.0984
      vertex 60.0000 -1.5310 40.0984
    endloop
  endfacet
  facet normal 0.000000e+00 8.191520e-01 5.735764e-01
    outer loop
      vertex 60.0000 4.5310 41.9016
      vertex 60.0000 3.3839 43.5399
      vertex 74.0000 3.3839 43.5399
    endloop
  endfacet
  facet normal -0.000000e+00 8.191520e-01 5.735764e-01
    outer loop
      vertex 60.0000 4.5310 41.9016
      vertex 74.0000 3.3839 43.5399
      vertex 74.0000 4.5310 41.9016
    endloop
  endfacet
  facet normal 1.000000e+00 0.000000e+00 0.000000e+00
    outer loop
      vertex 74.0000 -0.3839 38.4601
      vertex 74.0000 4.5310 41.9016
      vertex 74.0000 3.3839 43.5399
    endloop
  endfacet
  facet normal 1.000000e+00 0.000000e+00 -0.000000e+00
    outer loop
      vertex 74.0000 -0.3839 38.4601
      vertex 74.0000 3.3839 43.5399
      vertex 74.0000 -1.5310 40.0984
    endloop
  endfacet
  facet normal -1.000000e+00 0.000000e+00 0.000000e+00
    outer loop
      vertex 60.0000 -0.3839 38.4601
      vertex 60.0000 -1.5310 40.0984
      vertex 60.0000 3.3839 43.5399
    endloop
  endfacet
  facet normal -1.000000e+00 0.000000e+00 0.000000e+00
    outer loop
      vertex 60.0000 -0.3839 38.4601
      vertex 60.0000 3.3839 43.5399
      vertex 60.0000 4.5310 41.9016
    endloop
  endfacet
endsolid louver_18
solid louver_19
  facet normal 0.000000e+00 5.735764e-01 -8.191520e-01
    outer loop
      vertex 81.0000 -0.3839 38.4601
      vertex 81.0000 4.5310 41.9016
      vertex 95.0000 4.5310 41.9016
    endloop
  endfacet
  facet normal 0.000000e+00 5.735764e-01 -8.191520e-01
    outer loop
      vertex 81.0000 -0.3839 38.4601
      vertex 95.0000 4.5310 41.9016
      vertex 95.0000 -0.3839 38.4601
    endloop
  endfacet
  facet normal 0.000000e+00 -5.735764e-01 8.191520e-01
    outer loop
      vertex 81.0000 -1.5310 40.0984
      vertex 95.0000 -1.5310 40.0984
      vertex 95.0000 3.3839 43.5399
    endloop
  endfacet
  facet normal 0.000000e+00 -5.735764e-01 8.191520e-01
    outer loop
      vertex 81.0000 -1.5310 40.0984
      vertex 95.0000 3.3839 43.5399
      vertex 81.0000 3.3839 43.5399
    endloop
  endfacet
  facet normal 0.000000e+00 -8.191520e-01 -5.735764e-01
    outer loop
      vertex 81.0000 -0.3839 38.4601
      vertex 95.0000 -0.3839 38.4601
      vertex 95.0000 -1.5310 40.0984
    endloop
  endfacet
  facet normal 0.000000e+00 -8.191520e-01 -5.735764e-01
    outer loop
      vertex 81.0000 -0.3839 38.4601
      vertex 95.0000 -1.5310 40.0984
      vertex 81.0000 -1.5310 40.0984
    endloop
  endfacet
  facet normal 0.000000e+00 8.191520e-01 5.735764e-01
    outer loop
      vertex 81.0000 4.5310 41.9016
      vertex 81.0000 3.3839 43.5399
      vertex 95.0000 3.3839 43.5399
    endloop
  endfacet
  facet normal -0.000000e+00 8.191520e-01 5.735764e-01
    outer loop
      vertex 81.0000 4.5310 41.9016
      vertex 95.0000 3.3839 43.5399
      vertex 95.0000 4.5310 41.9016
    endloop
  endfacet
  facet normal 1.000000e+00 0.000000e+00 0.000000e+00
    outer loop
      vertex 95.0000 -0.3839 38.4601
      vertex 95.0000 4.5310 41.9016
      vertex 95.0000 3.3839 43.5399
    endloop
  endfacet
  facet normal 1.000000e+00 0.000000e+00 -0.000000e+00
    outer loop
      vertex 95.0000 -0.3839 38.4601
      vertex 95.0000 3.3839 43.5399
      vertex 95.0000 -1.5310 40.0984
    endloop
  endfacet
  facet normal -1.000000e+00 0.000000e+00 0.000000e+00
    outer loop
      vertex 81.0000 -0.3839 38.4601
      vertex 81.0000 -1.5310 40.0984
      vertex 81.0000 3.3839 43.5399
    endloop
  endfacet
  facet normal -1.000000e+00 0.000000e+00 0.000000e+00
    outer loop
      vertex 81.0000 -0.3839 38.4601
      vertex 81.0000 3.3839 43.5399
      vertex 81.0000 4.5310 41.9016
    endloop
  endfacet
endsolid louver_19
solid louver_20
  facet normal 0.000000e+00 5.735764e-01 -8.191520e-01
    outer loop
      vertex 102.0000 -0.3839 38.4601
      vertex 102.0000 4.5310 41.9016
      vertex 116.0000 4.5310 41.9016
    endloop
  endfacet
  facet normal 0.000000e+00 5.735764e-01 -8.191520e-01
    outer loop
      vertex 102.0000 -0.3839 38.4601
      vertex 116.0000 4.5310 41.9016
      vertex 116.0000 -0.3839 38.4601
    endloop
  endfacet
  facet normal 0.000000e+00 -5.735764e-01 8.191520e-01
    outer loop
      vertex 102.0000 -1.5310 40.0984
      vertex 116.0000 -1.5310 40.0984
      vertex 116.0000 3.3839 43.5399
    endloop
  endfacet
  facet normal 0.000000e+00 -5.735764e-01 8.191520e-01
    outer loop
      vertex 102.0000 -1.5310 40.0984
      vertex 116.0000 3.3839 43.5399
      vertex 102.0000 3.3839 43.5399
    endloop
  endfacet
  facet normal 0.000000e+00 -8.191520e-01 -5.735764e-01
    outer loop
      vertex 102.0000 -0.3839 38.4601
      vertex 116.0000 -0.3839 38.4601
      vertex 116.0000 -1.5310 40.0984
    endloop
  endfacet
  facet normal 0.000000e+00 -8.191520e-01 -5.735764e-01
    outer loop
      vertex 102.0000 -0.3839 38.4601
      vertex 116.0000 -1.5310 40.0984
      vertex 102.0000 -1.5310 40.0984
    endloop
  endfacet
  facet normal 0.000000e+00 8.191520e-01 5.735764e-01
    outer loop
      vertex 102.0000 4.5310 41.9016
      vertex 102.0000 3.3839 43.5399
      vertex 116.0000 3.3839 43.5399
    endloop
  endfacet
  facet normal -0.000000e+00 8.191520e-01 5.735764e-01
    outer loop
      vertex 102.0000 4.5310 41.9016
      vertex 116.0000 3.3839 43.5399
      vertex 116.0000 4.5310 41.9016
    endloop
  endfacet
  facet normal 1.000000e+00 0.000000e+00 0.000000e+00
    outer loop
      vertex 116.0000 -0.3839 38.4601
      vertex 116.0000 4.5310 41.9016
      vertex 116.0000 3.3839 43.5399
    endloop
  endfacet
  facet normal 1.000000e+00 0.000000e+00 -0.000000e+00
    outer loop
      vertex 116.0000 -0.3839 38.4601
      vertex 116.0000 3.3839 43.5399
      vertex 116.0000 -1.5310 40.0984
    endloop
  endfacet
  facet normal -1.000000e+00 0.000000e+00 0.000000e+00
    outer loop
      vertex 102.0000 -0.3839 38.4601
      vertex 102.0000 -1.5310 40.0984
      vertex 102.0000 3.3839 43.5399
    endloop
  endfacet
  facet normal -1.000000e+00 0.000000e+00 0.000000e+00
    outer loop
      vertex 102.0000 -0.3839 38.4601
      vertex 102.0000 3.3839 43.5399
      vertex 102.0000 4.5310 41.9016
    endloop
  endfacet
endsolid louver_20
solid louver_21
  facet normal 0.000000e+00 5.735764e-01 -8.191520e-01
    outer loop
      vertex 123.0000 -0.3839 38.4601
      vertex 123.0000 4.5310 41.9016
      vertex 137.0000 4.5310 41.9016
    endloop
  endfacet
  facet normal 0.000000e+00 5.735764e-01 -8.191520e-01
    outer loop
      vertex 123.0000 -0.3839 38.4601
      vertex 137.0000 4.5310 41.9016
      vertex 137.0000 -0.3839 38.4601
    endloop
  endfacet
  facet normal 0.000000e+00 -5.735764e-01 8.191520e-01
    outer loop
      vertex 123.0000 -1.5310 40.0984
      vertex 137.0000 -1.5310 40.0984
      vertex 137.0000 3.3839 43.5399
    endloop
  endfacet
  facet normal 0.000000e+00 -5.735764e-01 8.191520e-01
    outer loop
      vertex 123.0000 -1.5310 40.0984
      vertex 137.0000 3.3839 43.5399
      vertex 123.0000 3.3839 43.5399
    endloop
  endfacet
  facet normal 0.000000e+00 -8.191520e-01 -5.735764e-01
    outer loop
      vertex 123.0000 -0.3839 38.4601
      vertex 137.0000 -0.3839 38.4601
      vertex 137.0000 -1.5310 40.0984
    endloop
  endfacet
  facet normal 0.000000e+00 -8.191520e-01 -5.735764e-01
    outer loop
      vertex 123.0000 -0.3839 38.4601
      vertex 137.0000 -1.5310 40.0984
      vertex 123.0000 -1.5310 40.0984
    endloop
  endfacet
  facet normal 0.000000e+00 8.191520e-01 5.735764e-01
    outer loop
      vertex 123.0000 4.5310 41.9016
      vertex 123.0000 3.3839 43.5399
      vertex 137.0000 3.3839 43.5399
    endloop
  endfacet
  facet normal -0.000000e+00 8.191520e-01 5.735764e-01
    outer loop
      vertex 123.0000 4.5310 41.9016
      vertex 137.0000 3.3839 43.5399
      vertex 137.0000 4.5310 41.9016
    endloop
  endfacet
  facet normal 1.000000e+00 0.000000e+00 0.000000e+00
    outer loop
      vertex 137.0000 -0.3839 38.4601
      vertex 137.0000 4.5310 41.9016
      vertex 137.0000 3.3839 43.5399
    endloop
  endfacet
  facet normal 1.000000e+00 0.000000e+00 -0.000000e+00
    outer loop
      vertex 137.0000 -0.3839 38.4601
      vertex 137.0000 3.3839 43.5399
      vertex 137.0000 -1.5310 40.0984
    endloop
  endfacet
  facet normal -1.000000e+00 0.000000e+00 0.000000e+00
    outer loop
      vertex 123.0000 -0.3839 38.4601
      vertex 123.0000 -1.5310 40.0984
      vertex 123.0000 3.3839 43.5399
    endloop
  endfacet
  facet normal -1.000000e+00 0.000000e+00 0.000000e+00
    outer loop
      vertex 123.0000 -0.3839 38.4601
      vertex 123.0000 3.3839 43.5399
      vertex 123.0000 4.5310 41.9016
    endloop
  endfacet
endsolid louver_21
solid louver_22
  facet normal 0.000000e+00 5.735764e-01 -8.191520e-01
    outer loop
      vertex 144.0000 -0.3839 38.4601
      vertex 144.0000 4.5310 41.9016
      vertex 158.0000 4.5310 41.9016
    endloop
  endfacet
  facet normal 0.000000e+00 5.735764e-01 -8.191520e-01
    outer loop
      vertex 144.0000 -0.3839 38.4601
      vertex 158.0000 4.5310 41.9016
      vertex 158.0000 -0.3839 38.4601
    endloop
  endfacet
  facet normal 0.000000e+00 -5.735764e-01 8.191520e-01
    outer loop
      vertex 144.0000 -1.5310 40.0984
      vertex 158.0000 -1.5310 40.0984
      vertex 158.0000 3.3839 43.5399
    endloop
  endfacet
  facet normal 0.000000e+00 -5.735764e-01 8.191520e-01
    outer loop
      vertex 144.0000 -1.5310 40.0984
      vertex 158.0000 3.3839 43.5399
      vertex 144.0000 3.3839 43.5399
    endloop
  endfacet
  facet normal 0.000000e+00 -8.191520e-01 -5.735764e-01
    outer loop
      vertex 144.0000 -0.3839 38.4601
      vertex 158.0000 -0.3839 38.4601
      vertex 158.0000 -1.5310 40.0984
    endloop
  endfacet
  facet normal 0.000000e+00 -8.191520e-01 -5.735764e-01
    outer loop
      vertex 144.0000 -0.3839 38.4601
      vertex 158.0000 -1.5310 40.0984
      vertex 144.0000 -1.5310 40.0984
    endloop
  endfacet
  facet normal 0.000000e+00 8.191520e-01 5.735764e-01
    outer loop
      vertex 144.0000 4.5310 41.9016
      vertex 144.0000 3.3839 43.5399
      vertex 158.0000 3.3839 43.5399
    endloop
  endfacet
  facet normal -0.000000e+00 8.191520e-01 5.735764e-01
    outer loop
      vertex 144.0000 4.5310 41.9016
      vertex 158.0000 3.3839 43.5399
      vertex 158.0000 4.5310 41.9016
    endloop
  endfacet
  facet normal 1.000000e+00 0.000000e+00 0.000000e+00
    outer loop
      vertex 158.0000 -0.3839 38.4601
      vertex 158.0000 4.5310 41.9016
      vertex 158.0000 3.3839 43.5399
    endloop
  endfacet
  facet normal 1.000000e+00 0.000000e+00 -0.000000e+00
    outer loop
      vertex 158.0000 -0.3839 38.4601
      vertex 158.0000 3.3839 43.5399
      vertex 158.0000 -1.5310 40.0984
    endloop
  endfacet
  facet normal -1.000000e+00 0.000000e+00 0.000000e+00
    outer loop
      vertex 144.0000 -0.3839 38.4601
      vertex 144.0000 -1.5310 40.0984
      vertex 144.0000 3.3839 43.5399
    endloop
  endfacet
  facet normal -1.000000e+00 0.000000e+00 0.000000e+00
    outer loop
      vertex 144.0000 -0.3839 38.4601
      vertex 144.0000 3.3839 43.5399
      vertex 144.0000 4.5310 41.9016
    endloop
  endfacet
endsolid louver_22
solid louver_23
  facet normal 0.000000e+00 5.735764e-01 -8.191520e-01
    outer loop
      vertex 165.0000 -0.3839 38.4601
      vertex 165.0000 4.5310 41.9016
      vertex 179.0000 4.5310 41.9016
    endloop
  endfacet
  facet normal 0.000000e+00 5.735764e-01 -8.191520e-01
    outer loop
      vertex 165.0000 -0.3839 38.4601
      vertex 179.0000 4.5310 41.9016
      vertex 179.0000 -0.3839 38.4601
    endloop
  endfacet
  facet normal 0.000000e+00 -5.735764e-01 8.191520e-01
    outer loop
      vertex 165.0000 -1.5310 40.0984
      vertex 179.0000 -1.5310 40.0984
      vertex 179.0000 3.3839 43.5399
    endloop
  endfacet
  facet normal 0.000000e+00 -5.735764e-01 8.191520e-01
    outer loop
      vertex 165.0000 -1.5310 40.0984
      vertex 179.0000 3.3839 43.5399
      vertex 165.0000 3.3839 43.5399
    endloop
  endfacet
  facet normal 0.000000e+00 -8.191520e-01 -5.735764e-01
    outer loop
      vertex 165.0000 -0.3839 38.4601
      vertex 179.0000 -0.3839 38.4601
      vertex 179.0000 -1.5310 40.0984
    endloop
  endfacet
  facet normal 0.000000e+00 -8.191520e-01 -5.735764e-01
    outer loop
      vertex 165.0000 -0.3839 38.4601
      vertex 179.0000 -1.5310 40.0984
      vertex 165.0000 -1.5310 40.0984
    endloop
  endfacet
  facet normal 0.000000e+00 8.191520e-01 5.735764e-01
    outer loop
      vertex 165.0000 4.5310 41.9016
      vertex 165.0000 3.3839 43.5399
      vertex 179.0000 3.3839 43.5399
    endloop
  endfacet
  facet normal -0.000000e+00 8.191520e-01 5.735764e-01
    outer loop
      vertex 165.0000 4.5310 41.9016
      vertex 179.0000 3.3839 43.5399
      vertex 179.0000 4.5310 41.9016
    endloop
  endfacet
  facet normal 1.000000e+00 0.000000e+00 0.000000e+00
    outer loop
      vertex 179.0000 -0.3839 38.4601
      vertex 179.0000 4.5310 41.9016
      vertex 179.0000 3.3839 43.5399
    endloop
  endfacet
  facet normal 1.000000e+00 0.000000e+00 -0.000000e+00
    outer loop
      vertex 179.0000 -0.3839 38.4601
      vertex 179.0000 3.3839 43.5399
      vertex 179.0000 -1.5310 40.0984
    endloop
  endfacet
  facet normal -1.000000e+00 0.000000e+00 0.000000e+00
    outer loop
      vertex 165.0000 -0.3839 38.4601
      vertex 165.0000 -1.5310 40.0984
      vertex 165.0000 3.3839 43.5399
    endloop
  endfacet
  facet normal -1.000000e+00 0.000000e+00 0.000000e+00
    outer loop
      vertex 165.0000 -0.3839 38.4601
      vertex 165.0000 3.3839 43.5399
      vertex 165.0000 4.5310 41.9016
    endloop
  endfacet
endsolid louver_23
solid louver_24
  facet normal 0.000000e+00 5.735764e-01 -8.191520e-01
    outer loop
      vertex 18.0000 -0.3839 46.4601
      vertex 18.0000 4.5310 49.9016
      vertex 32.0000 4.5310 49.9016
    endloop
  endfacet
  facet normal 0.000000e+00 5.735764e-01 -8.191520e-01
    outer loop
      vertex 18.0000 -0.3839 46.4601
      vertex 32.0000 4.5310 49.9016
      vertex 32.0000 -0.3839 46.4601
    endloop
  endfacet
  facet normal 0.000000e+00 -5.735764e-01 8.191520e-01
    outer loop
      vertex 18.0000 -1.5310 48.0984
      vertex 32.0000 -1.5310 48.0984
      vertex 32.0000 3.3839 51.5399
    endloop
  endfacet
  facet normal 0.000000e+00 -5.735764e-01 8.191520e-01
    outer loop
      vertex 18.0000 -1.5310 48.0984
      vertex 32.0000 3.3839 51.5399
      vertex 18.0000 3.3839 51.5399
    endloop
  endfacet
  facet normal 0.000000e+00 -8.191520e-01 -5.735764e-01
    outer loop
      vertex 18.0000 -0.3839 46.4601
      vertex 32.0000 -0.3839 46.4601
      vertex 32.0000 -1.5310 48.0984
    endloop
  endfacet
  facet normal 0.000000e+00 -8.191520e-01 -5.735764e-01
    outer loop
      vertex 18.0000 -0.3839 46.4601
      vertex 32.0000 -1.5310 48.0984
      vertex 18.0000 -1.5310 48.0984
    endloop
  endfacet
  facet normal 0.000000e+00 8.191520e-01 5.735764e-01
    outer loop
      vertex 18.0000 4.5310 49.9016
      vertex 18.0000 3.3839 51.5399
      vertex 32.0000 3.3839 51.5399
    endloop
  endfacet
  facet normal -0.000000e+00 8.191520e-01 5.735764e-01
    outer loop
      vertex 18.0000 4.5310 49.9016
      vertex 32.0000 3.3839 51.5399
      vertex 32.0000 4.5310 49.9016
    endloop
  endfacet
  facet normal 1.000000e+00 0.000000e+00 0.000000e+00
    outer loop
      vertex 32.0000 -0.3839 46.4601
      vertex 32.0000 4.5310 49.9016
      vertex 32.0000 3.3839 51.5399
    endloop
  endfacet
  facet normal 1.000000e+00 0.000000e+00 -0.000000e+00
    outer loop
      vertex 32.0000 -0.3839 46.4601
      vertex 32.0000 3.3839 51.5399
      vertex 32.0000 -1.5310 48.0984
    endloop
  endfacet
  facet normal -1.000000e+00 0.000000e+00 0.000000e+00
    outer loop
      vertex 18.0000 -0.3839 46.4601
      vertex 18.0000 -1.5310 48.0984
      vertex 18.0000 3.3839 51.5399
    endloop
  endfacet
  facet normal -1.000000e+00 0.000000e+00 0.000000e+00
    outer loop
      vertex 18.0000 -0.3839 46.4601
      vertex 18.0000 3.3839 51.5399
      vertex 18.0000 4.5310 49.9016
    endloop
  endfacet
endsolid louver_24
solid louver_25
  facet normal 0.000000e+00 5.735764e-01 -8.191520e-01
    outer loop
      vertex 39.0000 -0.3839 46.4601
      vertex 39.0000 4.5310 49.9016
      vertex 53.0000 4.5310 49.9016
    endloop
  endfacet
  facet normal 0.000000e+00 5.735764e-01 -8.191520e-01
    outer loop
      vertex 39.0000 -0.3839 46.4601
      vertex 53.0000 4.5310 49.9016
      vertex 53.0000 -0.3839 46.4601
    endloop
  endfacet
  facet normal 0.000000e+00 -5.735764e-01 8.191520e-01
    outer loop
      vertex 39.0000 -1.5310 48.0984
      vertex 53.0000 -1.5310 48.0984
      vertex 53.0000 3.3839 51.5399
    endloop
  endfacet
  facet normal 0.000000e+00 -5.735764e-01 8.191520e-01
    outer loop
      vertex 39.0000 -1.5310 48.0984
      vertex 53.0000 3.3839 51.5399
      vertex 39.0000 3.3839 51.5399
    endloop
  endfacet
  facet normal 0.000000e+00 -8.191520e-01 -5.735764e-01
    outer loop
      vertex 39.0000 -0.3839 46.4601
      vertex 53.0000 -0.3839 46.4601
      vertex 53.0000 -1.5310 48.0984
    endloop
  endfacet
  facet normal 0.000000e+00 -8.191520e-01 -5.735764e-01
    outer loop
      vertex 39.0000 -0.3839 46.4601
      vertex 53.0000 -1.5310 48.0984
      vertex 39.0000 -1.5310 48.0984
    endloop
  endfacet
  facet normal 0.000000e+00 8.191520e-01 5.735764e-01
    outer loop
      vertex 39.0000 4.5310 49.9016
      vertex 39.0000 3.3839 51.5399
      vertex 53.0000 3.3839 51.5399
    endloop
  endfacet
  facet normal -0.000000e+00 8.191520e-01 5.735764e-01
    outer loop
      vertex 39.0000 4.5310 49.9016
      vertex 53.0000 3.3839 51.5399
      vertex 53.0000 4.5310 49.9016
    endloop
  endfacet
  facet normal 1.000000e+00 0.000000e+00 0.000000e+00
    outer loop
      vertex 53.0000 -0.3839 46.4601
      vertex 53.0000 4.5310 49.9016
      vertex 53.0000 3.3839 51.5399
    endloop
  endfacet
  facet normal 1.000000e+00 0.000000e+00 -0.000000e+00
    outer loop
      vertex 53.0000 -0.3839 46.4601
      vertex 53.0000 3.3839 51.5399
      vertex 53.0000 -1.5310 48.0984
    endloop
  endfacet
  facet normal -1.000000e+00 0.000000e+00 0.000000e+00
    outer loop
      vertex 39.0000 -0.3839 46.4601
      vertex 39.0000 -1.5310 48.0984
      vertex 39.0000 3.3839 51.5399
    endloop
  endfacet
  facet normal -1.000000e+00 0.000000e+00 0.000000e+00
    outer loop
      vertex 39.0000 -0.3839 46.4601
      vertex 39.0000 3.3839 51.5399
      vertex 39.0000 4.5310 49.9016
    endloop
  endfacet
endsolid louver_25
solid louver_26
  facet normal 0.000000e+00 5.735764e-01 -8.191520e-01
    outer loop
      vertex 60.0000 -0.3839 46.4601
      vertex 60.0000 4.5310 49.9016
      vertex 74.0000 4.5310 49.9016
    endloop
  endfacet
  facet normal 0.000000e+00 5.735764e-01 -8.191520e-01
    outer loop
      vertex 60.0000 -0.3839 46.4601
      vertex 74.0000 4.5310 49.9016
      vertex 74.0000 -0.3839 46.4601
    endloop
  endfacet
  facet normal 0.000000e+00 -5.735764e-01 8.191520e-01
    outer loop
      vertex 60.0000 -1.5310 48.0984
      vertex 74.0000 -1.5310 48.0984
      vertex 74.0000 3.3839 51.5399
    endloop
  endfacet
  facet normal 0.000000e+00 -5.735764e-01 8.191520e-01
    outer loop
      vertex 60.0000 -1.5310 48.0984
      vertex 74.0000 3.3839 51.5399
      vertex 60.0000 3.3839 51.5399
    endloop
  endfacet
  facet normal 0.000000e+00 -8.191520e-01 -5.735764e-01
    outer loop
      vertex 60.0000 -0.3839 46.4601
      vertex 74.0000 -0.3839 46.4601
      vertex 74.0000 -1.5310 48.0984
    endloop
  endfacet
  facet normal 0.000000e+00 -8.191520e-01 -5.735764e-01
    outer loop
      vertex 60.0000 -0.3839 46.4601
      vertex 74.0000 -1.5310 48.0984
      vertex 60.0000 -1.5310 48.0984
    endloop
  endfacet
  facet normal 0.000000e+00 8.191520e-01 5.735764e-01
    outer loop
      vertex 60.0000 4.5310 49.9016
      vertex 60.0000 3.3839 51.5399
      vertex 74.0000 3.3839 51.5399
    endloop
  endfacet
  facet normal -0.000000e+00 8.191520e-01 5.735764e-01
    outer loop
      vertex 60.0000 4.5310 49.9016
      vertex 74.0000 3.3839 51.5399
      vertex 74.0000 4.5310 49.9016
    endloop
  endfacet
  facet normal 1.000000e+00 0.000000e+00 0.000000e+00
    outer loop
      vertex 74.0000 -0.3839 46.4601
      vertex 74.0000 4.5310 49.9016
      vertex 74.0000 3.3839 51.5399
    endloop
  endfacet
  facet normal 1.000000e+00 0.000000e+00 -0.000000e+00
    outer loop
      vertex 74.0000 -0.3839 46.4601
      vertex 74.0000 3.3839 51.5399
      vertex 74.0000 -1.5310 48.0984
    endloop
  endfacet
  facet normal -1.000000e+00 0.000000e+00 0.000000e+00
    outer loop
      vertex 60.0000 -0.3839 46.4601
      vertex 60.0000 -1.5310 48.0984
      vertex 60.0000 3.3839 51.5399
    endloop
  endfacet
  facet normal -1.000000e+00 0.000000e+00 0.000000e+00
    outer loop
      vertex 60.0000 -0.3839 46.4601
      vertex 60.0000 3.3839 51.5399
      vertex 60.0000 4.5310 49.9016
    endloop
  endfacet
endsolid louver_26
solid louver_27
  facet normal 0.000000e+00 5.735764e-01 -8.191520e-01
    outer loop
      vertex 81.0000 -0.3839 46.4601
      vertex 81.0000 4.5310 49.9016
      vertex 95.0000 4.5310 49.9016
    endloop
  endfacet
  facet normal 0.000000e+00 5.735764e-01 -8.191520e-01
    outer loop
      vertex 81.0000 -0.3839 46.4601
      vertex 95.0000 4.5310 49.9016
      vertex 95.0000 -0.3839 46.4601
    endloop
  endfacet
  facet normal 0.000000e+00 -5.735764e-01 8.191520e-01
    outer loop
      vertex 81.0000 -1.5310 48.0984
      vertex 95.0000 -1.5310 48.0984
      vertex 95.0000 3.3839 51.5399
    endloop
  endfacet
  facet normal 0.000000e+00 -5.735764e-01 8.191520e-01
    outer loop
      vertex 81.0000 -1.5310 48.0984
      vertex 95.0000 3.3839 51.5399
      vertex 81.0000 3.3839 51.5399
    endloop
  endfacet
  facet normal 0.000000e+00 -8.191520e-01 -5.735764e-01
    outer loop
      vertex 81.0000 -0.3839 46.4601
      vertex 95.0000 -0.3839 46.4601
      vertex 95.0000 -1.5310 48.0984
    endloop
  endfacet
  facet normal 0.000000e+00 -8.191520e-01 -5.735764e-01
    outer loop
      vertex 81.0000 -0.3839 46.4601
      vertex 95.0000 -1.5310 48.0984
      vertex 81.0000 -1.5310 48.0984
    endloop
  endfacet
  facet normal 0.000000e+00 8.191520e-01 5.735764e-01
    outer loop
      vertex 81.0000 4.5310 49.9016
      vertex 81.0000 3.3839 51.5399
      vertex 95.0000 3.3839 51.5399
    endloop
  endfacet
  facet normal -0.000000e+00 8.191520e-01 5.735764e-01
    outer loop
      vertex 81.0000 4.5310 49.9016
      vertex 95.0000 3.3839 51.5399
      vertex 95.0000 4.5310 49.9016
    endloop
  endfacet
  facet normal 1.000000e+00 0.000000e+00 0.000000e+00
    outer loop
      vertex 95.0000 -0.3839 46.4601
      vertex 95.0000 4.5310 49.9016
      vertex 95.0000 3.3839 51.5399
    endloop
  endfacet
  facet normal 1.000000e+00 0.000000e+00 -0.000000e+00
    outer loop
      vertex 95.0000 -0.3839 46.4601
      vertex 95.0000 3.3839 51.5399
      vertex 95.0000 -1.5310 48.0984
    endloop
  endfacet
  facet normal -1.000000e+00 0.000000e+00 0.000000e+00
    outer loop
      vertex 81.0000 -0.3839 46.4601
      vertex 81.0000 -1.5310 48.0984
      vertex 81.0000 3.3839 51.5399
    endloop
  endfacet
  facet normal -1.000000e+00 0.000000e+00 0.000000e+00
    outer loop
      vertex 81.0000 -0.3839 46.4601
      vertex 81.0000 3.3839 51.5399
      vertex 81.0000 4.5310 49.9016
    endloop
  endfacet
endsolid louver_27
solid louver_28
  facet normal 0.000000e+00 5.735764e-01 -8.191520e-01
    outer loop
      vertex 102.0000 -0.3839 46.4601
      vertex 102.0000 4.5310 49.9016
      vertex 116.0000 4.5310 49.9016
    endloop
  endfacet
  facet normal 0.000000e+00 5.735764e-01 -8.191520e-01
    outer loop
      vertex 102.0000 -0.3839 46.4601
      vertex 116.0000 4.5310 49.9016
      vertex 116.0000 -0.3839 46.4601
    endloop
  endfacet
  facet normal 0.000000e+00 -5.735764e-01 8.191520e-01
    outer loop
      vertex 102.0000 -1.5310 48.0984
      vertex 116.0000 -1.5310 48.0984
      vertex 116.0000 3.3839 51.5399
    endloop
  endfacet
  facet normal 0.000000e+00 -5.735764e-01 8.191520e-01
    outer loop
      vertex 102.0000 -1.5310 48.0984
      vertex 116.0000 3.3839 51.5399
      vertex 102.0000 3.3839 51.5399
    endloop
  endfacet
  facet normal 0.000000e+00 -8.191520e-01 -5.735764e-01
    outer loop
      vertex 102.0000 -0.3839 46.4601
      vertex 116.0000 -0.3839 46.4601
      vertex 116.0000 -1.5310 48.0984
    endloop
  endfacet
  facet normal 0.000000e+00 -8.191520e-01 -5.735764e-01
    outer loop
      vertex 102.0000 -0.3839 46.4601
      vertex 116.0000 -1.5310 48.0984
      vertex 102.0000 -1.5310 48.0984
    endloop
  endfacet
  facet normal 0.000000e+00 8.191520e-01 5.735764e-01
    outer loop
      vertex 102.0000 4.5310 49.9016
      vertex 102.0000 3.3839 51.5399
      vertex 116.0000 3.3839 51.5399
    endloop
  endfacet
  facet normal -0.000000e+00 8.191520e-01 5.735764e-01
    outer loop
      vertex 102.0000 4.5310 49.9016
      vertex 116.0000 3.3839 51.5399
      vertex 116.0000 4.5310 49.9016
    endloop
  endfacet
  facet normal 1.000000e+00 0.000000e+00 0.000000e+00
    outer loop
      vertex 116.0000 -0.3839 46.4601
      vertex 116.0000 4.5310 49.9016
      vertex 116.0000 3.3839 51.5399
    endloop
  endfacet
  facet normal 1.000000e+00 0.000000e+00 -0.000000e+00
    outer loop
      vertex 116.0000 -0.3839 46.4601
      vertex 116.0000 3.3839 51.5399
      vertex 116.0000 -1.5310 48.0984
    endloop
  endfacet
  facet normal -1.000000e+00 0.000000e+00 0.000000e+00
    outer loop
      vertex 102.0000 -0.3839 46.4601
      vertex 102.0000 -1.5310 48.0984
      vertex 102.0000 3.3839 51.5399
    endloop
  endfacet
  facet normal -1.000000e+00 0.000000e+00 0.000000e+00
    outer loop
      vertex 102.0000 -0.3839 46.4601
      vertex 102.0000 3.3839 51.5399
      vertex 102.0000 4.5310 49.9016
    endloop
  endfacet
endsolid louver_28
solid louver_29
  facet normal 0.000000e+00 5.735764e-01 -8.191520e-01
    outer loop
      vertex 123.0000 -0.3839 46.4601
      vertex 123.0000 4.5310 49.9016
      vertex 137.0000 4.5310 49.9016
    endloop
  endfacet
  facet normal 0.000000e+00 5.735764e-01 -8.191520e-01
    outer loop
      vertex 123.0000 -0.3839 46.4601
      vertex 137.0000 4.5310 49.9016
      vertex 137.0000 -0.3839 46.4601
    endloop
  endfacet
  facet normal 0.000000e+00 -5.735764e-01 8.191520e-01
    outer loop
      vertex 123.0000 -1.5310 48.0984
      vertex 137.0000 -1.5310 48.0984
      vertex 137.0000 3.3839 51.5399
    endloop
  endfacet
  facet normal 0.000000e+00 -5.735764e-01 8.191520e-01
    outer loop
      vertex 123.0000 -1.5310 48.0984
      vertex 137.0000 3.3839 51.5399
      vertex 123.0000 3.3839 51.5399
    endloop
  endfacet
  facet normal 0.000000e+00 -8.191520e-01 -5.735764e-01
    outer loop
      vertex 123.0000 -0.3839 46.4601
      vertex 137.0000 -0.3839 46.4601
      vertex 137.0000 -1.5310 48.0984
    endloop
  endfacet
  facet normal 0.000000e+00 -8.191520e-01 -5.735764e-01
    outer loop
      vertex 123.0000 -0.3839 46.4601
      vertex 137.0000 -1.5310 48.0984
      vertex 123.0000 -1.5310 48.0984
    endloop
  endfacet
  facet normal 0.000000e+00 8.191520e-01 5.735764e-01
    outer loop
      vertex 123.0000 4.5310 49.9016
      vertex 123.0000 3.3839 51.5399
      vertex 137.0000 3.3839 51.5399
    endloop
  endfacet
  facet normal -0.000000e+00 8.191520e-01 5.735764e-01
    outer loop
      vertex 123.0000 4.5310 49.9016
      vertex 137.0000 3.3839 51.5399
      vertex 137.0000 4.5310 49.9016
    endloop
  endfacet
  facet normal 1.000000e+00 0.000000e+00 0.000000e+00
    outer loop
      vertex 137.0000 -0.3839 46.4601
      vertex 137.0000 4.5310 49.9016
      vertex 137.0000 3.3839 51.5399
    endloop
  endfacet
  facet normal 1.000000e+00 0.000000e+00 -0.000000e+00
    outer loop
      vertex 137.0000 -0.3839 46.4601
      vertex 137.0000 3.3839 51.5399
      vertex 137.0000 -1.5310 48.0984
    endloop
  endfacet
  facet normal -1.000000e+00 0.000000e+00 0.000000e+00
    outer loop
      vertex 123.0000 -0.3839 46.4601
      vertex 123.0000 -1.5310 48.0984
      vertex 123.0000 3.3839 51.5399
    endloop
  endfacet
  facet normal -1.000000e+00 0.000000e+00 0.000000e+00
    outer loop
      vertex 123.0000 -0.3839 46.4601
      vertex 123.0000 3.3839 51.5399
      vertex 123.0000 4.5310 49.9016
    endloop
  endfacet
endsolid louver_29
solid louver_30
  facet normal 0.000000e+00 5.735764e-01 -8.191520e-01
    outer loop
      vertex 144.0000 -0.3839 46.4601
      vertex 144.0000 4.5310 49.9016
      vertex 158.0000 4.5310 49.9016
    endloop
  endfacet
  facet normal 0.000000e+00 5.735764e-01 -8.191520e-01
    outer loop
      vertex 144.0000 -0.3839 46.4601
      vertex 158.0000 4.5310 49.9016
      vertex 158.0000 -0.3839 46.4601
    endloop
  endfacet
  facet normal 0.000000e+00 -5.735764e-01 8.191520e-01
    outer loop
      vertex 144.0000 -1.5310 48.0984
      vertex 158.0000 -1.5310 48.0984
      vertex 158.0000 3.3839 51.5399
    endloop
  endfacet
  facet normal 0.000000e+00 -5.735764e-01 8.191520e-01
    outer loop
      vertex 144.0000 -1.5310 48.0984
      vertex 158.0000 3.3839 51.5399
      vertex 144.0000 3.3839 51.5399
    endloop
  endfacet
  facet normal 0.000000e+00 -8.191520e-01 -5.735764e-01
    outer loop
      vertex 144.0000 -0.3839 46.4601
      vertex 158.0000 -0.3839 46.4601
      vertex 158.0000 -1.5310 48.0984
    endloop
  endfacet
  facet normal 0.000000e+00 -8.191520e-01 -5.735764e-01
    outer loop
      vertex 144.0000 -0.3839 46.4601
      vertex 158.0000 -1.5310 48.0984
      vertex 144.0000 -1.5310 48.0984
    endloop
  endfacet
  facet normal 0.000000e+00 8.191520e-01 5.735764e-01
    outer loop
      vertex 144.0000 4.5310 49.9016
      vertex 144.0000 3.3839 51.5399
      vertex 158.0000 3.3839 51.5399
    endloop
  endfacet
  facet normal -0.000000e+00 8.191520e-01 5.735764e-01
    outer loop
      vertex 144.0000 4.5310 49.9016
      vertex 158.0000 3.3839 51.5399
      vertex 158.0000 4.5310 49.9016
    endloop
  endfacet
  facet normal 1.000000e+00 0.000000e+00 0.000000e+00
    outer loop
      vertex 158.0000 -0.3839 46.4601
      vertex 158.0000 4.5310 49.9016
      vertex 158.0000 3.3839 51.5399
    endloop
  endfacet
  facet normal 1.000000e+00 0.000000e+00 -0.000000e+00
    outer loop
      vertex 158.0000 -0.3839 46.4601
      vertex 158.0000 3.3839 51.5399
      vertex 158.0000 -1.5310 48.0984
    endloop
  endfacet
  facet normal -1.000000e+00 0.000000e+00 0.000000e+00
    outer loop
      vertex 144.0000 -0.3839 46.4601
      vertex 144.0000 -1.5310 48.0984
      vertex 144.0000 3.3839 51.5399
    endloop
  endfacet
  facet normal -1.000000e+00 0.000000e+00 0.000000e+00
    outer loop
      vertex 144.0000 -0.3839 46.4601
      vertex 144.0000 3.3839 51.5399
      vertex 144.0000 4.5310 49.9016
    endloop
  endfacet
endsolid louver_30
solid louver_31
  facet normal 0.000000e+00 5.735764e-01 -8.191520e-01
    outer loop
      vertex 165.0000 -0.3839 46.4601
      vertex 165.0000 4.5310 49.9016
      vertex 179.0000 4.5310 49.9016
    endloop
  endfacet
  facet normal 0.000000e+00 5.735764e-01 -8.191520e-01
    outer loop
      vertex 165.0000 -0.3839 46.4601
      vertex 179.0000 4.5310 49.9016
      vertex 179.0000 -0.3839 46.4601
    endloop
  endfacet
  facet normal 0.000000e+00 -5.735764e-01 8.191520e-01
    outer loop
      vertex 165.0000 -1.5310 48.0984
      vertex 179.0000 -1.5310 48.0984
      vertex 179.0000 3.3839 51.5399
    endloop
  endfacet
  facet normal 0.000000e+00 -5.735764e-01 8.191520e-01
    outer loop
      vertex 165.0000 -1.5310 48.0984
      vertex 179.0000 3.3839 51.5399
      vertex 165.0000 3.3839 51.5399
    endloop
  endfacet
  facet normal 0.000000e+00 -8.191520e-01 -5.735764e-01
    outer loop
      vertex 165.0000 -0.3839 46.4601
      vertex 179.0000 -0.3839 46.4601
      vertex 179.0000 -1.5310 48.0984
    endloop
  endfacet
  facet normal 0.000000e+00 -8.191520e-01 -5.735764e-01
    outer loop
      vertex 165.0000 -0.3839 46.4601
      vertex 179.0000 -1.5310 48.0984
      vertex 165.0000 -1.5310 48.0984
    endloop
  endfacet
  facet normal 0.000000e+00 8.191520e-01 5.735764e-01
    outer loop
      vertex 165.0000 4.5310 49.9016
      vertex 165.0000 3.3839 51.5399
      vertex 179.0000 3.3839 51.5399
    endloop
  endfacet
  facet normal -0.000000e+00 8.191520e-01 5.735764e-01
    outer loop
      vertex 165.0000 4.5310 49.9016
      vertex 179.0000 3.3839 51.5399
      vertex 179.0000 4.5310 49.9016
    endloop
  endfacet
  facet normal 1.000000e+00 0.000000e+00 0.000000e+00
    outer loop
      vertex 179.0000 -0.3839 46.4601
      vertex 179.0000 4.5310 49.9016
      vertex 179.0000 3.3839 51.5399
    endloop
  endfacet
  facet normal 1.000000e+00 0.000000e+00 -0.000000e+00
    outer loop
      vertex 179.0000 -0.3839 46.4601
      vertex 179.0000 3.3839 51.5399
      vertex 179.0000 -1.5310 48.0984
    endloop
  endfacet
  facet normal -1.000000e+00 0.000000e+00 0.000000e+00
    outer loop
      vertex 165.0000 -0.3839 46.4601
      vertex 165.0000 -1.5310 48.0984
      vertex 165.0000 3.3839 51.5399
    endloop
  endfacet
  facet normal -1.000000e+00 0.000000e+00 0.000000e+00
    outer loop
      vertex 165.0000 -0.3839 46.4601
      vertex 165.0000 3.3839 51.5399
      vertex 165.0000 4.5310 49.9016
    endloop
  endfacet
endsolid louver_31
solid louver_32
  facet normal 0.000000e+00 5.735764e-01 -8.191520e-01
    outer loop
      vertex 18.0000 -0.3839 54.4601
      vertex 18.0000 4.5310 57.9016
      vertex 32.0000 4.5310 57.9016
    endloop
  endfacet
  facet normal 0.000000e+00 5.735764e-01 -8.191520e-01
    outer loop
      vertex 18.0000 -0.3839 54.4601
      vertex 32.0000 4.5310 57.9016
      vertex 32.0000 -0.3839 54.4601
    endloop
  endfacet
  facet normal 0.000000e+00 -5.735764e-01 8.191520e-01
    outer loop
      vertex 18.0000 -1.5310 56.0984
      vertex 32.0000 -1.5310 56.0984
      vertex 32.0000 3.3839 59.5399
    endloop
  endfacet
  facet normal 0.000000e+00 -5.735764e-01 8.191520e-01
    outer loop
      vertex 18.0000 -1.5310 56.0984
      vertex 32.0000 3.3839 59.5399
      vertex 18.0000 3.3839 59.5399
    endloop
  endfacet
  facet normal 0.000000e+00 -8.191520e-01 -5.735764e-01
    outer loop
      vertex 18.0000 -0.3839 54.4601
      vertex 32.0000 -0.3839 54.4601
      vertex 32.0000 -1.5310 56.0984
    endloop
  endfacet
  facet normal 0.000000e+00 -8.191520e-01 -5.735764e-01
    outer loop
      vertex 18.0000 -0.3839 54.4601
      vertex 32.0000 -1.5310 56.0984
      vertex 18.0000 -1.5310 56.0984
    endloop
  endfacet
  facet normal 0.000000e+00 8.191520e-01 5.735764e-01
    outer loop
      vertex 18.0000 4.5310 57.9016
      vertex 18.0000 3.3839 59.5399
      vertex 32.0000 3.3839 59.5399
    endloop
  endfacet
  facet normal -0.000000e+00 8.191520e-01 5.735764e-01
    outer loop
      vertex 18.0000 4.5310 57.9016
      vertex 32.0000 3.3839 59.5399
      vertex 32.0000 4.5310 57.9016
    endloop
  endfacet
  facet normal 1.000000e+00 0.000000e+00 0.000000e+00
    outer loop
      vertex 32.0000 -0.3839 54.4601
      vertex 32.0000 4.5310 57.9016
      vertex 32.0000 3.3839 59.5399
    endloop
  endfacet
  facet normal 1.000000e+00 0.000000e+00 -0.000000e+00
    outer loop
      vertex 32.0000 -0.3839 54.4601
      vertex 32.0000 3.3839 59.5399
      vertex 32.0000 -1.5310 56.0984
    endloop
  endfacet
  facet normal -1.000000e+00 0.000000e+00 0.000000e+00
    outer loop
      vertex 18.0000 -0.3839 54.4601
      vertex 18.0000 -1.5310 56.0984
      vertex 18.0000 3.3839 59.5399
    endloop
  endfacet
  facet normal -1.000000e+00 0.000000e+00 0.000000e+00
    outer loop
      vertex 18.0000 -0.3839 54.4601
      vertex 18.0000 3.3839 59.5399
      vertex 18.0000 4.5310 57.9016
    endloop
  endfacet
endsolid louver_32
solid louver_33
  facet normal 0.000000e+00 5.735764e-01 -8.191520e-01
    outer loop
      vertex 39.0000 -0.3839 54.4601
      vertex 39.0000 4.5310 57.9016
      vertex 53.0000 4.5310 57.9016
    endloop
  endfacet
  facet normal 0.000000e+00 5.735764e-01 -8.191520e-01
    outer loop
      vertex 39.0000 -0.3839 54.4601
      vertex 53.0000 4.5310 57.9016
      vertex 53.0000 -0.3839 54.4601
    endloop
  endfacet
  facet normal 0.000000e+00 -5.735764e-01 8.191520e-01
    outer loop
      vertex 39.0000 -1.5310 56.0984
      vertex 53.0000 -1.5310 56.0984
      vertex 53.0000 3.3839 59.5399
    endloop
  endfacet
  facet normal 0.000000e+00 -5.735764e-01 8.191520e-01
    outer loop
      vertex 39.0000 -1.5310 56.0984
      vertex 53.0000 3.3839 59.5399
      vertex 39.0000 3.3839 59.5399
    endloop
  endfacet
  facet normal 0.000000e+00 -8.191520e-01 -5.735764e-01
    outer loop
      vertex 39.0000 -0.3839 54.4601
      vertex 53.0000 -0.3839 54.4601
      vertex 53.0000 -1.5310 56.0984
    endloop
  endfacet
  facet normal 0.000000e+00 -8.191520e-01 -5.735764e-01
    outer loop
      vertex 39.0000 -0.3839 54.4601
      vertex 53.0000 -1.5310 56.0984
      vertex 39.0000 -1.5310 56.0984
    endloop
  endfacet
  facet normal 0.000000e+00 8.191520e-01 5.735764e-01
    outer loop
      vertex 39.0000 4.5310 57.9016
      vertex 39.0000 3.3839 59.5399
      vertex 53.0000 3.3839 59.5399
    endloop
  endfacet
  facet normal -0.000000e+00 8.191520e-01 5.735764e-01
    outer loop
      vertex 39.0000 4.5310 57.9016
      vertex 53.0000 3.3839 59.5399
      vertex 53.0000 4.5310 57.9016
    endloop
  endfacet
  facet normal 1.000000e+00 0.000000e+00 0.000000e+00
    outer loop
      vertex 53.0000 -0.3839 54.4601
      vertex 53.0000 4.5310 57.9016
      vertex 53.0000 3.3839 59.5399
    endloop
  endfacet
  facet normal 1.000000e+00 0.000000e+00 -0.000000e+00
    outer loop
      vertex 53.0000 -0.3839 54.4601
      vertex 53.0000 3.3839 59.5399
      vertex 53.0000 -1.5310 56.0984
    endloop
  endfacet
  facet normal -1.000000e+00 0.000000e+00 0.000000e+00
    outer loop
      vertex 39.0000 -0.3839 54.4601
      vertex 39.0000 -1.5310 56.0984
      vertex 39.0000 3.3839 59.5399
    endloop
  endfacet
  facet normal -1.000000e+00 0.000000e+00 0.000000e+00
    outer loop
      vertex 39.0000 -0.3839 54.4601
      vertex 39.0000 3.3839 59.5399
      vertex 39.0000 4.5310 57.9016
    endloop
  endfacet
endsolid louver_33
solid louver_34
  facet normal 0.000000e+00 5.735764e-01 -8.191520e-01
    outer loop
      vertex 60.0000 -0.3839 54.4601
      vertex 60.0000 4.5310 57.9016
      vertex 74.0000 4.5310 57.9016
    endloop
  endfacet
  facet normal 0.000000e+00 5.735764e-01 -8.191520e-01
    outer loop
      vertex 60.0000 -0.3839 54.4601
      vertex 74.0000 4.5310 57.9016
      vertex 74.0000 -0.3839 54.4601
    endloop
  endfacet
  facet normal 0.000000e+00 -5.735764e-01 8.191520e-01
    outer loop
      vertex 60.0000 -1.5310 56.0984
      vertex 74.0000 -1.5310 56.0984
      vertex 74.0000 3.3839 59.5399
    endloop
  endfacet
  facet normal 0.000000e+00 -5.735764e-01 8.191520e-01
    outer loop
      vertex 60.0000 -1.5310 56.0984
      vertex 74.0000 3.3839 59.5399
      vertex 60.0000 3.3839 59.5399
    endloop
  endfacet
  facet normal 0.000000e+00 -8.191520e-01 -5.735764e-01
    outer loop
      vertex 60.0000 -0.3839 54.4601
      vertex 74.0000 -0.3839 54.4601
      vertex 74.0000 -1.5310 56.0984
    endloop
  endfacet
  facet normal 0.000000e+00 -8.191520e-01 -5.735764e-01
    outer loop
      vertex 60.0000 -0.3839 54.4601
      vertex 74.0000 -1.5310 56.0984
      vertex 60.0000 -1.5310 56.0984
    endloop
  endfacet
  facet normal 0.000000e+00 8.191520e-01 5.735764e-01
    outer loop
      vertex 60.0000 4.5310 57.9016
      vertex 60.0000 3.3839 59.5399
      vertex 74.0000 3.3839 59.5399
    endloop
  endfacet
  facet normal -0.000000e+00 8.191520e-01 5.735764e-01
    outer loop
      vertex 60.0000 4.5310 57.9016
      vertex 74.0000 3.3839 59.5399
      vertex 74.0000 4.5310 57.9016
    endloop
  endfacet
  facet normal 1.000000e+00 0.000000e+00 0.000000e+00
    outer loop
      vertex 74.0000 -0.3839 54.4601
      vertex 74.0000 4.5310 57.9016
      vertex 74.0000 3.3839 59.5399
    endloop
  endfacet
  facet normal 1.000000e+00 0.000000e+00 -0.000000e+00
    outer loop
      vertex 74.0000 -0.3839 54.4601
      vertex 74.0000 3.3839 59.5399
      vertex 74.0000 -1.5310 56.0984
    endloop
  endfacet
  facet normal -1.000000e+00 0.000000e+00 0.000000e+00
    outer loop
      vertex 60.0000 -0.3839 54.4601
      vertex 60.0000 -1.5310 56.0984
      vertex 60.0000 3.3839 59.5399
    endloop
  endfacet
  facet normal -1.000000e+00 0.000000e+00 0.000000e+00
    outer loop
      vertex 60.0000 -0.3839 54.4601
      vertex 60.0000 3.3839 59.5399
      vertex 60.0000 4.5310 57.9016
    endloop
  endfacet
endsolid louver_34
solid louver_35
  facet normal 0.000000e+00 5.735764e-01 -8.191520e-01
    outer loop
      vertex 81.0000 -0.3839 54.4601
      vertex 81.0000 4.5310 57.9016
      vertex 95.0000 4.5310 57.9016
    endloop
  endfacet
  facet normal 0.000000e+00 5.735764e-01 -8.191520e-01
    outer loop
      vertex 81.0000 -0.3839 54.4601
      vertex 95.0000 4.5310 57.9016
      vertex 95.0000 -0.3839 54.4601
    endloop
  endfacet
  facet normal 0.000000e+00 -5.735764e-01 8.191520e-01
    outer loop
      vertex 81.0000 -1.5310 56.0984
      vertex 95.0000 -1.5310 56.0984
      vertex 95.0000 3.3839 59.5399
    endloop
  endfacet
  facet normal 0.000000e+00 -5.735764e-01 8.191520e-01
    outer loop
      vertex 81.0000 -1.5310 56.0984
      vertex 95.0000 3.3839 59.5399
      vertex 81.0000 3.3839 59.5399
    endloop
  endfacet
  facet normal 0.000000e+00 -8.191520e-01 -5.735764e-01
    outer loop
      vertex 81.0000 -0.3839 54.4601
      vertex 95.0000 -0.3839 54.4601
      vertex 95.0000 -1.5310 56.0984
    endloop
  endfacet
  facet normal 0.000000e+00 -8.191520e-01 -5.735764e-01
    outer loop
      vertex 81.0000 -0.3839 54.4601
      vertex 95.0000 -1.5310 56.0984
      vertex 81.0000 -1.5310 56.0984
    endloop
  endfacet
  facet normal 0.000000e+00 8.191520e-01 5.735764e-01
    outer loop
      vertex 81.0000 4.5310 57.9016
      vertex 81.0000 3.3839 59.5399
      vertex 95.0000 3.3839 59.5399
    endloop
  endfacet
  facet normal -0.000000e+00 8.191520e-01 5.735764e-01
    outer loop
      vertex 81.0000 4.5310 57.9016
      vertex 95.0000 3.3839 59.5399
      vertex 95.0000 4.5310 57.9016
    endloop
  endfacet
  facet normal 1.000000e+00 0.000000e+00 0.000000e+00
    outer loop
      vertex 95.0000 -0.3839 54.4601
      vertex 95.0000 4.5310 57.9016
      vertex 95.0000 3.3839 59.5399
    endloop
  endfacet
  facet normal 1.000000e+00 0.000000e+00 -0.000000e+00
    outer loop
      vertex 95.0000 -0.3839 54.4601
      vertex 95.0000 3.3839 59.5399
      vertex 95.0000 -1.5310 56.0984
    endloop
  endfacet
  facet normal -1.000000e+00 0.000000e+00 0.000000e+00
    outer loop
      vertex 81.0000 -0.3839 54.4601
      vertex 81.0000 -1.5310 56.0984
      vertex 81.0000 3.3839 59.5399
    endloop
  endfacet
  facet normal -1.000000e+00 0.000000e+00 0.000000e+00
    outer loop
      vertex 81.0000 -0.3839 54.4601
      vertex 81.0000 3.3839 59.5399
      vertex 81.0000 4.5310 57.9016
    endloop
  endfacet
endsolid louver_35
solid louver_36
  facet normal 0.000000e+00 5.735764e-01 -8.191520e-01
    outer loop
      vertex 102.0000 -0.3839 54.4601
      vertex 102.0000 4.5310 57.9016
      vertex 116.0000 4.5310 57.9016
    endloop
  endfacet
  facet normal 0.000000e+00 5.735764e-01 -8.191520e-01
    outer loop
      vertex 102.0000 -0.3839 54.4601
      vertex 116.0000 4.5310 57.9016
      vertex 116.0000 -0.3839 54.4601
    endloop
  endfacet
  facet normal 0.000000e+00 -5.735764e-01 8.191520e-01
    outer loop
      vertex 102.0000 -1.5310 56.0984
      vertex 116.0000 -1.5310 56.0984
      vertex 116.0000 3.3839 59.5399
    endloop
  endfacet
  facet normal 0.000000e+00 -5.735764e-01 8.191520e-01
    outer loop
      vertex 102.0000 -1.5310 56.0984
      vertex 116.0000 3.3839 59.5399
      vertex 102.0000 3.3839 59.5399
    endloop
  endfacet
  facet normal 0.000000e+00 -8.191520e-01 -5.735764e-01
    outer loop
      vertex 102.0000 -0.3839 54.4601
      vertex 116.0000 -0.3839 54.4601
      vertex 116.0000 -1.5310 56.0984
    endloop
  endfacet
  facet normal 0.000000e+00 -8.191520e-01 -5.735764e-01
    outer loop
      vertex 102.0000 -0.3839 54.4601
      vertex 116.0000 -1.5310 56.0984
      vertex 102.0000 -1.5310 56.0984
    endloop
  endfacet
  facet normal 0.000000e+00 8.191520e-01 5.735764e-01
    outer loop
      vertex 102.0000 4.5310 57.9016
      vertex 102.0000 3.3839 59.5399
      vertex 116.0000 3.3839 59.5399
    endloop
  endfacet
  facet normal -0.000000e+00 8.191520e-01 5.735764e-01
    outer loop
      vertex 102.0000 4.5310 57.9016
      vertex 116.0000 3.3839 59.5399
      vertex 116.0000 4.5310 57.9016
    endloop
  endfacet
  facet normal 1.000000e+00 0.000000e+00 0.000000e+00
    outer loop
      vertex 116.0000 -0.3839 54.4601
      vertex 116.0000 4.5310 57.9016
      vertex 116.0000 3.3839 59.5399
    endloop
  endfacet
  facet normal 1.000000e+00 0.000000e+00 -0.000000e+00
    outer loop
      vertex 116.0000 -0.3839 54.4601
      vertex 116.0000 3.3839 59.5399
      vertex 116.0000 -1.5310 56.0984
    endloop
  endfacet
  facet normal -1.000000e+00 0.000000e+00 0.000000e+00
    outer loop
      vertex 102.0000 -0.3839 54.4601
      vertex 102.0000 -1.5310 56.0984
      vertex 102.0000 3.3839 59.5399
    endloop
  endfacet
  facet normal -1.000000e+00 0.000000e+00 0.000000e+00
    outer loop
      vertex 102.0000 -0.3839 54.4601
      vertex 102.0000 3.3839 59.5399
      vertex 102.0000 4.5310 57.9016
    endloop
  endfacet
endsolid louver_36
solid louver_37
  facet normal 0.000000e+00 5.735764e-01 -8.191520e-01
    outer loop
      vertex 123.0000 -0.3839 54.4601
      vertex 123.0000 4.5310 57.9016
      vertex 137.0000 4.5310 57.9016
    endloop
  endfacet
  facet normal 0.000000e+00 5.735764e-01 -8.191520e-01
    outer loop
      vertex 123.0000 -0.3839 54.4601
      vertex 137.0000 4.5310 57.9016
      vertex 137.0000 -0.3839 54.4601
    endloop
  endfacet
  facet normal 0.000000e+00 -5.735764e-01 8.191520e-01
    outer loop
      vertex 123.0000 -1.5310 56.0984
      vertex 137.0000 -1.5310 56.0984
      vertex 137.0000 3.3839 59.5399
    endloop
  endfacet
  facet normal 0.000000e+00 -5.735764e-01 8.191520e-01
    outer loop
      vertex 123.0000 -1.5310 56.0984
      vertex 137.0000 3.3839 59.5399
      vertex 123.0000 3.3839 59.5399
    endloop
  endfacet
  facet normal 0.000000e+00 -8.191520e-01 -5.735764e-01
    outer loop
      vertex 123.0000 -0.3839 54.4601
      vertex 137.0000 -0.3839 54.4601
      vertex 137.0000 -1.5310 56.0984
    endloop
  endfacet
  facet normal 0.000000e+00 -8.191520e-01 -5.735764e-01
    outer loop
      vertex 123.0000 -0.3839 54.4601
      vertex 137.0000 -1.5310 56.0984
      vertex 123.0000 -1.5310 56.0984
    endloop
  endfacet
  facet normal 0.000000e+00 8.191520e-01 5.735764e-01
    outer loop
      vertex 123.0000 4.5310 57.9016
      vertex 123.0000 3.3839 59.5399
      vertex 137.0000 3.3839 59.5399
    endloop
  endfacet
  facet normal -0.000000e+00 8.191520e-01 5.735764e-01
    outer loop
      vertex 123.0000 4.5310 57.9016
      vertex 137.0000 3.3839 59.5399
      vertex 137.0000 4.5310 57.9016
    endloop
  endfacet
  facet normal 1.000000e+00 0.000000e+00 0.000000e+00
    outer loop
      vertex 137.0000 -0.3839 54.4601
      vertex 137.0000 4.5310 57.9016
      vertex 137.0000 3.3839 59.5399
    endloop
  endfacet
  facet normal 1.000000e+00 0.000000e+00 -0.000000e+00
    outer loop
      vertex 137.0000 -0.3839 54.4601
      vertex 137.0000 3.3839 59.5399
      vertex 137.0000 -1.5310 56.0984
    endloop
  endfacet
  facet normal -1.000000e+00 0.000000e+00 0.000000e+00
    outer loop
      vertex 123.0000 -0.3839 54.4601
      vertex 123.0000 -1.5310 56.0984
      vertex 123.0000 3.3839 59.5399
    endloop
  endfacet
  facet normal -1.000000e+00 0.000000e+00 0.000000e+00
    outer loop
      vertex 123.0000 -0.3839 54.4601
      vertex 123.0000 3.3839 59.5399
      vertex 123.0000 4.5310 57.9016
    endloop
  endfacet
endsolid louver_37
solid louver_38
  facet normal 0.000000e+00 5.735764e-01 -8.191520e-01
    outer loop
      vertex 144.0000 -0.3839 54.4601
      vertex 144.0000 4.5310 57.9016
      vertex 158.0000 4.5310 57.9016
    endloop
  endfacet
  facet normal 0.000000e+00 5.735764e-01 -8.191520e-01
    outer loop
      vertex 144.0000 -0.3839 54.4601
      vertex 158.0000 4.5310 57.9016
      vertex 158.0000 -0.3839 54.4601
    endloop
  endfacet
  facet normal 0.000000e+00 -5.735764e-01 8.191520e-01
    outer loop
      vertex 144.0000 -1.5310 56.0984
      vertex 158.0000 -1.5310 56.0984
      vertex 158.0000 3.3839 59.5399
    endloop
  endfacet
  facet normal 0.000000e+00 -5.735764e-01 8.191520e-01
    outer loop
      vertex 144.0000 -1.5310 56.0984
      vertex 158.0000 3.3839 59.5399
      vertex 144.0000 3.3839 59.5399
    endloop
  endfacet
  facet normal 0.000000e+00 -8.191520e-01 -5.735764e-01
    outer loop
      vertex 144.0000 -0.3839 54.4601
      vertex 158.0000 -0.3839 54.4601
      vertex 158.0000 -1.5310 56.0984
    endloop
  endfacet
  facet normal 0.000000e+00 -8.191520e-01 -5.735764e-01
    outer loop
      vertex 144.0000 -0.3839 54.4601
      vertex 158.0000 -1.5310 56.0984
      vertex 144.0000 -1.5310 56.0984
    endloop
  endfacet
  facet normal 0.000000e+00 8.191520e-01 5.735764e-01
    outer loop
      vertex 144.0000 4.5310 57.9016
      vertex 144.0000 3.3839 59.5399
      vertex 158.0000 3.3839 59.5399
    endloop
  endfacet
  facet normal -0.000000e+00 8.191520e-01 5.735764e-01
    outer loop
      vertex 144.0000 4.5310 57.9016
      vertex 158.0000 3.3839 59.5399
      vertex 158.0000 4.5310 57.9016
    endloop
  endfacet
  facet normal 1.000000e+00 0.000000e+00 0.000000e+00
    outer loop
      vertex 158.0000 -0.3839 54.4601
      vertex 158.0000 4.5310 57.9016
      vertex 158.0000 3.3839 59.5399
    endloop
  endfacet
  facet normal 1.000000e+00 0.000000e+00 -0.000000e+00
    outer loop
      vertex 158.0000 -0.3839 54.4601
      vertex 158.0000 3.3839 59.5399
      vertex 158.0000 -1.5310 56.0984
    endloop
  endfacet
  facet normal -1.000000e+00 0.000000e+00 0.000000e+00
    outer loop
      vertex 144.0000 -0.3839 54.4601
      vertex 144.0000 -1.5310 56.0984
      vertex 144.0000 3.3839 59.5399
    endloop
  endfacet
  facet normal -1.000000e+00 0.000000e+00 0.000000e+00
    outer loop
      vertex 144.0000 -0.3839 54.4601
      vertex 144.0000 3.3839 59.5399
      vertex 144.0000 4.5310 57.9016
    endloop
  endfacet
endsolid louver_38
solid louver_39
  facet normal 0.000000e+00 5.735764e-01 -8.191520e-01
    outer loop
      vertex 165.0000 -0.3839 54.4601
      vertex 165.0000 4.5310 57.9016
      vertex 179.0000 4.5310 57.9016
    endloop
  endfacet
  facet normal 0.000000e+00 5.735764e-01 -8.191520e-01
    outer loop
      vertex 165.0000 -0.3839 54.4601
      vertex 179.0000 4.5310 57.9016
      vertex 179.0000 -0.3839 54.4601
    endloop
  endfacet
  facet normal 0.000000e+00 -5.735764e-01 8.191520e-01
    outer loop
      vertex 165.0000 -1.5310 56.0984
      vertex 179.0000 -1.5310 56.0984
      vertex 179.0000 3.3839 59.5399
    endloop
  endfacet
  facet normal 0.000000e+00 -5.735764e-01 8.191520e-01
    outer loop
      vertex 165.0000 -1.5310 56.0984
      vertex 179.0000 3.3839 59.5399
      vertex 165.0000 3.3839 59.5399
    endloop
  endfacet
  facet normal 0.000000e+00 -8.191520e-01 -5.735764e-01
    outer loop
      vertex 165.0000 -0.3839 54.4601
      vertex 179.0000 -0.3839 54.4601
      vertex 179.0000 -1.5310 56.0984
    endloop
  endfacet
  facet normal 0.000000e+00 -8.191520e-01 -5.735764e-01
    outer loop
      vertex 165.0000 -0.3839 54.4601
      vertex 179.0000 -1.5310 56.0984
      vertex 165.0000 -1.5310 56.0984
    endloop
  endfacet
  facet normal 0.000000e+00 8.191520e-01 5.735764e-01
    outer loop
      vertex 165.0000 4.5310 57.9016
      vertex 165.0000 3.3839 59.5399
      vertex 179.0000 3.3839 59.5399
    endloop
  endfacet
  facet normal -0.000000e+00 8.191520e-01 5.735764e-01
    outer loop
      vertex 165.0000 4.5310 57.9016
      vertex 179.0000 3.3839 59.5399
      vertex 179.0000 4.5310 57.9016
    endloop
  endfacet
  facet normal 1.000000e+00 0.000000e+00 0.000000e+00
    outer loop
      vertex 179.0000 -0.3839 54.4601
      vertex 179.0000 4.5310 57.9016
      vertex 179.0000 3.3839 59.5399
    endloop
  endfacet
  facet normal 1.000000e+00 0.000000e+00 -0.000000e+00
    outer loop
      vertex 179.0000 -0.3839 54.4601
      vertex 179.0000 3.3839 59.5399
      vertex 179.0000 -1.5310 56.0984
    endloop
  endfacet
  facet normal -1.000000e+00 0.000000e+00 0.000000e+00
    outer loop
      vertex 165.0000 -0.3839 54.4601
      vertex 165.0000 -1.5310 56.0984
      vertex 165.0000 3.3839 59.5399
    endloop
  endfacet
  facet normal -1.000000e+00 0.000000e+00 0.000000e+00
    outer loop
      vertex 165.0000 -0.3839 54.4601
      vertex 165.0000 3.3839 59.5399
      vertex 165.0000 4.5310 57.9016
    endloop
  endfacet
endsolid louver_39
solid louver_40
  facet normal 0.000000e+00 5.735764e-01 -8.191520e-01
    outer loop
      vertex 18.0000 -0.3839 62.4601
      vertex 18.0000 4.5310 65.9016
      vertex 32.0000 4.5310 65.9016
    endloop
  endfacet
  facet normal 0.000000e+00 5.735764e-01 -8.191520e-01
    outer loop
      vertex 18.0000 -0.3839 62.4601
      vertex 32.0000 4.5310 65.9016
      vertex 32.0000 -0.3839 62.4601
    endloop
  endfacet
  facet normal 0.000000e+00 -5.735764e-01 8.191520e-01
    outer loop
      vertex 18.0000 -1.5310 64.0984
      vertex 32.0000 -1.5310 64.0984
      vertex 32.0000 3.3839 67.5399
    endloop
  endfacet
  facet normal 0.000000e+00 -5.735764e-01 8.191520e-01
    outer loop
      vertex 18.0000 -1.5310 64.0984
      vertex 32.0000 3.3839 67.5399
      vertex 18.0000 3.3839 67.5399
    endloop
  endfacet
  facet normal 0.000000e+00 -8.191520e-01 -5.735764e-01
    outer loop
      vertex 18.0000 -0.3839 62.4601
      vertex 32.0000 -0.3839 62.4601
      vertex 32.0000 -1.5310 64.0984
    endloop
  endfacet
  facet normal 0.000000e+00 -8.191520e-01 -5.735764e-01
    outer loop
      vertex 18.0000 -0.3839 62.4601
      vertex 32.0000 -1.5310 64.0984
      vertex 18.0000 -1.5310 64.0984
    endloop
  endfacet
  facet normal 0.000000e+00 8.191520e-01 5.735764e-01
    outer loop
      vertex 18.0000 4.5310 65.9016
      vertex 18.0000 3.3839 67.5399
      vertex 32.0000 3.3839 67.5399
    endloop
  endfacet
  facet normal -0.000000e+00 8.191520e-01 5.735764e-01
    outer loop
      vertex 18.0000 4.5310 65.9016
      vertex 32.0000 3.3839 67.5399
      vertex 32.0000 4.5310 65.9016
    endloop
  endfacet
  facet normal 1.000000e+00 0.000000e+00 0.000000e+00
    outer loop
      vertex 32.0000 -0.3839 62.4601
      vertex 32.0000 4.5310 65.9016
      vertex 32.0000 3.3839 67.5399
    endloop
  endfacet
  facet normal 1.000000e+00 0.000000e+00 -0.000000e+00
    outer loop
      vertex 32.0000 -0.3839 62.4601
      vertex 32.0000 3.3839 67.5399
      vertex 32.0000 -1.5310 64.0984
    endloop
  endfacet
  facet normal -1.000000e+00 0.000000e+00 0.000000e+00
    outer loop
      vertex 18.0000 -0.3839 62.4601
      vertex 18.0000 -1.5310 64.0984
      vertex 18.0000 3.3839 67.5399
    endloop
  endfacet
  facet normal -1.000000e+00 0.000000e+00 0.000000e+00
    outer loop
      vertex 18.0000 -0.3839 62.4601
      vertex 18.0000 3.3839 67.5399
      vertex 18.0000 4.5310 65.9016
    endloop
  endfacet
endsolid louver_40
solid louver_41
  facet normal 0.000000e+00 5.735764e-01 -8.191520e-01
    outer loop
      vertex 39.0000 -0.3839 62.4601
      vertex 39.0000 4.5310 65.9016
      vertex 53.0000 4.5310 65.9016
    endloop
  endfacet
  facet normal 0.000000e+00 5.735764e-01 -8.191520e-01
    outer loop
      vertex 39.0000 -0.3839 62.4601
      vertex 53.0000 4.5310 65.9016
      vertex 53.0000 -0.3839 62.4601
    endloop
  endfacet
  facet normal 0.000000e+00 -5.735764e-01 8.191520e-01
    outer loop
      vertex 39.0000 -1.5310 64.0984
      vertex 53.0000 -1.5310 64.0984
      vertex 53.0000 3.3839 67.5399
    endloop
  endfacet
  facet normal 0.000000e+00 -5.735764e-01 8.191520e-01
    outer loop
      vertex 39.0000 -1.5310 64.0984
      vertex 53.0000 3.3839 67.5399
      vertex 39.0000 3.3839 67.5399
    endloop
  endfacet
  facet normal 0.000000e+00 -8.191520e-01 -5.735764e-01
    outer loop
      vertex 39.0000 -0.3839 62.4601
      vertex 53.0000 -0.3839 62.4601
      vertex 53.0000 -1.5310 64.0984
    endloop
  endfacet
  facet normal 0.000000e+00 -8.191520e-01 -5.735764e-01
    outer loop
      vertex 39.0000 -0.3839 62.4601
      vertex 53.0000 -1.5310 64.0984
      vertex 39.0000 -1.5310 64.0984
    endloop
  endfacet
  facet normal 0.000000e+00 8.191520e-01 5.735764e-01
    outer loop
      vertex 39.0000 4.5310 65.9016
      vertex 39.0000 3.3839 67.5399
      vertex 53.0000 3.3839 67.5399
    endloop
  endfacet
  facet normal -0.000000e+00 8.191520e-01 5.735764e-01
    outer loop
      vertex 39.0000 4.5310 65.9016
      vertex 53.0000 3.3839 67.5399
      vertex 53.0000 4.5310 65.9016
    endloop
  endfacet
  facet normal 1.000000e+00 0.000000e+00 0.000000e+00
    outer loop
      vertex 53.0000 -0.3839 62.4601
      vertex 53.0000 4.5310 65.9016
      vertex 53.0000 3.3839 67.5399
    endloop
  endfacet
  facet normal 1.000000e+00 0.000000e+00 -0.000000e+00
    outer loop
      vertex 53.0000 -0.3839 62.4601
      vertex 53.0000 3.3839 67.5399
      vertex 53.0000 -1.5310 64.0984
    endloop
  endfacet
  facet normal -1.000000e+00 0.000000e+00 0.000000e+00
    outer loop
      vertex 39.0000 -0.3839 62.4601
      vertex 39.0000 -1.5310 64.0984
      vertex 39.0000 3.3839 67.5399
    endloop
  endfacet
  facet normal -1.000000e+00 0.000000e+00 0.000000e+00
    outer loop
      vertex 39.0000 -0.3839 62.4601
      vertex 39.0000 3.3839 67.5399
      vertex 39.0000 4.5310 65.9016
    endloop
  endfacet
endsolid louver_41
solid louver_42
  facet normal 0.000000e+00 5.735764e-01 -8.191520e-01
    outer loop
      vertex 60.0000 -0.3839 62.4601
      vertex 60.0000 4.5310 65.9016
      vertex 74.0000 4.5310 65.9016
    endloop
  endfacet
  facet normal 0.000000e+00 5.735764e-01 -8.191520e-01
    outer loop
      vertex 60.0000 -0.3839 62.4601
      vertex 74.0000 4.5310 65.9016
      vertex 74.0000 -0.3839 62.4601
    endloop
  endfacet
  facet normal 0.000000e+00 -5.735764e-01 8.191520e-01
    outer loop
      vertex 60.0000 -1.5310 64.0984
      vertex 74.0000 -1.5310 64.0984
      vertex 74.0000 3.3839 67.5399
    endloop
  endfacet
  facet normal 0.000000e+00 -5.735764e-01 8.191520e-01
    outer loop
      vertex 60.0000 -1.5310 64.0984
      vertex 74.0000 3.3839 67.5399
      vertex 60.0000 3.3839 67.5399
    endloop
  endfacet
  facet normal 0.000000e+00 -8.191520e-01 -5.735764e-01
    outer loop
      vertex 60.0000 -0.3839 62.4601
      vertex 74.0000 -0.3839 62.4601
      vertex 74.0000 -1.5310 64.0984
    endloop
  endfacet
  facet normal 0.000000e+00 -8.191520e-01 -5.735764e-01
    outer loop
      vertex 60.0000 -0.3839 62.4601
      vertex 74.0000 -1.5310 64.0984
      vertex 60.0000 -1.5310 64.0984
    endloop
  endfacet
  facet normal 0.000000e+00 8.191520e-01 5.735764e-01
    outer loop
      vertex 60.0000 4.5310 65.9016
      vertex 60.0000 3.3839 67.5399
      vertex 74.0000 3.3839 67.5399
    endloop
  endfacet
  facet normal -0.000000e+00 8.191520e-01 5.735764e-01
    outer loop
      vertex 60.0000 4.5310 65.9016
      vertex 74.0000 3.3839 67.5399
      vertex 74.0000 4.5310 65.9016
    endloop
  endfacet
  facet normal 1.000000e+00 0.000000e+00 0.000000e+00
    outer loop
      vertex 74.0000 -0.3839 62.4601
      vertex 74.0000 4.5310 65.9016
      vertex 74.0000 3.3839 67.5399
    endloop
  endfacet
  facet normal 1.000000e+00 0.000000e+00 -0.000000e+00
    outer loop
      vertex 74.0000 -0.3839 62.4601
      vertex 74.0000 3.3839 67.5399
      vertex 74.0000 -1.5310 64.0984
    endloop
  endfacet
  facet normal -1.000000e+00 0.000000e+00 0.000000e+00
    outer loop
      vertex 60.0000 -0.3839 62.4601
      vertex 60.0000 -1.5310 64.0984
      vertex 60.0000 3.3839 67.5399
    endloop
  endfacet
  facet normal -1.000000e+00 0.000000e+00 0.000000e+00
    outer loop
      vertex 60.0000 -0.3839 62.4601
      vertex 60.0000 3.3839 67.5399
      vertex 60.0000 4.5310 65.9016
    endloop
  endfacet
endsolid louver_42
solid louver_43
  facet normal 0.000000e+00 5.735764e-01 -8.191520e-01
    outer loop
      vertex 81.0000 -0.3839 62.4601
      vertex 81.0000 4.5310 65.9016
      vertex 95.0000 4.5310 65.9016
    endloop
  endfacet
  facet normal 0.000000e+00 5.735764e-01 -8.191520e-01
    outer loop
      vertex 81.0000 -0.3839 62.4601
      vertex 95.0000 4.5310 65.9016
      vertex 95.0000 -0.3839 62.4601
    endloop
  endfacet
  facet normal 0.000000e+00 -5.735764e-01 8.191520e-01
    outer loop
      vertex 81.0000 -1.5310 64.0984
      vertex 95.0000 -1.5310 64.0984
      vertex 95.0000 3.3839 67.5399
    endloop
  endfacet
  facet normal 0.000000e+00 -5.735764e-01 8.191520e-01
    outer loop
      vertex 81.0000 -1.5310 64.0984
      vertex 95.0000 3.3839 67.5399
      vertex 81.0000 3.3839 67.5399
    endloop
  endfacet
  facet normal 0.000000e+00 -8.191520e-01 -5.735764e-01
    outer loop
      vertex 81.0000 -0.3839 62.4601
      vertex 95.0000 -0.3839 62.4601
      vertex 95.0000 -1.5310 64.0984
    endloop
  endfacet
  facet normal 0.000000e+00 -8.191520e-01 -5.735764e-01
    outer loop
      vertex 81.0000 -0.3839 62.4601
      vertex 95.0000 -1.5310 64.0984
      vertex 81.0000 -1.5310 64.0984
    endloop
  endfacet
  facet normal 0.000000e+00 8.191520e-01 5.735764e-01
    outer loop
      vertex 81.0000 4.5310 65.9016
      vertex 81.0000 3.3839 67.5399
      vertex 95.0000 3.3839 67.5399
    endloop
  endfacet
  facet normal -0.000000e+00 8.191520e-01 5.735764e-01
    outer loop
      vertex 81.0000 4.5310 65.9016
      vertex 95.0000 3.3839 67.5399
      vertex 95.0000 4.5310 65.9016
    endloop
  endfacet
  facet normal 1.000000e+00 0.000000e+00 0.000000e+00
    outer loop
      vertex 95.0000 -0.3839 62.4601
      vertex 95.0000 4.5310 65.9016
      vertex 95.0000 3.3839 67.5399
    endloop
  endfacet
  facet normal 1.000000e+00 0.000000e+00 -0.000000e+00
    outer loop
      vertex 95.0000 -0.3839 62.4601
      vertex 95.0000 3.3839 67.5399
      vertex 95.0000 -1.5310 64.0984
    endloop
  endfacet
  facet normal -1.000000e+00 0.000000e+00 0.000000e+00
    outer loop
      vertex 81.0000 -0.3839 62.4601
      vertex 81.0000 -1.5310 64.0984
      vertex 81.0000 3.3839 67.5399
    endloop
  endfacet
  facet normal -1.000000e+00 0.000000e+00 0.000000e+00
    outer loop
      vertex 81.0000 -0.3839 62.4601
      vertex 81.0000 3.3839 67.5399
      vertex 81.0000 4.5310 65.9016
    endloop
  endfacet
endsolid louver_43
solid louver_44
  facet normal 0.000000e+00 5.735764e-01 -8.191520e-01
    outer loop
      vertex 102.0000 -0.3839 62.4601
      vertex 102.0000 4.5310 65.9016
      vertex 116.0000 4.5310 65.9016
    endloop
  endfacet
  facet normal 0.000000e+00 5.735764e-01 -8.191520e-01
    outer loop
      vertex 102.0000 -0.3839 62.4601
      vertex 116.0000 4.5310 65.9016
      vertex 116.0000 -0.3839 62.4601
    endloop
  endfacet
  facet normal 0.000000e+00 -5.735764e-01 8.191520e-01
    outer loop
      vertex 102.0000 -1.5310 64.0984
      vertex 116.0000 -1.5310 64.0984
      vertex 116.0000 3.3839 67.5399
    endloop
  endfacet
  facet normal 0.000000e+00 -5.735764e-01 8.191520e-01
    outer loop
      vertex 102.0000 -1.5310 64.0984
      vertex 116.0000 3.3839 67.5399
      vertex 102.0000 3.3839 67.5399
    endloop
  endfacet
  facet normal 0.000000e+00 -8.191520e-01 -5.735764e-01
    outer loop
      vertex 102.0000 -0.3839 62.4601
      vertex 116.0000 -0.3839 62.4601
      vertex 116.0000 -1.5310 64.0984
    endloop
  endfacet
  facet normal 0.000000e+00 -8.191520e-01 -5.735764e-01
    outer loop
      vertex 102.0000 -0.3839 62.4601
      vertex 116.0000 -1.5310 64.0984
      vertex 102.0000 -1.5310 64.0984
    endloop
  endfacet
  facet normal 0.000000e+00 8.191520e-01 5.735764e-01
    outer loop
      vertex 102.0000 4.5310 65.9016
      vertex 102.0000 3.3839 67.5399
      vertex 116.0000 3.3839 67.5399
    endloop
  endfacet
  facet normal -0.000000e+00 8.191520e-01 5.735764e-01
    outer loop
      vertex 102.0000 4.5310 65.9016
      vertex 116.0000 3.3839 67.5399
      vertex 116.0000 4.5310 65.9016
    endloop
  endfacet
  facet normal 1.000000e+00 0.000000e+00 0.000000e+00
    outer loop
      vertex 116.0000 -0.3839 62.4601
      vertex 116.0000 4.5310 65.9016
      vertex 116.0000 3.3839 67.5399
    endloop
  endfacet
  facet normal 1.000000e+00 0.000000e+00 -0.000000e+00
    outer loop
      vertex 116.0000 -0.3839 62.4601
      vertex 116.0000 3.3839 67.5399
      vertex 116.0000 -1.5310 64.0984
    endloop
  endfacet
  facet normal -1.000000e+00 0.000000e+00 0.000000e+00
    outer loop
      vertex 102.0000 -0.3839 62.4601
      vertex 102.0000 -1.5310 64.0984
      vertex 102.0000 3.3839 67.5399
    endloop
  endfacet
  facet normal -1.000000e+00 0.000000e+00 0.000000e+00
    outer loop
      vertex 102.0000 -0.3839 62.4601
      vertex 102.0000 3.3839 67.5399
      vertex 102.0000 4.5310 65.9016
    endloop
  endfacet
endsolid louver_44
solid louver_45
  facet normal 0.000000e+00 5.735764e-01 -8.191520e-01
    outer loop
      vertex 123.0000 -0.3839 62.4601
      vertex 123.0000 4.5310 65.9016
      vertex 137.0000 4.5310 65.9016
    endloop
  endfacet
  facet normal 0.000000e+00 5.735764e-01 -8.191520e-01
    outer loop
      vertex 123.0000 -0.3839 62.4601
      vertex 137.0000 4.5310 65.9016
      vertex 137.0000 -0.3839 62.4601
    endloop
  endfacet
  facet normal 0.000000e+00 -5.735764e-01 8.191520e-01
    outer loop
      vertex 123.0000 -1.5310 64.0984
      vertex 137.0000 -1.5310 64.0984
      vertex 137.0000 3.3839 67.5399
    endloop
  endfacet
  facet normal 0.000000e+00 -5.735764e-01 8.191520e-01
    outer loop
      vertex 123.0000 -1.5310 64.0984
      vertex 137.0000 3.3839 67.5399
      vertex 123.0000 3.3839 67.5399
    endloop
  endfacet
  facet normal 0.000000e+00 -8.191520e-01 -5.735764e-01
    outer loop
      vertex 123.0000 -0.3839 62.4601
      vertex 137.0000 -0.3839 62.4601
      vertex 137.0000 -1.5310 64.0984
    endloop
  endfacet
  facet normal 0.000000e+00 -8.191520e-01 -5.735764e-01
    outer loop
      vertex 123.0000 -0.3839 62.4601
      vertex 137.0000 -1.5310 64.0984
      vertex 123.0000 -1.5310 64.0984
    endloop
  endfacet
  facet normal 0.000000e+00 8.191520e-01 5.735764e-01
    outer loop
      vertex 123.0000 4.5310 65.9016
      vertex 123.0000 3.3839 67.5399
      vertex 137.0000 3.3839 67.5399
    endloop
  endfacet
  facet normal -0.000000e+00 8.191520e-01 5.735764e-01
    outer loop
      vertex 123.0000 4.5310 65.9016
      vertex 137.0000 3.3839 67.5399
      vertex 137.0000 4.5310 65.9016
    endloop
  endfacet
  facet normal 1.000000e+00 0.000000e+00 0.000000e+00
    outer loop
      vertex 137.0000 -0.3839 62.4601
      vertex 137.0000 4.5310 65.9016
      vertex 137.0000 3.3839 67.5399
    endloop
  endfacet
  facet normal 1.000000e+00 0.000000e+00 -0.000000e+00
    outer loop
      vertex 137.0000 -0.3839 62.4601
      vertex 137.0000 3.3839 67.5399
      vertex 137.0000 -1.5310 64.0984
    endloop
  endfacet
  facet normal -1.000000e+00 0.000000e+00 0.000000e+00
    outer loop
      vertex 123.0000 -0.3839 62.4601
      vertex 123.0000 -1.5310 64.0984
      vertex 123.0000 3.3839 67.5399
    endloop
  endfacet
  facet normal -1.000000e+00 0.000000e+00 0.000000e+00
    outer loop
      vertex 123.0000 -0.3839 62.4601
      vertex 123.0000 3.3839 67.5399
      vertex 123.0000 4.5310 65.9016
    endloop
  endfacet
endsolid louver_45
solid louver_46
  facet normal 0.000000e+00 5.735764e-01 -8.191520e-01
    outer loop
      vertex 144.0000 -0.3839 62.4601
      vertex 144.0000 4.5310 65.9016
      vertex 158.0000 4.5310 65.9016
    endloop
  endfacet
  facet normal 0.000000e+00 5.735764e-01 -8.191520e-01
    outer loop
      vertex 144.0000 -0.3839 62.4601
      vertex 158.0000 4.5310 65.9016
      vertex 158.0000 -0.3839 62.4601
    endloop
  endfacet
  facet normal 0.000000e+00 -5.735764e-01 8.191520e-01
    outer loop
      vertex 144.0000 -1.5310 64.0984
      vertex 158.0000 -1.5310 64.0984
      vertex 158.0000 3.3839 67.5399
    endloop
  endfacet
  facet normal 0.000000e+00 -5.735764e-01 8.191520e-01
    outer loop
      vertex 144.0000 -1.5310 64.0984
      vertex 158.0000 3.3839 67.5399
      vertex 144.0000 3.3839 67.5399
    endloop
  endfacet
  facet normal 0.000000e+00 -8.191520e-01 -5.735764e-01
    outer loop
      vertex 144.0000 -0.3839 62.4601
      vertex 158.0000 -0.3839 62.4601
      vertex 158.0000 -1.5310 64.0984
    endloop
  endfacet
  facet normal 0.000000e+00 -8.191520e-01 -5.735764e-01
    outer loop
      vertex 144.0000 -0.3839 62.4601
      vertex 158.0000 -1.5310 64.0984
      vertex 144.0000 -1.5310 64.0984
    endloop
  endfacet
  facet normal 0.000000e+00 8.191520e-01 5.735764e-01
    outer loop
      vertex 144.0000 4.5310 65.9016
      vertex 144.0000 3.3839 67.5399
      vertex 158.0000 3.3839 67.5399
    endloop
  endfacet
  facet normal -0.000000e+00 8.191520e-01 5.735764e-01
    outer loop
      vertex 144.0000 4.5310 65.9016
      vertex 158.0000 3.3839 67.5399
      vertex 158.0000 4.5310 65.9016
    endloop
  endfacet
  facet normal 1.000000e+00 0.000000e+00 0.000000e+00
    outer loop
      vertex 158.0000 -0.3839 62.4601
      vertex 158.0000 4.5310 65.9016
      vertex 158.0000 3.3839 67.5399
    endloop
  endfacet
  facet normal 1.000000e+00 0.000000e+00 -0.000000e+00
    outer loop
      vertex 158.0000 -0.3839 62.4601
      vertex 158.0000 3.3839 67.5399
      vertex 158.0000 -1.5310 64.0984
    endloop
  endfacet
  facet normal -1.000000e+00 0.000000e+00 0.000000e+00
    outer loop
      vertex 144.0000 -0.3839 62.4601
      vertex 144.0000 -1.5310 64.0984
      vertex 144.0000 3.3839 67.5399
    endloop
  endfacet
  facet normal -1.000000e+00 0.000000e+00 0.000000e+00
    outer loop
      vertex 144.0000 -0.3839 62.4601
      vertex 144.0000 3.3839 67.5399
      vertex 144.0000 4.5310 65.9016
    endloop
  endfacet
endsolid louver_46
solid louver_47
  facet normal 0.000000e+00 5.735764e-01 -8.191520e-01
    outer loop
      vertex 165.0000 -0.3839 62.4601
      vertex 165.0000 4.5310 65.9016
      vertex 179.0000 4.5310 65.9016
    endloop
  endfacet
  facet normal 0.000000e+00 5.735764e-01 -8.191520e-01
    outer loop
      vertex 165.0000 -0.3839 62.4601
      vertex 179.0000 4.5310 65.9016
      vertex 179.0000 -0.3839 62.4601
    endloop
  endfacet
  facet normal 0.000000e+00 -5.735764e-01 8.191520e-01
    outer loop
      vertex 165.0000 -1.5310 64.0984
      vertex 179.0000 -1.5310 64.0984
      vertex 179.0000 3.3839 67.5399
    endloop
  endfacet
  facet normal 0.000000e+00 -5.735764e-01 8.191520e-01
    outer loop
      vertex 165.0000 -1.5310 64.0984
      vertex 179.0000 3.3839 67.5399
      vertex 165.0000 3.3839 67.5399
    endloop
  endfacet
  facet normal 0.000000e+00 -8.191520e-01 -5.735764e-01
    outer loop
      vertex 165.0000 -0.3839 62.4601
      vertex 179.0000 -0.3839 62.4601
      vertex 179.0000 -1.5310 64.0984
    endloop
  endfacet
  facet normal 0.000000e+00 -8.191520e-01 -5.735764e-01
    outer loop
      vertex 165.0000 -0.3839 62.4601
      vertex 179.0000 -1.5310 64.0984
      vertex 165.0000 -1.5310 64.0984
    endloop
  endfacet
  facet normal 0.000000e+00 8.191520e-01 5.735764e-01
    outer loop
      vertex 165.0000 4.5310 65.9016
      vertex 165.0000 3.3839 67.5399
      vertex 179.0000 3.3839 67.5399
    endloop
  endfacet
  facet normal -0.000000e+00 8.191520e-01 5.735764e-01
    outer loop
      vertex 165.0000 4.5310 65.9016
      vertex 179.0000 3.3839 67.5399
      vertex 179.0000 4.5310 65.9016
    endloop
  endfacet
  facet normal 1.000000e+00 0.000000e+00 0.000000e+00
    outer loop
      vertex 179.0000 -0.3839 62.4601
      vertex 179.0000 4.5310 65.9016
      vertex 179.0000 3.3839 67.5399
    endloop
  endfacet
  facet normal 1.000000e+00 0.000000e+00 -0.000000e+00
    outer loop
      vertex 179.0000 -0.3839 62.4601
      vertex 179.0000 3.3839 67.5399
      vertex 179.0000 -1.5310 64.0984
    endloop
  endfacet
  facet normal -1.000000e+00 0.000000e+00 0.000000e+00
    outer loop
      vertex 165.0000 -0.3839 62.4601
      vertex 165.0000 -1.5310 64.0984
      vertex 165.0000 3.3839 67.5399
    endloop
  endfacet
  facet normal -1.000000e+00 0.000000e+00 0.000000e+00
    outer loop
      vertex 165.0000 -0.3839 62.4601
      vertex 165.0000 3.3839 67.5399
      vertex 165.0000 4.5310 65.9016
    endloop
  endfacet
endsolid louver_47
solid louver_48
  facet normal 0.000000e+00 5.735764e-01 -8.191520e-01
    outer loop
      vertex 18.0000 136.6161 22.4601
      vertex 18.0000 141.5310 25.9016
      vertex 32.0000 141.5310 25.9016
    endloop
  endfacet
  facet normal 0.000000e+00 5.735764e-01 -8.191520e-01
    outer loop
      vertex 18.0000 136.6161 22.4601
      vertex 32.0000 141.5310 25.9016
      vertex 32.0000 136.6161 22.4601
    endloop
  endfacet
  facet normal 0.000000e+00 -5.735764e-01 8.191520e-01
    outer loop
      vertex 18.0000 135.4690 24.0984
      vertex 32.0000 135.4690 24.0984
      vertex 32.0000 140.3839 27.5399
    endloop
  endfacet
  facet normal 0.000000e+00 -5.735764e-01 8.191520e-01
    outer loop
      vertex 18.0000 135.4690 24.0984
      vertex 32.0000 140.3839 27.5399
      vertex 18.0000 140.3839 27.5399
    endloop
  endfacet
  facet normal 0.000000e+00 -8.191520e-01 -5.735764e-01
    outer loop
      vertex 18.0000 136.6161 22.4601
      vertex 32.0000 136.6161 22.4601
      vertex 32.0000 135.4690 24.0984
    endloop
  endfacet
  facet normal 0.000000e+00 -8.191520e-01 -5.735764e-01
    outer loop
      vertex 18.0000 136.6161 22.4601
      vertex 32.0000 135.4690 24.0984
      vertex 18.0000 135.4690 24.0984
    endloop
  endfacet
  facet normal 0.000000e+00 8.191520e-01 5.735764e-01
    outer loop
      vertex 18.0000 141.5310 25.9016
      vertex 18.0000 140.3839 27.5399
      vertex 32.0000 140.3839 27.5399
    endloop
  endfacet
  facet normal -0.000000e+00 8.191520e-01 5.735764e-01
    outer loop
      vertex 18.0000 141.5310 25.9016
      vertex 32.0000 140.3839 27.5399
      vertex 32.0000 141.5310 25.9016
    endloop
  endfacet
  facet normal 1.000000e+00 0.000000e+00 0.000000e+00
    outer loop
      vertex 32.0000 136.6161 22.4601
      vertex 32.0000 141.5310 25.9016
      vertex 32.0000 140.3839 27.5399
    endloop
  endfacet
  facet normal 1.000000e+00 0.000000e+00 -0.000000e+00
    outer loop
      vertex 32.0000 136.6161 22.4601
      vertex 32.0000 140.3839 27.5399
      vertex 32.0000 135.4690 24.0984
    endloop
  endfacet
  facet normal -1.000000e+00 0.000000e+00 0.000000e+00
    outer loop
      vertex 18.0000 136.6161 22.4601
      vertex 18.0000 135.4690 24.0984
      vertex 18.0000 140.3839 27.5399
    endloop
  endfacet
  facet normal -1.000000e+00 0.000000e+00 0.000000e+00
    outer loop
      vertex 18.0000 136.6161 22.4601
      vertex 18.0000 140.3839 27.5399
      vertex 18.0000 141.5310 25.9016
    endloop
  endfacet
endsolid louver_48
solid louver_49
  facet normal 0.000000e+00 5.735764e-01 -8.191520e-01
    outer loop
      vertex 39.0000 136.6161 22.4601
      vertex 39.0000 141.5310 25.9016
      vertex 53.0000 141.5310 25.9016
    endloop
  endfacet
  facet normal 0.000000e+00 5.735764e-01 -8.191520e-01
    outer loop
      vertex 39.0000 136.6161 22.4601
      vertex 53.0000 141.5310 25.9016
      vertex 53.0000 136.6161 22.4601
    endloop
  endfacet
  facet normal 0.000000e+00 -5.735764e-01 8.191520e-01
    outer loop
      vertex 39.0000 135.4690 24.0984
      vertex 53.0000 135.4690 24.0984
      vertex 53.0000 140.3839 27.5399
    endloop
  endfacet
  facet normal 0.000000e+00 -5.735764e-01 8.191520e-01
    outer loop
      vertex 39.0000 135.4690 24.0984
      vertex 53.0000 140.3839 27.5399
      vertex 39.0000 140.3839 27.5399
    endloop
  endfacet
  facet normal 0.000000e+00 -8.191520e-01 -5.735764e-01
    outer loop
      vertex 39.0000 136.6161 22.4601
      vertex 53.0000 136.6161 22.4601
      vertex 53.0000 135.4690 24.0984
    endloop
  endfacet
  facet normal 0.000000e+00 -8.191520e-01 -5.735764e-01
    outer loop
      vertex 39.0000 136.6161 22.4601
      vertex 53.0000 135.4690 24.0984
      vertex 39.0000 135.4690 24.0984
    endloop
  endfacet
  facet normal 0.000000e+00 8.191520e-01 5.735764e-01
    outer loop
      vertex 39.0000 141.5310 25.9016
      vertex 39.0000 140.3839 27.5399
      vertex 53.0000 140.3839 27.5399
    endloop
  endfacet
  facet normal -0.000000e+00 8.191520e-01 5.735764e-01
    outer loop
      vertex 39.0000 141.5310 25.9016
      vertex 53.0000 140.3839 27.5399
      vertex 53.0000 141.5310 25.9016
    endloop
  endfacet
  facet normal 1.000000e+00 0.000000e+00 0.000000e+00
    outer loop
      vertex 53.0000 136.6161 22.4601
      vertex 53.0000 141.5310 25.9016
      vertex 53.0000 140.3839 27.5399
    endloop
  endfacet
  facet normal 1.000000e+00 0.000000e+00 -0.000000e+00
    outer loop
      vertex 53.0000 136.6161 22.4601
      vertex 53.0000 140.3839 27.5399
      vertex 53.0000 135.4690 24.0984
    endloop
  endfacet
  facet normal -1.000000e+00 0.000000e+00 0.000000e+00
    outer loop
      vertex 39.0000 136.6161 22.4601
      vertex 39.0000 135.4690 24.0984
      vertex 39.0000 140.3839 27.5399
    endloop
  endfacet
  facet normal -1.000000e+00 0.000000e+00 0.000000e+00
    outer loop
      vertex 39.0000 136.6161 22.4601
      vertex 39.0000 140.3839 27.5399
      vertex 39.0000 141.5310 25.9016
    endloop
  endfacet
endsolid louver_49
solid louver_50
  facet normal 0.000000e+00 5.735764e-01 -8.191520e-01
    outer loop
      vertex 60.0000 136.6161 22.4601
      vertex 60.0000 141.5310 25.9016
      vertex 74.0000 141.5310 25.9016
    endloop
  endfacet
  facet normal 0.000000e+00 5.735764e-01 -8.191520e-01
    outer loop
      vertex 60.0000 136.6161 22.4601
      vertex 74.0000 141.5310 25.9016
      vertex 74.0000 136.6161 22.4601
    endloop
  endfacet
  facet normal 0.000000e+00 -5.735764e-01 8.191520e-01
    outer loop
      vertex 60.0000 135.4690 24.0984
      vertex 74.0000 135.4690 24.0984
      vertex 74.0000 140.3839 27.5399
    endloop
  endfacet
  facet normal 0.000000e+00 -5.735764e-01 8.191520e-01
    outer loop
      vertex 60.0000 135.4690 24.0984
      vertex 74.0000 140.3839 27.5399
      vertex 60.0000 140.3839 27.5399
    endloop
  endfacet
  facet normal 0.000000e+00 -8.191520e-01 -5.735764e-01
    outer loop
      vertex 60.0000 136.6161 22.4601
      vertex 74.0000 136.6161 22.4601
      vertex 74.0000 135.4690 24.0984
    endloop
  endfacet
  facet normal 0.000000e+00 -8.191520e-01 -5.735764e-01
    outer loop
      vertex 60.0000 136.6161 22.4601
      vertex 74.0000 135.4690 24.0984
      vertex 60.0000 135.4690 24.0984
    endloop
  endfacet
  facet normal 0.000000e+00 8.191520e-01 5.735764e-01
    outer loop
      vertex 60.0000 141.5310 25.9016
      vertex 60.0000 140.3839 27.5399
      vertex 74.0000 140.3839 27.5399
    endloop
  endfacet
  facet normal -0.000000e+00 8.191520e-01 5.735764e-01
    outer loop
      vertex 60.0000 141.5310 25.9016
      vertex 74.0000 140.3839 27.5399
      vertex 74.0000 141.5310 25.9016
    endloop
  endfacet
  facet normal 1.000000e+00 0.000000e+00 0.000000e+00
    outer loop
      vertex 74.0000 136.6161 22.4601
      vertex 74.0000 141.5310 25.9016
      vertex 74.0000 140.3839 27.5399
    endloop
  endfacet
  facet normal 1.000000e+00 0.000000e+00 -0.000000e+00
    outer loop
      vertex 74.0000 136.6161 22.4601
      vertex 74.0000 140.3839 27.5399
      vertex 74.0000 135.4690 24.0984
    endloop
  endfacet
  facet normal -1.000000e+00 0.000000e+00 0.000000e+00
    outer loop
      vertex 60.0000 136.6161 22.4601
      vertex 60.0000 135.4690 24.0984
      vertex 60.0000 140.3839 27.5399
    endloop
  endfacet
  facet normal -1.000000e+00 0.000000e+00 0.000000e+00
    outer loop
      vertex 60.0000 136.6161 22.4601
      vertex 60.0000 140.3839 27.5399
      vertex 60.0000 141.5310 25.9016
    endloop
  endfacet
endsolid louver_50
solid louver_51
  facet normal 0.000000e+00 5.735764e-01 -8.191520e-01
    outer loop
      vertex 81.0000 136.6161 22.4601
      vertex 81.0000 141.5310 25.9016
      vertex 95.0000 141.5310 25.9016
    endloop
  endfacet
  facet normal 0.000000e+00 5.735764e-01 -8.191520e-01
    outer loop
      vertex 81.0000 136.6161 22.4601
      vertex 95.0000 141.5310 25.9016
      vertex 95.0000 136.6161 22.4601
    endloop
  endfacet
  facet normal 0.000000e+00 -5.735764e-01 8.191520e-01
    outer loop
      vertex 81.0000 135.4690 24.0984
      vertex 95.0000 135.4690 24.0984
      vertex 95.0000 140.3839 27.5399
    endloop
  endfacet
  facet normal 0.000000e+00 -5.735764e-01 8.191520e-01
    outer loop
      vertex 81.0000 135.4690 24.0984
      vertex 95.0000 140.3839 27.5399
      vertex 81.0000 140.3839 27.5399
    endloop
  endfacet
  facet normal 0.000000e+00 -8.191520e-01 -5.735764e-01
    outer loop
      vertex 81.0000 136.6161 22.4601
      vertex 95.0000 136.6161 22.4601
      vertex 95.0000 135.4690 24.0984
    endloop
  endfacet
  facet normal 0.000000e+00 -8.191520e-01 -5.735764e-01
    outer loop
      vertex 81.0000 136.6161 22.4601
      vertex 95.0000 135.4690 24.0984
      vertex 81.0000 135.4690 24.0984
    endloop
  endfacet
  facet normal 0.000000e+00 8.191520e-01 5.735764e-01
    outer loop
      vertex 81.0000 141.5310 25.9016
      vertex 81.0000 140.3839 27.5399
      vertex 95.0000 140.3839 27.5399
    endloop
  endfacet
  facet normal -0.000000e+00 8.191520e-01 5.735764e-01
    outer loop
      vertex 81.0000 141.5310 25.9016
      vertex 95.0000 140.3839 27.5399
      vertex 95.0000 141.5310 25.9016
    endloop
  endfacet
  facet normal 1.000000e+00 0.000000e+00 0.000000e+00
    outer loop
      vertex 95.0000 136.6161 22.4601
      vertex 95.0000 141.5310 25.9016
      vertex 95.0000 140.3839 27.5399
    endloop
  endfacet
  facet normal 1.000000e+00 0.000000e+00 -0.000000e+00
    outer loop
      vertex 95.0000 136.6161 22.4601
      vertex 95.0000 140.3839 27.5399
      vertex 95.0000 135.4690 24.0984
    endloop
  endfacet
  facet normal -1.000000e+00 0.000000e+00 0.000000e+00
    outer loop
      vertex 81.0000 136.6161 22.4601
      vertex 81.0000 135.4690 24.0984
      vertex 81.0000 140.3839 27.5399
    endloop
  endfacet
  facet normal -1.000000e+00 0.000000e+00 0.000000e+00
    outer loop
      vertex 81.0000 136.6161 22.4601
      vertex 81.0000 140.3839 27.5399
      vertex 81.0000 141.5310 25.9016
    endloop
  endfacet
endsolid louver_51
solid louver_52
  facet normal 0.000000e+00 5.735764e-01 -8.191520e-01
    outer loop
      vertex 102.0000 136.6161 22.4601
      vertex 102.0000 141.5310 25.9016
      vertex 116.0000 141.5310 25.9016
    endloop
  endfacet
  facet normal 0.000000e+00 5.735764e-01 -8.191520e-01
    outer loop
      vertex 102.0000 136.6161 22.4601
      vertex 116.0000 141.5310 25.9016
      vertex 116.0000 136.6161 22.4601
    endloop
  endfacet
  facet normal 0.000000e+00 -5.735764e-01 8.191520e-01
    outer loop
      vertex 102.0000 135.4690 24.0984
      vertex 116.0000 135.4690 24.0984
      vertex 116.0000 140.3839 27.5399
    endloop
  endfacet
  facet normal 0.000000e+00 -5.735764e-01 8.191520e-01
    outer loop
      vertex 102.0000 135.4690 24.0984
      vertex 116.0000 140.3839 27.5399
      vertex 102.0000 140.3839 27.5399
    endloop
  endfacet
  facet normal 0.000000e+00 -8.191520e-01 -5.735764e-01
    outer loop
      vertex 102.0000 136.6161 22.4601
      vertex 116.0000 136.6161 22.4601
      vertex 116.0000 135.4690 24.0984
    endloop
  endfacet
  facet normal 0.000000e+00 -8.191520e-01 -5.735764e-01
    outer loop
      vertex 102.0000 136.6161 22.4601
      vertex 116.0000 135.4690 24.0984
      vertex 102.0000 135.4690 24.0984
    endloop
  endfacet
  facet normal 0.000000e+00 8.191520e-01 5.735764e-01
    outer loop
      vertex 102.0000 141.5310 25.9016
      vertex 102.0000 140.3839 27.5399
      vertex 116.0000 140.3839 27.5399
    endloop
  endfacet
  facet normal -0.000000e+00 8.191520e-01 5.735764e-01
    outer loop
      vertex 102.0000 141.5310 25.9016
      vertex 116.0000 140.3839 27.5399
      vertex 116.0000 141.5310 25.9016
    endloop
  endfacet
  facet normal 1.000000e+00 0.000000e+00 0.000000e+00
    outer loop
      vertex 116.0000 136.6161 22.4601
      vertex 116.0000 141.5310 25.9016
      vertex 116.0000 140.3839 27.5399
    endloop
  endfacet
  facet normal 1.000000e+00 0.000000e+00 -0.000000e+00
    outer loop
      vertex 116.0000 136.6161 22.4601
      vertex 116.0000 140.3839 27.5399
      vertex 116.0000 135.4690 24.0984
    endloop
  endfacet
  facet normal -1.000000e+00 0.000000e+00 0.000000e+00
    outer loop
      vertex 102.0000 136.6161 22.4601
      vertex 102.0000 135.4690 24.0984
      vertex 102.0000 140.3839 27.5399
    endloop
  endfacet
  facet normal -1.000000e+00 0.000000e+00 0.000000e+00
    outer loop
      vertex 102.0000 136.6161 22.4601
      vertex 102.0000 140.3839 27.5399
      vertex 102.0000 141.5310 25.9016
    endloop
  endfacet
endsolid louver_52
solid louver_53
  facet normal 0.000000e+00 5.735764e-01 -8.191520e-01
    outer loop
      vertex 123.0000 136.6161 22.4601
      vertex 123.0000 141.5310 25.9016
      vertex 137.0000 141.5310 25.9016
    endloop
  endfacet
  facet normal 0.000000e+00 5.735764e-01 -8.191520e-01
    outer loop
      vertex 123.0000 136.6161 22.4601
      vertex 137.0000 141.5310 25.9016
      vertex 137.0000 136.6161 22.4601
    endloop
  endfacet
  facet normal 0.000000e+00 -5.735764e-01 8.191520e-01
    outer loop
      vertex 123.0000 135.4690 24.0984
      vertex 137.0000 135.4690 24.0984
      vertex 137.0000 140.3839 27.5399
    endloop
  endfacet
  facet normal 0.000000e+00 -5.735764e-01 8.191520e-01
    outer loop
      vertex 123.0000 135.4690 24.0984
      vertex 137.0000 140.3839 27.5399
      vertex 123.0000 140.3839 27.5399
    endloop
  endfacet
  facet normal 0.000000e+00 -8.191520e-01 -5.735764e-01
    outer loop
      vertex 123.0000 136.6161 22.4601
      vertex 137.0000 136.6161 22.4601
      vertex 137.0000 135.4690 24.0984
    endloop
  endfacet
  facet normal 0.000000e+00 -8.191520e-01 -5.735764e-01
    outer loop
      vertex 123.0000 136.6161 22.4601
      vertex 137.0000 135.4690 24.0984
      vertex 123.0000 135.4690 24.0984
    endloop
  endfacet
  facet normal 0.000000e+00 8.191520e-01 5.735764e-01
    outer loop
      vertex 123.0000 141.5310 25.9016
      vertex 123.0000 140.3839 27.5399
      vertex 137.0000 140.3839 27.5399
    endloop
  endfacet
  facet normal -0.000000e+00 8.191520e-01 5.735764e-01
    outer loop
      vertex 123.0000 141.5310 25.9016
      vertex 137.0000 140.3839 27.5399
      vertex 137.0000 141.5310 25.9016
    endloop
  endfacet
  facet normal 1.000000e+00 0.000000e+00 0.000000e+00
    outer loop
      vertex 137.0000 136.6161 22.4601
      vertex 137.0000 141.5310 25.9016
      vertex 137.0000 140.3839 27.5399
    endloop
  endfacet
  facet normal 1.000000e+00 0.000000e+00 -0.000000e+00
    outer loop
      vertex 137.0000 136.6161 22.4601
      vertex 137.0000 140.3839 27.5399
      vertex 137.0000 135.4690 24.0984
    endloop
  endfacet
  facet normal -1.000000e+00 0.000000e+00 0.000000e+00
    outer loop
      vertex 123.0000 136.6161 22.4601
      vertex 123.0000 135.4690 24.0984
      vertex 123.0000 140.3839 27.5399
    endloop
  endfacet
  facet normal -1.000000e+00 0.000000e+00 0.000000e+00
    outer loop
      vertex 123.0000 136.6161 22.4601
      vertex 123.0000 140.3839 27.5399
      vertex 123.0000 141.5310 25.9016
    endloop
  endfacet
endsolid louver_53
solid louver_54
  facet normal 0.000000e+00 5.735764e-01 -8.191520e-01
    outer loop
      vertex 144.0000 136.6161 22.4601
      vertex 144.0000 141.5310 25.9016
      vertex 158.0000 141.5310 25.9016
    endloop
  endfacet
  facet normal 0.000000e+00 5.735764e-01 -8.191520e-01
    outer loop
      vertex 144.0000 136.6161 22.4601
      vertex 158.0000 141.5310 25.9016
      vertex 158.0000 136.6161 22.4601
    endloop
  endfacet
  facet normal 0.000000e+00 -5.735764e-01 8.191520e-01
    outer loop
      vertex 144.0000 135.4690 24.0984
      vertex 158.0000 135.4690 24.0984
      vertex 158.0000 140.3839 27.5399
    endloop
  endfacet
  facet normal 0.000000e+00 -5.735764e-01 8.191520e-01
    outer loop
      vertex 144.0000 135.4690 24.0984
      vertex 158.0000 140.3839 27.5399
      vertex 144.0000 140.3839 27.5399
    endloop
  endfacet
  facet normal 0.000000e+00 -8.191520e-01 -5.735764e-01
    outer loop
      vertex 144.0000 136.6161 22.4601
      vertex 158.0000 136.6161 22.4601
      vertex 158.0000 135.4690 24.0984
    endloop
  endfacet
  facet normal 0.000000e+00 -8.191520e-01 -5.735764e-01
    outer loop
      vertex 144.0000 136.6161 22.4601
      vertex 158.0000 135.4690 24.0984
      vertex 144.0000 135.4690 24.0984
    endloop
  endfacet
  facet normal 0.000000e+00 8.191520e-01 5.735764e-01
    outer loop
      vertex 144.0000 141.5310 25.9016
      vertex 144.0000 140.3839 27.5399
      vertex 158.0000 140.3839 27.5399
    endloop
  endfacet
  facet normal -0.000000e+00 8.191520e-01 5.735764e-01
    outer loop
      vertex 144.0000 141.5310 25.9016
      vertex 158.0000 140.3839 27.5399
      vertex 158.0000 141.5310 25.9016
    endloop
  endfacet
  facet normal 1.000000e+00 0.000000e+00 0.000000e+00
    outer loop
      vertex 158.0000 136.6161 22.4601
      vertex 158.0000 141.5310 25.9016
      vertex 158.0000 140.3839 27.5399
    endloop
  endfacet
  facet normal 1.000000e+00 0.000000e+00 -0.000000e+00
    outer loop
      vertex 158.0000 136.6161 22.4601
      vertex 158.0000 140.3839 27.5399
      vertex 158.0000 135.4690 24.0984
    endloop
  endfacet
  facet normal -1.000000e+00 0.000000e+00 0.000000e+00
    outer loop
      vertex 144.0000 136.6161 22.4601
      vertex 144.0000 135.4690 24.0984
      vertex 144.0000 140.3839 27.5399
    endloop
  endfacet
  facet normal -1.000000e+00 0.000000e+00 0.000000e+00
    outer loop
      vertex 144.0000 136.6161 22.4601
      vertex 144.0000 140.3839 27.5399
      vertex 144.0000 141.5310 25.9016
    endloop
  endfacet
endsolid louver_54
solid louver_55
  facet normal 0.000000e+00 5.735764e-01 -8.191520e-01
    outer loop
      vertex 165.0000 136.6161 22.4601
      vertex 165.0000 141.5310 25.9016
      vertex 179.0000 141.5310 25.9016
    endloop
  endfacet
  facet normal 0.000000e+00 5.735764e-01 -8.191520e-01
    outer loop
      vertex 165.0000 136.6161 22.4601
      vertex 179.0000 141.5310 25.9016
      vertex 179.0000 136.6161 22.4601
    endloop
  endfacet
  facet normal 0.000000e+00 -5.735764e-01 8.191520e-01
    outer loop
      vertex 165.0000 135.4690 24.0984
      vertex 179.0000 135.4690 24.0984
      vertex 179.0000 140.3839 27.5399
    endloop
  endfacet
  facet normal 0.000000e+00 -5.735764e-01 8.191520e-01
    outer loop
      vertex 165.0000 135.4690 24.0984
      vertex 179.0000 140.3839 27.5399
      vertex 165.0000 140.3839 27.5399
    endloop
  endfacet
  facet normal 0.000000e+00 -8.191520e-01 -5.735764e-01
    outer loop
      vertex 165.0000 136.6161 22.4601
      vertex 179.0000 136.6161 22.4601
      vertex 179.0000 135.4690 24.0984
    endloop
  endfacet
  facet normal 0.000000e+00 -8.191520e-01 -5.735764e-01
    outer loop
      vertex 165.0000 136.6161 22.4601
      vertex 179.0000 135.4690 24.0984
      vertex 165.0000 135.4690 24.0984
    endloop
  endfacet
  facet normal 0.000000e+00 8.191520e-01 5.735764e-01
    outer loop
      vertex 165.0000 141.5310 25.9016
      vertex 165.0000 140.3839 27.5399
      vertex 179.0000 140.3839 27.5399
    endloop
  endfacet
  facet normal -0.000000e+00 8.191520e-01 5.735764e-01
    outer loop
      vertex 165.0000 141.5310 25.9016
      vertex 179.0000 140.3839 27.5399
      vertex 179.0000 141.5310 25.9016
    endloop
  endfacet
  facet normal 1.000000e+00 0.000000e+00 0.000000e+00
    outer loop
      vertex 179.0000 136.6161 22.4601
      vertex 179.0000 141.5310 25.9016
      vertex 179.0000 140.3839 27.5399
    endloop
  endfacet
  facet normal 1.000000e+00 0.000000e+00 -0.000000e+00
    outer loop
      vertex 179.0000 136.6161 22.4601
      vertex 179.0000 140.3839 27.5399
      vertex 179.0000 135.4690 24.0984
    endloop
  endfacet
  facet normal -1.000000e+00 0.000000e+00 0.000000e+00
    outer loop
      vertex 165.0000 136.6161 22.4601
      vertex 165.0000 135.4690 24.0984
      vertex 165.0000 140.3839 27.5399
    endloop
  endfacet
  facet normal -1.000000e+00 0.000000e+00 0.000000e+00
    outer loop
      vertex 165.0000 136.6161 22.4601
      vertex 165.0000 140.3839 27.5399
      vertex 165.0000 141.5310 25.9016
    endloop
  endfacet
endsolid louver_55
solid louver_56
  facet normal 0.000000e+00 5.735764e-01 -8.191520e-01
    outer loop
      vertex 18.0000 136.6161 30.4601
      vertex 18.0000 141.5310 33.9016
      vertex 32.0000 141.5310 33.9016
    endloop
  endfacet
  facet normal 0.000000e+00 5.735764e-01 -8.191520e-01
    outer loop
      vertex 18.0000 136.6161 30.4601
      vertex 32.0000 141.5310 33.9016
      vertex 32.0000 136.6161 30.4601
    endloop
  endfacet
  facet normal 0.000000e+00 -5.735764e-01 8.191520e-01
    outer loop
      vertex 18.0000 135.4690 32.0984
      vertex 32.0000 135.4690 32.0984
      vertex 32.0000 140.3839 35.5399
    endloop
  endfacet
  facet normal 0.000000e+00 -5.735764e-01 8.191520e-01
    outer loop
      vertex 18.0000 135.4690 32.0984
      vertex 32.0000 140.3839 35.5399
      vertex 18.0000 140.3839 35.5399
    endloop
  endfacet
  facet normal 0.000000e+00 -8.191520e-01 -5.735764e-01
    outer loop
      vertex 18.0000 136.6161 30.4601
      vertex 32.0000 136.6161 30.4601
      vertex 32.0000 135.4690 32.0984
    endloop
  endfacet
  facet normal 0.000000e+00 -8.191520e-01 -5.735764e-01
    outer loop
      vertex 18.0000 136.6161 30.4601
      vertex 32.0000 135.4690 32.0984
      vertex 18.0000 135.4690 32.0984
    endloop
  endfacet
  facet normal 0.000000e+00 8.191520e-01 5.735764e-01
    outer loop
      vertex 18.0000 141.5310 33.9016
      vertex 18.0000 140.3839 35.5399
      vertex 32.0000 140.3839 35.5399
    endloop
  endfacet
  facet normal -0.000000e+00 8.191520e-01 5.735764e-01
    outer loop
      vertex 18.0000 141.5310 33.9016
      vertex 32.0000 140.3839 35.5399
      vertex 32.0000 141.5310 33.9016
    endloop
  endfacet
  facet normal 1.000000e+00 0.000000e+00 0.000000e+00
    outer loop
      vertex 32.0000 136.6161 30.4601
      vertex 32.0000 141.5310 33.9016
      vertex 32.0000 140.3839 35.5399
    endloop
  endfacet
  facet normal 1.000000e+00 0.000000e+00 -0.000000e+00
    outer loop
      vertex 32.0000 136.6161 30.4601
      vertex 32.0000 140.3839 35.5399
      vertex 32.0000 135.4690 32.0984
    endloop
  endfacet
  facet normal -1.000000e+00 0.000000e+00 0.000000e+00
    outer loop
      vertex 18.0000 136.6161 30.4601
      vertex 18.0000 135.4690 32.0984
      vertex 18.0000 140.3839 35.5399
    endloop
  endfacet
  facet normal -1.000000e+00 0.000000e+00 0.000000e+00
    outer loop
      vertex 18.0000 136.6161 30.4601
      vertex 18.0000 140.3839 35.5399
      vertex 18.0000 141.5310 33.9016
    endloop
  endfacet
endsolid louver_56
solid louver_57
  facet normal 0.000000e+00 5.735764e-01 -8.191520e-01
    outer loop
      vertex 39.0000 136.6161 30.4601
      vertex 39.0000 141.5310 33.9016
      vertex 53.0000 141.5310 33.9016
    endloop
  endfacet
  facet normal 0.000000e+00 5.735764e-01 -8.191520e-01
    outer loop
      vertex 39.0000 136.6161 30.4601
      vertex 53.0000 141.5310 33.9016
      vertex 53.0000 136.6161 30.4601
    endloop
  endfacet
  facet normal 0.000000e+00 -5.735764e-01 8.191520e-01
    outer loop
      vertex 39.0000 135.4690 32.0984
      vertex 53.0000 135.4690 32.0984
      vertex 53.0000 140.3839 35.5399
    endloop
  endfacet
  facet normal 0.000000e+00 -5.735764e-01 8.191520e-01
    outer loop
      vertex 39.0000 135.4690 32.0984
      vertex 53.0000 140.3839 35.5399
      vertex 39.0000 140.3839 35.5399
    endloop
  endfacet
  facet normal 0.000000e+00 -8.191520e-01 -5.735764e-01
    outer loop
      vertex 39.0000 136.6161 30.4601
      vertex 53.0000 136.6161 30.4601
      vertex 53.0000 135.4690 32.0984
    endloop
  endfacet
  facet normal 0.000000e+00 -8.191520e-01 -5.735764e-01
    outer loop
      vertex 39.0000 136.6161 30.4601
      vertex 53.0000 135.4690 32.0984
      vertex 39.0000 135.4690 32.0984
    endloop
  endfacet
  facet normal 0.000000e+00 8.191520e-01 5.735764e-01
    outer loop
      vertex 39.0000 141.5310 33.9016
      vertex 39.0000 140.3839 35.5399
      vertex 53.0000 140.3839 35.5399
    endloop
  endfacet
  facet normal -0.000000e+00 8.191520e-01 5.735764e-01
    outer loop
      vertex 39.0000 141.5310 33.9016
      vertex 53.0000 140.3839 35.5399
      vertex 53.0000 141.5310 33.9016
    endloop
  endfacet
  facet normal 1.000000e+00 0.000000e+00 0.000000e+00
    outer loop
      vertex 53.0000 136.6161 30.4601
      vertex 53.0000 141.5310 33.9016
      vertex 53.0000 140.3839 35.5399
    endloop
  endfacet
  facet normal 1.000000e+00 0.000000e+00 -0.000000e+00
    outer loop
      vertex 53.0000 136.6161 30.4601
      vertex 53.0000 140.3839 35.5399
      vertex 53.0000 135.4690 32.0984
    endloop
  endfacet
  facet normal -1.000000e+00 0.000000e+00 0.000000e+00
    outer loop
      vertex 39.0000 136.6161 30.4601
      vertex 39.0000 135.4690 32.0984
      vertex 39.0000 140.3839 35.5399
    endloop
  endfacet
  facet normal -1.000000e+00 0.000000e+00 0.000000e+00
    outer loop
      vertex 39.0000 136.6161 30.4601
      vertex 39.0000 140.3839 35.5399
      vertex 39.0000 141.5310 33.9016
    endloop
  endfacet
endsolid louver_57
solid louver_58
  facet normal 0.000000e+00 5.735764e-01 -8.191520e-01
    outer loop
      vertex 60.0000 136.6161 30.4601
      vertex 60.0000 141.5310 33.9016
      vertex 74.0000 141.5310 33.9016
    endloop
  endfacet
  facet normal 0.000000e+00 5.735764e-01 -8.191520e-01
    outer loop
      vertex 60.0000 136.6161 30.4601
      vertex 74.0000 141.5310 33.9016
      vertex 74.0000 136.6161 30.4601
    endloop
  endfacet
  facet normal 0.000000e+00 -5.735764e-01 8.191520e-01
    outer loop
      vertex 60.0000 135.4690 32.0984
      vertex 74.0000 135.4690 32.0984
      vertex 74.0000 140.3839 35.5399
    endloop
  endfacet
  facet normal 0.000000e+00 -5.735764e-01 8.191520e-01
    outer loop
      vertex 60.0000 135.4690 32.0984
      vertex 74.0000 140.3839 35.5399
      vertex 60.0000 140.3839 35.5399
    endloop
  endfacet
  facet normal 0.000000e+00 -8.191520e-01 -5.735764e-01
    outer loop
      vertex 60.0000 136.6161 30.4601
      vertex 74.0000 136.6161 30.4601
      vertex 74.0000 135.4690 32.0984
    endloop
  endfacet
  facet normal 0.000000e+00 -8.191520e-01 -5.735764e-01
    outer loop
      vertex 60.0000 136.6161 30.4601
      vertex 74.0000 135.4690 32.0984
      vertex 60.0000 135.4690 32.0984
    endloop
  endfacet
  facet normal 0.000000e+00 8.191520e-01 5.735764e-01
    outer loop
      vertex 60.0000 141.5310 33.9016
      vertex 60.0000 140.3839 35.5399
      vertex 74.0000 140.3839 35.5399
    endloop
  endfacet
  facet normal -0.000000e+00 8.191520e-01 5.735764e-01
    outer loop
      vertex 60.0000 141.5310 33.9016
      vertex 74.0000 140.3839 35.5399
      vertex 74.0000 141.5310 33.9016
    endloop
  endfacet
  facet normal 1.000000e+00 0.000000e+00 0.000000e+00
    outer loop
      vertex 74.0000 136.6161 30.4601
      vertex 74.0000 141.5310 33.9016
      vertex 74.0000 140.3839 35.5399
    endloop
  endfacet
  facet normal 1.000000e+00 0.000000e+00 -0.000000e+00
    outer loop
      vertex 74.0000 136.6161 30.4601
      vertex 74.0000 140.3839 35.5399
      vertex 74.0000 135.4690 32.0984
    endloop
  endfacet
  facet normal -1.000000e+00 0.000000e+00 0.000000e+00
    outer loop
      vertex 60.0000 136.6161 30.4601
      vertex 60.0000 135.4690 32.0984
      vertex 60.0000 140.3839 35.5399
    endloop
  endfacet
  facet normal -1.000000e+00 0.000000e+00 0.000000e+00
    outer loop
      vertex 60.0000 136.6161 30.4601
      vertex 60.0000 140.3839 35.5399
      vertex 60.0000 141.5310 33.9016
    endloop
  endfacet
endsolid louver_58
solid louver_59
  facet normal 0.000000e+00 5.735764e-01 -8.191520e-01
    outer loop
      vertex 81.0000 136.6161 30.4601
      vertex 81.0000 141.5310 33.9016
      vertex 95.0000 141.5310 33.9016
    endloop
  endfacet
  facet normal 0.000000e+00 5.735764e-01 -8.191520e-01
    outer loop
      vertex 81.0000 136.6161 30.4601
      vertex 95.0000 141.5310 33.9016
      vertex 95.0000 136.6161 30.4601
    endloop
  endfacet
  facet normal 0.000000e+00 -5.735764e-01 8.191520e-01
    outer loop
      vertex 81.0000 135.4690 32.0984
      vertex 95.0000 135.4690 32.0984
      vertex 95.0000 140.3839 35.5399
    endloop
  endfacet
  facet normal 0.000000e+00 -5.735764e-01 8.191520e-01
    outer loop
      vertex 81.0000 135.4690 32.0984
      vertex 95.0000 140.3839 35.5399
      vertex 81.0000 140.3839 35.5399
    endloop
  endfacet
  facet normal 0.000000e+00 -8.191520e-01 -5.735764e-01
    outer loop
      vertex 81.0000 136.6161 30.4601
      vertex 95.0000 136.6161 30.4601
      vertex 95.0000 135.4690 32.0984
    endloop
  endfacet
  facet normal 0.000000e+00 -8.191520e-01 -5.735764e-01
    outer loop
      vertex 81.0000 136.6161 30.4601
      vertex 95.0000 135.4690 32.0984
      vertex 81.0000 135.4690 32.0984
    endloop
  endfacet
  facet normal 0.000000e+00 8.191520e-01 5.735764e-01
    outer loop
      vertex 81.0000 141.5310 33.9016
      vertex 81.0000 140.3839 35.5399
      vertex 95.0000 140.3839 35.5399
    endloop
  endfacet
  facet normal -0.000000e+00 8.191520e-01 5.735764e-01
    outer loop
      vertex 81.0000 141.5310 33.9016
      vertex 95.0000 140.3839 35.5399
      vertex 95.0000 141.5310 33.9016
    endloop
  endfacet
  facet normal 1.000000e+00 0.000000e+00 0.000000e+00
    outer loop
      vertex 95.0000 136.6161 30.4601
      vertex 95.0000 141.5310 33.9016
      vertex 95.0000 140.3839 35.5399
    endloop
  endfacet
  facet normal 1.000000e+00 0.000000e+00 -0.000000e+00
    outer loop
      vertex 95.0000 136.6161 30.4601
      vertex 95.0000 140.3839 35.5399
      vertex 95.0000 135.4690 32.0984
    endloop
  endfacet
  facet normal -1.000000e+00 0.000000e+00 0.000000e+00
    outer loop
      vertex 81.0000 136.6161 30.4601
      vertex 81.0000 135.4690 32.0984
      vertex 81.0000 140.3839 35.5399
    endloop
  endfacet
  facet normal -1.000000e+00 0.000000e+00 0.000000e+00
    outer loop
      vertex 81.0000 136.6161 30.4601
      vertex 81.0000 140.3839 35.5399
      vertex 81.0000 141.5310 33.9016
    endloop
  endfacet
endsolid louver_59
solid louver_60
  facet normal 0.000000e+00 5.735764e-01 -8.191520e-01
    outer loop
      vertex 102.0000 136.6161 30.4601
      vertex 102.0000 141.5310 33.9016
      vertex 116.0000 141.5310 33.9016
    endloop
  endfacet
  facet normal 0.000000e+00 5.735764e-01 -8.191520e-01
    outer loop
      vertex 102.0000 136.6161 30.4601
      vertex 116.0000 141.5310 33.9016
      vertex 116.0000 136.6161 30.4601
    endloop
  endfacet
  facet normal 0.000000e+00 -5.735764e-01 8.191520e-01
    outer loop
      vertex 102.0000 135.4690 32.0984
      vertex 116.0000 135.4690 32.0984
      vertex 116.0000 140.3839 35.5399
    endloop
  endfacet
  facet normal 0.000000e+00 -5.735764e-01 8.191520e-01
    outer loop
      vertex 102.0000 135.4690 32.0984
      vertex 116.0000 140.3839 35.5399
      vertex 102.0000 140.3839 35.5399
    endloop
  endfacet
  facet normal 0.000000e+00 -8.191520e-01 -5.735764e-01
    outer loop
      vertex 102.0000 136.6161 30.4601
      vertex 116.0000 136.6161 30.4601
      vertex 116.0000 135.4690 32.0984
    endloop
  endfacet
  facet normal 0.000000e+00 -8.191520e-01 -5.735764e-01
    outer loop
      vertex 102.0000 136.6161 30.4601
      vertex 116.0000 135.4690 32.0984
      vertex 102.0000 135.4690 32.0984
    endloop
  endfacet
  facet normal 0.000000e+00 8.191520e-01 5.735764e-01
    outer loop
      vertex 102.0000 141.5310 33.9016
      vertex 102.0000 140.3839 35.5399
      vertex 116.0000 140.3839 35.5399
    endloop
  endfacet
  facet normal -0.000000e+00 8.191520e-01 5.735764e-01
    outer loop
      vertex 102.0000 141.5310 33.9016
      vertex 116.0000 140.3839 35.5399
      vertex 116.0000 141.5310 33.9016
    endloop
  endfacet
  facet normal 1.000000e+00 0.000000e+00 0.000000e+00
    outer loop
      vertex 116.0000 136.6161 30.4601
      vertex 116.0000 141.5310 33.9016
      vertex 116.0000 140.3839 35.5399
    endloop
  endfacet
  facet normal 1.000000e+00 0.000000e+00 -0.000000e+00
    outer loop
      vertex 116.0000 136.6161 30.4601
      vertex 116.0000 140.3839 35.5399
      vertex 116.0000 135.4690 32.0984
    endloop
  endfacet
  facet normal -1.000000e+00 0.000000e+00 0.000000e+00
    outer loop
      vertex 102.0000 136.6161 30.4601
      vertex 102.0000 135.4690 32.0984
      vertex 102.0000 140.3839 35.5399
    endloop
  endfacet
  facet normal -1.000000e+00 0.000000e+00 0.000000e+00
    outer loop
      vertex 102.0000 136.6161 30.4601
      vertex 102.0000 140.3839 35.5399
      vertex 102.0000 141.5310 33.9016
    endloop
  endfacet
endsolid louver_60
solid louver_61
  facet normal 0.000000e+00 5.735764e-01 -8.191520e-01
    outer loop
      vertex 123.0000 136.6161 30.4601
      vertex 123.0000 141.5310 33.9016
      vertex 137.0000 141.5310 33.9016
    endloop
  endfacet
  facet normal 0.000000e+00 5.735764e-01 -8.191520e-01
    outer loop
      vertex 123.0000 136.6161 30.4601
      vertex 137.0000 141.5310 33.9016
      vertex 137.0000 136.6161 30.4601
    endloop
  endfacet
  facet normal 0.000000e+00 -5.735764e-01 8.191520e-01
    outer loop
      vertex 123.0000 135.4690 32.0984
      vertex 137.0000 135.4690 32.0984
      vertex 137.0000 140.3839 35.5399
    endloop
  endfacet
  facet normal 0.000000e+00 -5.735764e-01 8.191520e-01
    outer loop
      vertex 123.0000 135.4690 32.0984
      vertex 137.0000 140.3839 35.5399
      vertex 123.0000 140.3839 35.5399
    endloop
  endfacet
  facet normal 0.000000e+00 -8.191520e-01 -5.735764e-01
    outer loop
      vertex 123.0000 136.6161 30.4601
      vertex 137.0000 136.6161 30.4601
      vertex 137.0000 135.4690 32.0984
    endloop
  endfacet
  facet normal 0.000000e+00 -8.191520e-01 -5.735764e-01
    outer loop
      vertex 123.0000 136.6161 30.4601
      vertex 137.0000 135.4690 32.0984
      vertex 123.0000 135.4690 32.0984
    endloop
  endfacet
  facet normal 0.000000e+00 8.191520e-01 5.735764e-01
    outer loop
      vertex 123.0000 141.5310 33.9016
      vertex 123.0000 140.3839 35.5399
      vertex 137.0000 140.3839 35.5399
    endloop
  endfacet
  facet normal -0.000000e+00 8.191520e-01 5.735764e-01
    outer loop
      vertex 123.0000 141.5310 33.9016
      vertex 137.0000 140.3839 35.5399
      vertex 137.0000 141.5310 33.9016
    endloop
  endfacet
  facet normal 1.000000e+00 0.000000e+00 0.000000e+00
    outer loop
      vertex 137.0000 136.6161 30.4601
      vertex 137.0000 141.5310 33.9016
      vertex 137.0000 140.3839 35.5399
    endloop
  endfacet
  facet normal 1.000000e+00 0.000000e+00 -0.000000e+00
    outer loop
      vertex 137.0000 136.6161 30.4601
      vertex 137.0000 140.3839 35.5399
      vertex 137.0000 135.4690 32.0984
    endloop
  endfacet
  facet normal -1.000000e+00 0.000000e+00 0.000000e+00
    outer loop
      vertex 123.0000 136.6161 30.4601
      vertex 123.0000 135.4690 32.0984
      vertex 123.0000 140.3839 35.5399
    endloop
  endfacet
  facet normal -1.000000e+00 0.000000e+00 0.000000e+00
    outer loop
      vertex 123.0000 136.6161 30.4601
      vertex 123.0000 140.3839 35.5399
      vertex 123.0000 141.5310 33.9016
    endloop
  endfacet
endsolid louver_61
solid louver_62
  facet normal 0.000000e+00 5.735764e-01 -8.191520e-01
    outer loop
      vertex 144.0000 136.6161 30.4601
      vertex 144.0000 141.5310 33.9016
      vertex 158.0000 141.5310 33.9016
    endloop
  endfacet
  facet normal 0.000000e+00 5.735764e-01 -8.191520e-01
    outer loop
      vertex 144.0000 136.6161 30.4601
      vertex 158.0000 141.5310 33.9016
      vertex 158.0000 136.6161 30.4601
    endloop
  endfacet
  facet normal 0.000000e+00 -5.735764e-01 8.191520e-01
    outer loop
      vertex 144.0000 135.4690 32.0984
      vertex 158.0000 135.4690 32.0984
      vertex 158.0000 140.3839 35.5399
    endloop
  endfacet
  facet normal 0.000000e+00 -5.735764e-01 8.191520e-01
    outer loop
      vertex 144.0000 135.4690 32.0984
      vertex 158.0000 140.3839 35.5399
      vertex 144.0000 140.3839 35.5399
    endloop
  endfacet
  facet normal 0.000000e+00 -8.191520e-01 -5.735764e-01
    outer loop
      vertex 144.0000 136.6161 30.4601
      vertex 158.0000 136.6161 30.4601
      vertex 158.0000 135.4690 32.0984
    endloop
  endfacet
  facet normal 0.000000e+00 -8.191520e-01 -5.735764e-01
    outer loop
      vertex 144.0000 136.6161 30.4601
      vertex 158.0000 135.4690 32.0984
      vertex 144.0000 135.4690 32.0984
    endloop
  endfacet
  facet normal 0.000000e+00 8.191520e-01 5.735764e-01
    outer loop
      vertex 144.0000 141.5310 33.9016
      vertex 144.0000 140.3839 35.5399
      vertex 158.0000 140.3839 35.5399
    endloop
  endfacet
  facet normal -0.000000e+00 8.191520e-01 5.735764e-01
    outer loop
      vertex 144.0000 141.5310 33.9016
      vertex 158.0000 140.3839 35.5399
      vertex 158.0000 141.5310 33.9016
    endloop
  endfacet
  facet normal 1.000000e+00 0.000000e+00 0.000000e+00
    outer loop
      vertex 158.0000 136.6161 30.4601
      vertex 158.0000 141.5310 33.9016
      vertex 158.0000 140.3839 35.5399
    endloop
  endfacet
  facet normal 1.000000e+00 0.000000e+00 -0.000000e+00
    outer loop
      vertex 158.0000 136.6161 30.4601
      vertex 158.0000 140.3839 35.5399
      vertex 158.0000 135.4690 32.0984
    endloop
  endfacet
  facet normal -1.000000e+00 0.000000e+00 0.000000e+00
    outer loop
      vertex 144.0000 136.6161 30.4601
      vertex 144.0000 135.4690 32.0984
      vertex 144.0000 140.3839 35.5399
    endloop
  endfacet
  facet normal -1.000000e+00 0.000000e+00 0.000000e+00
    outer loop
      vertex 144.0000 136.6161 30.4601
      vertex 144.0000 140.3839 35.5399
      vertex 144.0000 141.5310 33.9016
    endloop
  endfacet
endsolid louver_62
solid louver_63
  facet normal 0.000000e+00 5.735764e-01 -8.191520e-01
    outer loop
      vertex 165.0000 136.6161 30.4601
      vertex 165.0000 141.5310 33.9016
      vertex 179.0000 141.5310 33.9016
    endloop
  endfacet
  facet normal 0.000000e+00 5.735764e-01 -8.191520e-01
    outer loop
      vertex 165.0000 136.6161 30.4601
      vertex 179.0000 141.5310 33.9016
      vertex 179.0000 136.6161 30.4601
    endloop
  endfacet
  facet normal 0.000000e+00 -5.735764e-01 8.191520e-01
    outer loop
      vertex 165.0000 135.4690 32.0984
      vertex 179.0000 135.4690 32.0984
      vertex 179.0000 140.3839 35.5399
    endloop
  endfacet
  facet normal 0.000000e+00 -5.735764e-01 8.191520e-01
    outer loop
      vertex 165.0000 135.4690 32.0984
      vertex 179.0000 140.3839 35.5399
      vertex 165.0000 140.3839 35.5399
    endloop
  endfacet
  facet normal 0.000000e+00 -8.191520e-01 -5.735764e-01
    outer loop
      vertex 165.0000 136.6161 30.4601
      vertex 179.0000 136.6161 30.4601
      vertex 179.0000 135.4690 32.0984
    endloop
  endfacet
  facet normal 0.000000e+00 -8.191520e-01 -5.735764e-01
    outer loop
      vertex 165.0000 136.6161 30.4601
      vertex 179.0000 135.4690 32.0984
      vertex 165.0000 135.4690 32.0984
    endloop
  endfacet
  facet normal 0.000000e+00 8.191520e-01 5.735764e-01
    outer loop
      vertex 165.0000 141.5310 33.9016
      vertex 165.0000 140.3839 35.5399
      vertex 179.0000 140.3839 35.5399
    endloop
  endfacet
  facet normal -0.000000e+00 8.191520e-01 5.735764e-01
    outer loop
      vertex 165.0000 141.5310 33.9016
      vertex 179.0000 140.3839 35.5399
      vertex 179.0000 141.5310 33.9016
    endloop
  endfacet
  facet normal 1.000000e+00 0.000000e+00 0.000000e+00
    outer loop
      vertex 179.0000 136.6161 30.4601
      vertex 179.0000 141.5310 33.9016
      vertex 179.0000 140.3839 35.5399
    endloop
  endfacet
  facet normal 1.000000e+00 0.000000e+00 -0.000000e+00
    outer loop
      vertex 179.0000 136.6161 30.4601
      vertex 179.0000 140.3839 35.5399
      vertex 179.0000 135.4690 32.0984
    endloop
  endfacet
  facet normal -1.000000e+00 0.000000e+00 0.000000e+00
    outer loop
      vertex 165.0000 136.6161 30.4601
      vertex 165.0000 135.4690 32.0984
      vertex 165.0000 140.3839 35.5399
    endloop
  endfacet
  facet normal -1.000000e+00 0.000000e+00 0.000000e+00
    outer loop
      vertex 165.0000 136.6161 30.4601
      vertex 165.0000 140.3839 35.5399
      vertex 165.0000 141.5310 33.9016
    endloop
  endfacet
endsolid louver_63
solid louver_64
  facet normal 0.000000e+00 5.735764e-01 -8.191520e-01
    outer loop
      vertex 18.0000 136.6161 38.4601
      vertex 18.0000 141.5310 41.9016
      vertex 32.0000 141.5310 41.9016
    endloop
  endfacet
  facet normal 0.000000e+00 5.735764e-01 -8.191520e-01
    outer loop
      vertex 18.0000 136.6161 38.4601
      vertex 32.0000 141.5310 41.9016
      vertex 32.0000 136.6161 38.4601
    endloop
  endfacet
  facet normal 0.000000e+00 -5.735764e-01 8.191520e-01
    outer loop
      vertex 18.0000 135.4690 40.0984
      vertex 32.0000 135.4690 40.0984
      vertex 32.0000 140.3839 43.5399
    endloop
  endfacet
  facet normal 0.000000e+00 -5.735764e-01 8.191520e-01
    outer loop
      vertex 18.0000 135.4690 40.0984
      vertex 32.0000 140.3839 43.5399
      vertex 18.0000 140.3839 43.5399
    endloop
  endfacet
  facet normal 0.000000e+00 -8.191520e-01 -5.735764e-01
    outer loop
      vertex 18.0000 136.6161 38.4601
      vertex 32.0000 136.6161 38.4601
      vertex 32.0000 135.4690 40.0984
    endloop
  endfacet
  facet normal 0.000000e+00 -8.191520e-01 -5.735764e-01
    outer loop
      vertex 18.0000 136.6161 38.4601
      vertex 32.0000 135.4690 40.0984
      vertex 18.0000 135.4690 40.0984
    endloop
  endfacet
  facet normal 0.000000e+00 8.191520e-01 5.735764e-01
    outer loop
      vertex 18.0000 141.5310 41.9016
      vertex 18.0000 140.3839 43.5399
      vertex 32.0000 140.3839 43.5399
    endloop
  endfacet
  facet normal -0.000000e+00 8.191520e-01 5.735764e-01
    outer loop
      vertex 18.0000 141.5310 41.9016
      vertex 32.0000 140.3839 43.5399
      vertex 32.0000 141.5310 41.9016
    endloop
  endfacet
  facet normal 1.000000e+00 0.000000e+00 0.000000e+00
    outer loop
      vertex 32.0000 136.6161 38.4601
      vertex 32.0000 141.5310 41.9016
      vertex 32.0000 140.3839 43.5399
    endloop
  endfacet
  facet normal 1.000000e+00 0.000000e+00 -0.000000e+00
    outer loop
      vertex 32.0000 136.6161 38.4601
      vertex 32.0000 140.3839 43.5399
      vertex 32.0000 135.4690 40.0984
    endloop
  endfacet
  facet normal -1.000000e+00 0.000000e+00 0.000000e+00
    outer loop
      vertex 18.0000 136.6161 38.4601
      vertex 18.0000 135.4690 40.0984
      vertex 18.0000 140.3839 43.5399
    endloop
  endfacet
  facet normal -1.000000e+00 0.000000e+00 0.000000e+00
    outer loop
      vertex 18.0000 136.6161 38.4601
      vertex 18.0000 140.3839 43.5399
      vertex 18.0000 141.5310 41.9016
    endloop
  endfacet
endsolid louver_64
solid louver_65
  facet normal 0.000000e+00 5.735764e-01 -8.191520e-01
    outer loop
      vertex 39.0000 136.6161 38.4601
      vertex 39.0000 141.5310 41.9016
      vertex 53.0000 141.5310 41.9016
    endloop
  endfacet
  facet normal 0.000000e+00 5.735764e-01 -8.191520e-01
    outer loop
      vertex 39.0000 136.6161 38.4601
      vertex 53.0000 141.5310 41.9016
      vertex 53.0000 136.6161 38.4601
    endloop
  endfacet
  facet normal 0.000000e+00 -5.735764e-01 8.191520e-01
    outer loop
      vertex 39.0000 135.4690 40.0984
      vertex 53.0000 135.4690 40.0984
      vertex 53.0000 140.3839 43.5399
    endloop
  endfacet
  facet normal 0.000000e+00 -5.735764e-01 8.191520e-01
    outer loop
      vertex 39.0000 135.4690 40.0984
      vertex 53.0000 140.3839 43.5399
      vertex 39.0000 140.3839 43.5399
    endloop
  endfacet
  facet normal 0.000000e+00 -8.191520e-01 -5.735764e-01
    outer loop
      vertex 39.0000 136.6161 38.4601
      vertex 53.0000 136.6161 38.4601
      vertex 53.0000 135.4690 40.0984
    endloop
  endfacet
  facet normal 0.000000e+00 -8.191520e-01 -5.735764e-01
    outer loop
      vertex 39.0000 136.6161 38.4601
      vertex 53.0000 135.4690 40.0984
      vertex 39.0000 135.4690 40.0984
    endloop
  endfacet
  facet normal 0.000000e+00 8.191520e-01 5.735764e-01
    outer loop
      vertex 39.0000 141.5310 41.9016
      vertex 39.0000 140.3839 43.5399
      vertex 53.0000 140.3839 43.5399
    endloop
  endfacet
  facet normal -0.000000e+00 8.191520e-01 5.735764e-01
    outer loop
      vertex 39.0000 141.5310 41.9016
      vertex 53.0000 140.3839 43.5399
      vertex 53.0000 141.5310 41.9016
    endloop
  endfacet
  facet normal 1.000000e+00 0.000000e+00 0.000000e+00
    outer loop
      vertex 53.0000 136.6161 38.4601
      vertex 53.0000 141.5310 41.9016
      vertex 53.0000 140.3839 43.5399
    endloop
  endfacet
  facet normal 1.000000e+00 0.000000e+00 -0.000000e+00
    outer loop
      vertex 53.0000 136.6161 38.4601
      vertex 53.0000 140.3839 43.5399
      vertex 53.0000 135.4690 40.0984
    endloop
  endfacet
  facet normal -1.000000e+00 0.000000e+00 0.000000e+00
    outer loop
      vertex 39.0000 136.6161 38.4601
      vertex 39.0000 135.4690 40.0984
      vertex 39.0000 140.3839 43.5399
    endloop
  endfacet
  facet normal -1.000000e+00 0.000000e+00 0.000000e+00
    outer loop
      vertex 39.0000 136.6161 38.4601
      vertex 39.0000 140.3839 43.5399
      vertex 39.0000 141.5310 41.9016
    endloop
  endfacet
endsolid louver_65
solid louver_66
  facet normal 0.000000e+00 5.735764e-01 -8.191520e-01
    outer loop
      vertex 60.0000 136.6161 38.4601
      vertex 60.0000 141.5310 41.9016
      vertex 74.0000 141.5310 41.9016
    endloop
  endfacet
  facet normal 0.000000e+00 5.735764e-01 -8.191520e-01
    outer loop
      vertex 60.0000 136.6161 38.4601
      vertex 74.0000 141.5310 41.9016
      vertex 74.0000 136.6161 38.4601
    endloop
  endfacet
  facet normal 0.000000e+00 -5.735764e-01 8.191520e-01
    outer loop
      vertex 60.0000 135.4690 40.0984
      vertex 74.0000 135.4690 40.0984
      vertex 74.0000 140.3839 43.5399
    endloop
  endfacet
  facet normal 0.000000e+00 -5.735764e-01 8.191520e-01
    outer loop
      vertex 60.0000 135.4690 40.0984
      vertex 74.0000 140.3839 43.5399
      vertex 60.0000 140.3839 43.5399
    endloop
  endfacet
  facet normal 0.000000e+00 -8.191520e-01 -5.735764e-01
    outer loop
      vertex 60.0000 136.6161 38.4601
      vertex 74.0000 136.6161 38.4601
      vertex 74.0000 135.4690 40.0984
    endloop
  endfacet
  facet normal 0.000000e+00 -8.191520e-01 -5.735764e-01
    outer loop
      vertex 60.0000 136.6161 38.4601
      vertex 74.0000 135.4690 40.0984
      vertex 60.0000 135.4690 40.0984
    endloop
  endfacet
  facet normal 0.000000e+00 8.191520e-01 5.735764e-01
    outer loop
      vertex 60.0000 141.5310 41.9016
      vertex 60.0000 140.3839 43.5399
      vertex 74.0000 140.3839 43.5399
    endloop
  endfacet
  facet normal -0.000000e+00 8.191520e-01 5.735764e-01
    outer loop
      vertex 60.0000 141.5310 41.9016
      vertex 74.0000 140.3839 43.5399
      vertex 74.0000 141.5310 41.9016
    endloop
  endfacet
  facet normal 1.000000e+00 0.000000e+00 0.000000e+00
    outer loop
      vertex 74.0000 136.6161 38.4601
      vertex 74.0000 141.5310 41.9016
      vertex 74.0000 140.3839 43.5399
    endloop
  endfacet
  facet normal 1.000000e+00 0.000000e+00 -0.000000e+00
    outer loop
      vertex 74.0000 136.6161 38.4601
      vertex 74.0000 140.3839 43.5399
      vertex 74.0000 135.4690 40.0984
    endloop
  endfacet
  facet normal -1.000000e+00 0.000000e+00 0.000000e+00
    outer loop
      vertex 60.0000 136.6161 38.4601
      vertex 60.0000 135.4690 40.0984
      vertex 60.0000 140.3839 43.5399
    endloop
  endfacet
  facet normal -1.000000e+00 0.000000e+00 0.000000e+00
    outer loop
      vertex 60.0000 136.6161 38.4601
      vertex 60.0000 140.3839 43.5399
      vertex 60.0000 141.5310 41.9016
    endloop
  endfacet
endsolid louver_66
solid louver_67
  facet normal 0.000000e+00 5.735764e-01 -8.191520e-01
    outer loop
      vertex 81.0000 136.6161 38.4601
      vertex 81.0000 141.5310 41.9016
      vertex 95.0000 141.5310 41.9016
    endloop
  endfacet
  facet normal 0.000000e+00 5.735764e-01 -8.191520e-01
    outer loop
      vertex 81.0000 136.6161 38.4601
      vertex 95.0000 141.5310 41.9016
      vertex 95.0000 136.6161 38.4601
    endloop
  endfacet
  facet normal 0.000000e+00 -5.735764e-01 8.191520e-01
    outer loop
      vertex 81.0000 135.4690 40.0984
      vertex 95.0000 135.4690 40.0984
      vertex 95.0000 140.3839 43.5399
    endloop
  endfacet
  facet normal 0.000000e+00 -5.735764e-01 8.191520e-01
    outer loop
      vertex 81.0000 135.4690 40.0984
      vertex 95.0000 140.3839 43.5399
      vertex 81.0000 140.3839 43.5399
    endloop
  endfacet
  facet normal 0.000000e+00 -8.191520e-01 -5.735764e-01
    outer loop
      vertex 81.0000 136.6161 38.4601
      vertex 95.0000 136.6161 38.4601
      vertex 95.0000 135.4690 40.0984
    endloop
  endfacet
  facet normal 0.000000e+00 -8.191520e-01 -5.735764e-01
    outer loop
      vertex 81.0000 136.6161 38.4601
      vertex 95.0000 135.4690 40.0984
      vertex 81.0000 135.4690 40.0984
    endloop
  endfacet
  facet normal 0.000000e+00 8.191520e-01 5.735764e-01
    outer loop
      vertex 81.0000 141.5310 41.9016
      vertex 81.0000 140.3839 43.5399
      vertex 95.0000 140.3839 43.5399
    endloop
  endfacet
  facet normal -0.000000e+00 8.191520e-01 5.735764e-01
    outer loop
      vertex 81.0000 141.5310 41.9016
      vertex 95.0000 140.3839 43.5399
      vertex 95.0000 141.5310 41.9016
    endloop
  endfacet
  facet normal 1.000000e+00 0.000000e+00 0.000000e+00
    outer loop
      vertex 95.0000 136.6161 38.4601
      vertex 95.0000 141.5310 41.9016
      vertex 95.0000 140.3839 43.5399
    endloop
  endfacet
  facet normal 1.000000e+00 0.000000e+00 -0.000000e+00
    outer loop
      vertex 95.0000 136.6161 38.4601
      vertex 95.0000 140.3839 43.5399
      vertex 95.0000 135.4690 40.0984
    endloop
  endfacet
  facet normal -1.000000e+00 0.000000e+00 0.000000e+00
    outer loop
      vertex 81.0000 136.6161 38.4601
      vertex 81.0000 135.4690 40.0984
      vertex 81.0000 140.3839 43.5399
    endloop
  endfacet
  facet normal -1.000000e+00 0.000000e+00 0.000000e+00
    outer loop
      vertex 81.0000 136.6161 38.4601
      vertex 81.0000 140.3839 43.5399
      vertex 81.0000 141.5310 41.9016
    endloop
  endfacet
endsolid louver_67
solid louver_68
  facet normal 0.000000e+00 5.735764e-01 -8.191520e-01
    outer loop
      vertex 102.0000 136.6161 38.4601
      vertex 102.0000 141.5310 41.9016
      vertex 116.0000 141.5310 41.9016
    endloop
  endfacet
  facet normal 0.000000e+00 5.735764e-01 -8.191520e-01
    outer loop
      vertex 102.0000 136.6161 38.4601
      vertex 116.0000 141.5310 41.9016
      vertex 116.0000 136.6161 38.4601
    endloop
  endfacet
  facet normal 0.000000e+00 -5.735764e-01 8.191520e-01
    outer loop
      vertex 102.0000 135.4690 40.0984
      vertex 116.0000 135.4690 40.0984
      vertex 116.0000 140.3839 43.5399
    endloop
  endfacet
  facet normal 0.000000e+00 -5.735764e-01 8.191520e-01
    outer loop
      vertex 102.0000 135.4690 40.0984
      vertex 116.0000 140.3839 43.5399
      vertex 102.0000 140.3839 43.5399
    endloop
  endfacet
  facet normal 0.000000e+00 -8.191520e-01 -5.735764e-01
    outer loop
      vertex 102.0000 136.6161 38.4601
      vertex 116.0000 136.6161 38.4601
      vertex 116.0000 135.4690 40.0984
    endloop
  endfacet
  facet normal 0.000000e+00 -8.191520e-01 -5.735764e-01
    outer loop
      vertex 102.0000 136.6161 38.4601
      vertex 116.0000 135.4690 40.0984
      vertex 102.0000 135.4690 40.0984
    endloop
  endfacet
  facet normal 0.000000e+00 8.191520e-01 5.735764e-01
    outer loop
      vertex 102.0000 141.5310 41.9016
      vertex 102.0000 140.3839 43.5399
      vertex 116.0000 140.3839 43.5399
    endloop
  endfacet
  facet normal -0.000000e+00 8.191520e-01 5.735764e-01
    outer loop
      vertex 102.0000 141.5310 41.9016
      vertex 116.0000 140.3839 43.5399
      vertex 116.0000 141.5310 41.9016
    endloop
  endfacet
  facet normal 1.000000e+00 0.000000e+00 0.000000e+00
    outer loop
      vertex 116.0000 136.6161 38.4601
      vertex 116.0000 141.5310 41.9016
      vertex 116.0000 140.3839 43.5399
    endloop
  endfacet
  facet normal 1.000000e+00 0.000000e+00 -0.000000e+00
    outer loop
      vertex 116.0000 136.6161 38.4601
      vertex 116.0000 140.3839 43.5399
      vertex 116.0000 135.4690 40.0984
    endloop
  endfacet
  facet normal -1.000000e+00 0.000000e+00 0.000000e+00
    outer loop
      vertex 102.0000 136.6161 38.4601
      vertex 102.0000 135.4690 40.0984
      vertex 102.0000 140.3839 43.5399
    endloop
  endfacet
  facet normal -1.000000e+00 0.000000e+00 0.000000e+00
    outer loop
      vertex 102.0000 136.6161 38.4601
      vertex 102.0000 140.3839 43.5399
      vertex 102.0000 141.5310 41.9016
    endloop
  endfacet
endsolid louver_68
solid louver_69
  facet normal 0.000000e+00 5.735764e-01 -8.191520e-01
    outer loop
      vertex 123.0000 136.6161 38.4601
      vertex 123.0000 141.5310 41.9016
      vertex 137.0000 141.5310 41.9016
    endloop
  endfacet
  facet normal 0.000000e+00 5.735764e-01 -8.191520e-01
    outer loop
      vertex 123.0000 136.6161 38.4601
      vertex 137.0000 141.5310 41.9016
      vertex 137.0000 136.6161 38.4601
    endloop
  endfacet
  facet normal 0.000000e+00 -5.735764e-01 8.191520e-01
    outer loop
      vertex 123.0000 135.4690 40.0984
      vertex 137.0000 135.4690 40.0984
      vertex 137.0000 140.3839 43.5399
    endloop
  endfacet
  facet normal 0.000000e+00 -5.735764e-01 8.191520e-01
    outer loop
      vertex 123.0000 135.4690 40.0984
      vertex 137.0000 140.3839 43.5399
      vertex 123.0000 140.3839 43.5399
    endloop
  endfacet
  facet normal 0.000000e+00 -8.191520e-01 -5.735764e-01
    outer loop
      vertex 123.0000 136.6161 38.4601
      vertex 137.0000 136.6161 38.4601
      vertex 137.0000 135.4690 40.0984
    endloop
  endfacet
  facet normal 0.000000e+00 -8.191520e-01 -5.735764e-01
    outer loop
      vertex 123.0000 136.6161 38.4601
      vertex 137.0000 135.4690 40.0984
      vertex 123.0000 135.4690 40.0984
    endloop
  endfacet
  facet normal 0.000000e+00 8.191520e-01 5.735764e-01
    outer loop
      vertex 123.0000 141.5310 41.9016
      vertex 123.0000 140.3839 43.5399
      vertex 137.0000 140.3839 43.5399
    endloop
  endfacet
  facet normal -0.000000e+00 8.191520e-01 5.735764e-01
    outer loop
      vertex 123.0000 141.5310 41.9016
      vertex 137.0000 140.3839 43.5399
      vertex 137.0000 141.5310 41.9016
    endloop
  endfacet
  facet normal 1.000000e+00 0.000000e+00 0.000000e+00
    outer loop
      vertex 137.0000 136.6161 38.4601
      vertex 137.0000 141.5310 41.9016
      vertex 137.0000 140.3839 43.5399
    endloop
  endfacet
  facet normal 1.000000e+00 0.000000e+00 -0.000000e+00
    outer loop
      vertex 137.0000 136.6161 38.4601
      vertex 137.0000 140.3839 43.5399
      vertex 137.0000 135.4690 40.0984
    endloop
  endfacet
  facet normal -1.000000e+00 0.000000e+00 0.000000e+00
    outer loop
      vertex 123.0000 136.6161 38.4601
      vertex 123.0000 135.4690 40.0984
      vertex 123.0000 140.3839 43.5399
    endloop
  endfacet
  facet normal -1.000000e+00 0.000000e+00 0.000000e+00
    outer loop
      vertex 123.0000 136.6161 38.4601
      vertex 123.0000 140.3839 43.5399
      vertex 123.0000 141.5310 41.9016
    endloop
  endfacet
endsolid louver_69
solid louver_70
  facet normal 0.000000e+00 5.735764e-01 -8.191520e-01
    outer loop
      vertex 144.0000 136.6161 38.4601
      vertex 144.0000 141.5310 41.9016
      vertex 158.0000 141.5310 41.9016
    endloop
  endfacet
  facet normal 0.000000e+00 5.735764e-01 -8.191520e-01
    outer loop
      vertex 144.0000 136.6161 38.4601
      vertex 158.0000 141.5310 41.9016
      vertex 158.0000 136.6161 38.4601
    endloop
  endfacet
  facet normal 0.000000e+00 -5.735764e-01 8.191520e-01
    outer loop
      vertex 144.0000 135.4690 40.0984
      vertex 158.0000 135.4690 40.0984
      vertex 158.0000 140.3839 43.5399
    endloop
  endfacet
  facet normal 0.000000e+00 -5.735764e-01 8.191520e-01
    outer loop
      vertex 144.0000 135.4690 40.0984
      vertex 158.0000 140.3839 43.5399
      vertex 144.0000 140.3839 43.5399
    endloop
  endfacet
  facet normal 0.000000e+00 -8.191520e-01 -5.735764e-01
    outer loop
      vertex 144.0000 136.6161 38.4601
      vertex 158.0000 136.6161 38.4601
      vertex 158.0000 135.4690 40.0984
    endloop
  endfacet
  facet normal 0.000000e+00 -8.191520e-01 -5.735764e-01
    outer loop
      vertex 144.0000 136.6161 38.4601
      vertex 158.0000 135.4690 40.0984
      vertex 144.0000 135.4690 40.0984
    endloop
  endfacet
  facet normal 0.000000e+00 8.191520e-01 5.735764e-01
    outer loop
      vertex 144.0000 141.5310 41.9016
      vertex 144.0000 140.3839 43.5399
      vertex 158.0000 140.3839 43.5399
    endloop
  endfacet
  facet normal -0.000000e+00 8.191520e-01 5.735764e-01
    outer loop
      vertex 144.0000 141.5310 41.9016
      vertex 158.0000 140.3839 43.5399
      vertex 158.0000 141.5310 41.9016
    endloop
  endfacet
  facet normal 1.000000e+00 0.000000e+00 0.000000e+00
    outer loop
      vertex 158.0000 136.6161 38.4601
      vertex 158.0000 141.5310 41.9016
      vertex 158.0000 140.3839 43.5399
    endloop
  endfacet
  facet normal 1.000000e+00 0.000000e+00 -0.000000e+00
    outer loop
      vertex 158.0000 136.6161 38.4601
      vertex 158.0000 140.3839 43.5399
      vertex 158.0000 135.4690 40.0984
    endloop
  endfacet
  facet normal -1.000000e+00 0.000000e+00 0.000000e+00
    outer loop
      vertex 144.0000 136.6161 38.4601
      vertex 144.0000 135.4690 40.0984
      vertex 144.0000 140.3839 43.5399
    endloop
  endfacet
  facet normal -1.000000e+00 0.000000e+00 0.000000e+00
    outer loop
      vertex 144.0000 136.6161 38.4601
      vertex 144.0000 140.3839 43.5399
      vertex 144.0000 141.5310 41.9016
    endloop
  endfacet
endsolid louver_70
solid louver_71
  facet normal 0.000000e+00 5.735764e-01 -8.191520e-01
    outer loop
      vertex 165.0000 136.6161 38.4601
      vertex 165.0000 141.5310 41.9016
      vertex 179.0000 141.5310 41.9016
    endloop
  endfacet
  facet normal 0.000000e+00 5.735764e-01 -8.191520e-01
    outer loop
      vertex 165.0000 136.6161 38.4601
      vertex 179.0000 141.5310 41.9016
      vertex 179.0000 136.6161 38.4601
    endloop
  endfacet
  facet normal 0.000000e+00 -5.735764e-01 8.191520e-01
    outer loop
      vertex 165.0000 135.4690 40.0984
      vertex 179.0000 135.4690 40.0984
      vertex 179.0000 140.3839 43.5399
    endloop
  endfacet
  facet normal 0.000000e+00 -5.735764e-01 8.191520e-01
    outer loop
      vertex 165.0000 135.4690 40.0984
      vertex 179.0000 140.3839 43.5399
      vertex 165.0000 140.3839 43.5399
    endloop
  endfacet
  facet normal 0.000000e+00 -8.191520e-01 -5.735764e-01
    outer loop
      vertex 165.0000 136.6161 38.4601
      vertex 179.0000 136.6161 38.4601
      vertex 179.0000 135.4690 40.0984
    endloop
  endfacet
  facet normal 0.000000e+00 -8.191520e-01 -5.735764e-01
    outer loop
      vertex 165.0000 136.6161 38.4601
      vertex 179.0000 135.4690 40.0984
      vertex 165.0000 135.4690 40.0984
    endloop
  endfacet
  facet normal 0.000000e+00 8.191520e-01 5.735764e-01
    outer loop
      vertex 165.0000 141.5310 41.9016
      vertex 165.0000 140.3839 43.5399
      vertex 179.0000 140.3839 43.5399
    endloop
  endfacet
  facet normal -0.000000e+00 8.191520e-01 5.735764e-01
    outer loop
      vertex 165.0000 141.5310 41.9016
      vertex 179.0000 140.3839 43.5399
      vertex 179.0000 141.5310 41.9016
    endloop
  endfacet
  facet normal 1.000000e+00 0.000000e+00 0.000000e+00
    outer loop
      vertex 179.0000 136.6161 38.4601
      vertex 179.0000 141.5310 41.9016
      vertex 179.0000 140.3839 43.5399
    endloop
  endfacet
  facet normal 1.000000e+00 0.000000e+00 -0.000000e+00
    outer loop
      vertex 179.0000 136.6161 38.4601
      vertex 179.0000 140.3839 43.5399
      vertex 179.0000 135.4690 40.0984
    endloop
  endfacet
  facet normal -1.000000e+00 0.000000e+00 0.000000e+00
    outer loop
      vertex 165.0000 136.6161 38.4601
      vertex 165.0000 135.4690 40.0984
      vertex 165.0000 140.3839 43.5399
    endloop
  endfacet
  facet normal -1.000000e+00 0.000000e+00 0.000000e+00
    outer loop
      vertex 165.0000 136.6161 38.4601
      vertex 165.0000 140.3839 43.5399
      vertex 165.0000 141.5310 41.9016
    endloop
  endfacet
endsolid louver_71
solid louver_72
  facet normal 0.000000e+00 5.735764e-01 -8.191520e-01
    outer loop
      vertex 18.0000 136.6161 46.4601
      vertex 18.0000 141.5310 49.9016
      vertex 32.0000 141.5310 49.9016
    endloop
  endfacet
  facet normal 0.000000e+00 5.735764e-01 -8.191520e-01
    outer loop
      vertex 18.0000 136.6161 46.4601
      vertex 32.0000 141.5310 49.9016
      vertex 32.0000 136.6161 46.4601
    endloop
  endfacet
  facet normal 0.000000e+00 -5.735764e-01 8.191520e-01
    outer loop
      vertex 18.0000 135.4690 48.0984
      vertex 32.0000 135.4690 48.0984
      vertex 32.0000 140.3839 51.5399
    endloop
  endfacet
  facet normal 0.000000e+00 -5.735764e-01 8.191520e-01
    outer loop
      vertex 18.0000 135.4690 48.0984
      vertex 32.0000 140.3839 51.5399
      vertex 18.0000 140.3839 51.5399
    endloop
  endfacet
  facet normal 0.000000e+00 -8.191520e-01 -5.735764e-01
    outer loop
      vertex 18.0000 136.6161 46.4601
      vertex 32.0000 136.6161 46.4601
      vertex 32.0000 135.4690 48.0984
    endloop
  endfacet
  facet normal 0.000000e+00 -8.191520e-01 -5.735764e-01
    outer loop
      vertex 18.0000 136.6161 46.4601
      vertex 32.0000 135.4690 48.0984
      vertex 18.0000 135.4690 48.0984
    endloop
  endfacet
  facet normal 0.000000e+00 8.191520e-01 5.735764e-01
    outer loop
      vertex 18.0000 141.5310 49.9016
      vertex 18.0000 140.3839 51.5399
      vertex 32.0000 140.3839 51.5399
    endloop
  endfacet
  facet normal -0.000000e+00 8.191520e-01 5.735764e-01
    outer loop
      vertex 18.0000 141.5310 49.9016
      vertex 32.0000 140.3839 51.5399
      vertex 32.0000 141.5310 49.9016
    endloop
  endfacet
  facet normal 1.000000e+00 0.000000e+00 0.000000e+00
    outer loop
      vertex 32.0000 136.6161 46.4601
      vertex 32.0000 141.5310 49.9016
      vertex 32.0000 140.3839 51.5399
    endloop
  endfacet
  facet normal 1.000000e+00 0.000000e+00 -0.000000e+00
    outer loop
      vertex 32.0000 136.6161 46.4601
      vertex 32.0000 140.3839 51.5399
      vertex 32.0000 135.4690 48.0984
    endloop
  endfacet
  facet normal -1.000000e+00 0.000000e+00 0.000000e+00
    outer loop
      vertex 18.0000 136.6161 46.4601
      vertex 18.0000 135.4690 48.0984
      vertex 18.0000 140.3839 51.5399
    endloop
  endfacet
  facet normal -1.000000e+00 0.000000e+00 0.000000e+00
    outer loop
      vertex 18.0000 136.6161 46.4601
      vertex 18.0000 140.3839 51.5399
      vertex 18.0000 141.5310 49.9016
    endloop
  endfacet
endsolid louver_72
solid louver_73
  facet normal 0.000000e+00 5.735764e-01 -8.191520e-01
    outer loop
      vertex 39.0000 136.6161 46.4601
      vertex 39.0000 141.5310 49.9016
      vertex 53.0000 141.5310 49.9016
    endloop
  endfacet
  facet normal 0.000000e+00 5.735764e-01 -8.191520e-01
    outer loop
      vertex 39.0000 136.6161 46.4601
      vertex 53.0000 141.5310 49.9016
      vertex 53.0000 136.6161 46.4601
    endloop
  endfacet
  facet normal 0.000000e+00 -5.735764e-01 8.191520e-01
    outer loop
      vertex 39.0000 135.4690 48.0984
      vertex 53.0000 135.4690 48.0984
      vertex 53.0000 140.3839 51.5399
    endloop
  endfacet
  facet normal 0.000000e+00 -5.735764e-01 8.191520e-01
    outer loop
      vertex 39.0000 135.4690 48.0984
      vertex 53.0000 140.3839 51.5399
      vertex 39.0000 140.3839 51.5399
    endloop
  endfacet
  facet normal 0.000000e+00 -8.191520e-01 -5.735764e-01
    outer loop
      vertex 39.0000 136.6161 46.4601
      vertex 53.0000 136.6161 46.4601
      vertex 53.0000 135.4690 48.0984
    endloop
  endfacet
  facet normal 0.000000e+00 -8.191520e-01 -5.735764e-01
    outer loop
      vertex 39.0000 136.6161 46.4601
      vertex 53.0000 135.4690 48.0984
      vertex 39.0000 135.4690 48.0984
    endloop
  endfacet
  facet normal 0.000000e+00 8.191520e-01 5.735764e-01
    outer loop
      vertex 39.0000 141.5310 49.9016
      vertex 39.0000 140.3839 51.5399
      vertex 53.0000 140.3839 51.5399
    endloop
  endfacet
  facet normal -0.000000e+00 8.191520e-01 5.735764e-01
    outer loop
      vertex 39.0000 141.5310 49.9016
      vertex 53.0000 140.3839 51.5399
      vertex 53.0000 141.5310 49.9016
    endloop
  endfacet
  facet normal 1.000000e+00 0.000000e+00 0.000000e+00
    outer loop
      vertex 53.0000 136.6161 46.4601
      vertex 53.0000 141.5310 49.9016
      vertex 53.0000 140.3839 51.5399
    endloop
  endfacet
  facet normal 1.000000e+00 0.000000e+00 -0.000000e+00
    outer loop
      vertex 53.0000 136.6161 46.4601
      vertex 53.0000 140.3839 51.5399
      vertex 53.0000 135.4690 48.0984
    endloop
  endfacet
  facet normal -1.000000e+00 0.000000e+00 0.000000e+00
    outer loop
      vertex 39.0000 136.6161 46.4601
      vertex 39.0000 135.4690 48.0984
      vertex 39.0000 140.3839 51.5399
    endloop
  endfacet
  facet normal -1.000000e+00 0.000000e+00 0.000000e+00
    outer loop
      vertex 39.0000 136.6161 46.4601
      vertex 39.0000 140.3839 51.5399
      vertex 39.0000 141.5310 49.9016
    endloop
  endfacet
endsolid louver_73
solid louver_74
  facet normal 0.000000e+00 5.735764e-01 -8.191520e-01
    outer loop
      vertex 60.0000 136.6161 46.4601
      vertex 60.0000 141.5310 49.9016
      vertex 74.0000 141.5310 49.9016
    endloop
  endfacet
  facet normal 0.000000e+00 5.735764e-01 -8.191520e-01
    outer loop
      vertex 60.0000 136.6161 46.4601
      vertex 74.0000 141.5310 49.9016
      vertex 74.0000 136.6161 46.4601
    endloop
  endfacet
  facet normal 0.000000e+00 -5.735764e-01 8.191520e-01
    outer loop
      vertex 60.0000 135.4690 48.0984
      vertex 74.0000 135.4690 48.0984
      vertex 74.0000 140.3839 51.5399
    endloop
  endfacet
  facet normal 0.000000e+00 -5.735764e-01 8.191520e-01
    outer loop
      vertex 60.0000 135.4690 48.0984
      vertex 74.0000 140.3839 51.5399
      vertex 60.0000 140.3839 51.5399
    endloop
  endfacet
  facet normal 0.000000e+00 -8.191520e-01 -5.735764e-01
    outer loop
      vertex 60.0000 136.6161 46.4601
      vertex 74.0000 136.6161 46.4601
      vertex 74.0000 135.4690 48.0984
    endloop
  endfacet
  facet normal 0.000000e+00 -8.191520e-01 -5.735764e-01
    outer loop
      vertex 60.0000 136.6161 46.4601
      vertex 74.0000 135.4690 48.0984
      vertex 60.0000 135.4690 48.0984
    endloop
  endfacet
  facet normal 0.000000e+00 8.191520e-01 5.735764e-01
    outer loop
      vertex 60.0000 141.5310 49.9016
      vertex 60.0000 140.3839 51.5399
      vertex 74.0000 140.3839 51.5399
    endloop
  endfacet
  facet normal -0.000000e+00 8.191520e-01 5.735764e-01
    outer loop
      vertex 60.0000 141.5310 49.9016
      vertex 74.0000 140.3839 51.5399
      vertex 74.0000 141.5310 49.9016
    endloop
  endfacet
  facet normal 1.000000e+00 0.000000e+00 0.000000e+00
    outer loop
      vertex 74.0000 136.6161 46.4601
      vertex 74.0000 141.5310 49.9016
      vertex 74.0000 140.3839 51.5399
    endloop
  endfacet
  facet normal 1.000000e+00 0.000000e+00 -0.000000e+00
    outer loop
      vertex 74.0000 136.6161 46.4601
      vertex 74.0000 140.3839 51.5399
      vertex 74.0000 135.4690 48.0984
    endloop
  endfacet
  facet normal -1.000000e+00 0.000000e+00 0.000000e+00
    outer loop
      vertex 60.0000 136.6161 46.4601
      vertex 60.0000 135.4690 48.0984
      vertex 60.0000 140.3839 51.5399
    endloop
  endfacet
  facet normal -1.000000e+00 0.000000e+00 0.000000e+00
    outer loop
      vertex 60.0000 136.6161 46.4601
      vertex 60.0000 140.3839 51.5399
      vertex 60.0000 141.5310 49.9016
    endloop
  endfacet
endsolid louver_74
solid louver_75
  facet normal 0.000000e+00 5.735764e-01 -8.191520e-01
    outer loop
      vertex 81.0000 136.6161 46.4601
      vertex 81.0000 141.5310 49.9016
      vertex 95.0000 141.5310 49.9016
    endloop
  endfacet
  facet normal 0.000000e+00 5.735764e-01 -8.191520e-01
    outer loop
      vertex 81.0000 136.6161 46.4601
      vertex 95.0000 141.5310 49.9016
      vertex 95.0000 136.6161 46.4601
    endloop
  endfacet
  facet normal 0.000000e+00 -5.735764e-01 8.191520e-01
    outer loop
      vertex 81.0000 135.4690 48.0984
      vertex 95.0000 135.4690 48.0984
      vertex 95.0000 140.3839 51.5399
    endloop
  endfacet
  facet normal 0.000000e+00 -5.735764e-01 8.191520e-01
    outer loop
      vertex 81.0000 135.4690 48.0984
      vertex 95.0000 140.3839 51.5399
      vertex 81.0000 140.3839 51.5399
    endloop
  endfacet
  facet normal 0.000000e+00 -8.191520e-01 -5.735764e-01
    outer loop
      vertex 81.0000 136.6161 46.4601
      vertex 95.0000 136.6161 46.4601
      vertex 95.0000 135.4690 48.0984
    endloop
  endfacet
  facet normal 0.000000e+00 -8.191520e-01 -5.735764e-01
    outer loop
      vertex 81.0000 136.6161 46.4601
      vertex 95.0000 135.4690 48.0984
      vertex 81.0000 135.4690 48.0984
    endloop
  endfacet
  facet normal 0.000000e+00 8.191520e-01 5.735764e-01
    outer loop
      vertex 81.0000 141.5310 49.9016
      vertex 81.0000 140.3839 51.5399
      vertex 95.0000 140.3839 51.5399
    endloop
  endfacet
  facet normal -0.000000e+00 8.191520e-01 5.735764e-01
    outer loop
      vertex 81.0000 141.5310 49.9016
      vertex 95.0000 140.3839 51.5399
      vertex 95.0000 141.5310 49.9016
    endloop
  endfacet
  facet normal 1.000000e+00 0.000000e+00 0.000000e+00
    outer loop
      vertex 95.0000 136.6161 46.4601
      vertex 95.0000 141.5310 49.9016
      vertex 95.0000 140.3839 51.5399
    endloop
  endfacet
  facet normal 1.000000e+00 0.000000e+00 -0.000000e+00
    outer loop
      vertex 95.0000 136.6161 46.4601
      vertex 95.0000 140.3839 51.5399
      vertex 95.0000 135.4690 48.0984
    endloop
  endfacet
  facet normal -1.000000e+00 0.000000e+00 0.000000e+00
    outer loop
      vertex 81.0000 136.6161 46.4601
      vertex 81.0000 135.4690 48.0984
      vertex 81.0000 140.3839 51.5399
    endloop
  endfacet
  facet normal -1.000000e+00 0.000000e+00 0.000000e+00
    outer loop
      vertex 81.0000 136.6161 46.4601
      vertex 81.0000 140.3839 51.5399
      vertex 81.0000 141.5310 49.9016
    endloop
  endfacet
endsolid louver_75
solid louver_76
  facet normal 0.000000e+00 5.735764e-01 -8.191520e-01
    outer loop
      vertex 102.0000 136.6161 46.4601
      vertex 102.0000 141.5310 49.9016
      vertex 116.0000 141.5310 49.9016
    endloop
  endfacet
  facet normal 0.000000e+00 5.735764e-01 -8.191520e-01
    outer loop
      vertex 102.0000 136.6161 46.4601
      vertex 116.0000 141.5310 49.9016
      vertex 116.0000 136.6161 46.4601
    endloop
  endfacet
  facet normal 0.000000e+00 -5.735764e-01 8.191520e-01
    outer loop
      vertex 102.0000 135.4690 48.0984
      vertex 116.0000 135.4690 48.0984
      vertex 116.0000 140.3839 51.5399
    endloop
  endfacet
  facet normal 0.000000e+00 -5.735764e-01 8.191520e-01
    outer loop
      vertex 102.0000 135.4690 48.0984
      vertex 116.0000 140.3839 51.5399
      vertex 102.0000 140.3839 51.5399
    endloop
  endfacet
  facet normal 0.000000e+00 -8.191520e-01 -5.735764e-01
    outer loop
      vertex 102.0000 136.6161 46.4601
      vertex 116.0000 136.6161 46.4601
      vertex 116.0000 135.4690 48.0984
    endloop
  endfacet
  facet normal 0.000000e+00 -8.191520e-01 -5.735764e-01
    outer loop
      vertex 102.0000 136.6161 46.4601
      vertex 116.0000 135.4690 48.0984
      vertex 102.0000 135.4690 48.0984
    endloop
  endfacet
  facet normal 0.000000e+00 8.191520e-01 5.735764e-01
    outer loop
      vertex 102.0000 141.5310 49.9016
      vertex 102.0000 140.3839 51.5399
      vertex 116.0000 140.3839 51.5399
    endloop
  endfacet
  facet normal -0.000000e+00 8.191520e-01 5.735764e-01
    outer loop
      vertex 102.0000 141.5310 49.9016
      vertex 116.0000 140.3839 51.5399
      vertex 116.0000 141.5310 49.9016
    endloop
  endfacet
  facet normal 1.000000e+00 0.000000e+00 0.000000e+00
    outer loop
      vertex 116.0000 136.6161 46.4601
      vertex 116.0000 141.5310 49.9016
      vertex 116.0000 140.3839 51.5399
    endloop
  endfacet
  facet normal 1.000000e+00 0.000000e+00 -0.000000e+00
    outer loop
      vertex 116.0000 136.6161 46.4601
      vertex 116.0000 140.3839 51.5399
      vertex 116.0000 135.4690 48.0984
    endloop
  endfacet
  facet normal -1.000000e+00 0.000000e+00 0.000000e+00
    outer loop
      vertex 102.0000 136.6161 46.4601
      vertex 102.0000 135.4690 48.0984
      vertex 102.0000 140.3839 51.5399
    endloop
  endfacet
  facet normal -1.000000e+00 0.000000e+00 0.000000e+00
    outer loop
      vertex 102.0000 136.6161 46.4601
      vertex 102.0000 140.3839 51.5399
      vertex 102.0000 141.5310 49.9016
    endloop
  endfacet
endsolid louver_76
solid louver_77
  facet normal 0.000000e+00 5.735764e-01 -8.191520e-01
    outer loop
      vertex 123.0000 136.6161 46.4601
      vertex 123.0000 141.5310 49.9016
      vertex 137.0000 141.5310 49.9016
    endloop
  endfacet
  facet normal 0.000000e+00 5.735764e-01 -8.191520e-01
    outer loop
      vertex 123.0000 136.6161 46.4601
      vertex 137.0000 141.5310 49.9016
      vertex 137.0000 136.6161 46.4601
    endloop
  endfacet
  facet normal 0.000000e+00 -5.735764e-01 8.191520e-01
    outer loop
      vertex 123.0000 135.4690 48.0984
      vertex 137.0000 135.4690 48.0984
      vertex 137.0000 140.3839 51.5399
    endloop
  endfacet
  facet normal 0.000000e+00 -5.735764e-01 8.191520e-01
    outer loop
      vertex 123.0000 135.4690 48.0984
      vertex 137.0000 140.3839 51.5399
      vertex 123.0000 140.3839 51.5399
    endloop
  endfacet
  facet normal 0.000000e+00 -8.191520e-01 -5.735764e-01
    outer loop
      vertex 123.0000 136.6161 46.4601
      vertex 137.0000 136.6161 46.4601
      vertex 137.0000 135.4690 48.0984
    endloop
  endfacet
  facet normal 0.000000e+00 -8.191520e-01 -5.735764e-01
    outer loop
      vertex 123.0000 136.6161 46.4601
      vertex 137.0000 135.4690 48.0984
      vertex 123.0000 135.4690 48.0984
    endloop
  endfacet
  facet normal 0.000000e+00 8.191520e-01 5.735764e-01
    outer loop
      vertex 123.0000 141.5310 49.9016
      vertex 123.0000 140.3839 51.5399
      vertex 137.0000 140.3839 51.5399
    endloop
  endfacet
  facet normal -0.000000e+00 8.191520e-01 5.735764e-01
    outer loop
      vertex 123.0000 141.5310 49.9016
      vertex 137.0000 140.3839 51.5399
      vertex 137.0000 141.5310 49.9016
    endloop
  endfacet
  facet normal 1.000000e+00 0.000000e+00 0.000000e+00
    outer loop
      vertex 137.0000 136.6161 46.4601
      vertex 137.0000 141.5310 49.9016
      vertex 137.0000 140.3839 51.5399
    endloop
  endfacet
  facet normal 1.000000e+00 0.000000e+00 -0.000000e+00
    outer loop
      vertex 137.0000 136.6161 46.4601
      vertex 137.0000 140.3839 51.5399
      vertex 137.0000 135.4690 48.0984
    endloop
  endfacet
  facet normal -1.000000e+00 0.000000e+00 0.000000e+00
    outer loop
      vertex 123.0000 136.6161 46.4601
      vertex 123.0000 135.4690 48.0984
      vertex 123.0000 140.3839 51.5399
    endloop
  endfacet
  facet normal -1.000000e+00 0.000000e+00 0.000000e+00
    outer loop
      vertex 123.0000 136.6161 46.4601
      vertex 123.0000 140.3839 51.5399
      vertex 123.0000 141.5310 49.9016
    endloop
  endfacet
endsolid louver_77
solid louver_78
  facet normal 0.000000e+00 5.735764e-01 -8.191520e-01
    outer loop
      vertex 144.0000 136.6161 46.4601
      vertex 144.0000 141.5310 49.9016
      vertex 158.0000 141.5310 49.9016
    endloop
  endfacet
  facet normal 0.000000e+00 5.735764e-01 -8.191520e-01
    outer loop
      vertex 144.0000 136.6161 46.4601
      vertex 158.0000 141.5310 49.9016
      vertex 158.0000 136.6161 46.4601
    endloop
  endfacet
  facet normal 0.000000e+00 -5.735764e-01 8.191520e-01
    outer loop
      vertex 144.0000 135.4690 48.0984
      vertex 158.0000 135.4690 48.0984
      vertex 158.0000 140.3839 51.5399
    endloop
  endfacet
  facet normal 0.000000e+00 -5.735764e-01 8.191520e-01
    outer loop
      vertex 144.0000 135.4690 48.0984
      vertex 158.0000 140.3839 51.5399
      vertex 144.0000 140.3839 51.5399
    endloop
  endfacet
  facet normal 0.000000e+00 -8.191520e-01 -5.735764e-01
    outer loop
      vertex 144.0000 136.6161 46.4601
      vertex 158.0000 136.6161 46.4601
      vertex 158.0000 135.4690 48.0984
    endloop
  endfacet
  facet normal 0.000000e+00 -8.191520e-01 -5.735764e-01
    outer loop
      vertex 144.0000 136.6161 46.4601
      vertex 158.0000 135.4690 48.0984
      vertex 144.0000 135.4690 48.0984
    endloop
  endfacet
  facet normal 0.000000e+00 8.191520e-01 5.735764e-01
    outer loop
      vertex 144.0000 141.5310 49.9016
      vertex 144.0000 140.3839 51.5399
      vertex 158.0000 140.3839 51.5399
    endloop
  endfacet
  facet normal -0.000000e+00 8.191520e-01 5.735764e-01
    outer loop
      vertex 144.0000 141.5310 49.9016
      vertex 158.0000 140.3839 51.5399
      vertex 158.0000 141.5310 49.9016
    endloop
  endfacet
  facet normal 1.000000e+00 0.000000e+00 0.000000e+00
    outer loop
      vertex 158.0000 136.6161 46.4601
      vertex 158.0000 141.5310 49.9016
      vertex 158.0000 140.3839 51.5399
    endloop
  endfacet
  facet normal 1.000000e+00 0.000000e+00 -0.000000e+00
    outer loop
      vertex 158.0000 136.6161 46.4601
      vertex 158.0000 140.3839 51.5399
      vertex 158.0000 135.4690 48.0984
    endloop
  endfacet
  facet normal -1.000000e+00 0.000000e+00 0.000000e+00
    outer loop
      vertex 144.0000 136.6161 46.4601
      vertex 144.0000 135.4690 48.0984
      vertex 144.0000 140.3839 51.5399
    endloop
  endfacet
  facet normal -1.000000e+00 0.000000e+00 0.000000e+00
    outer loop
      vertex 144.0000 136.6161 46.4601
      vertex 144.0000 140.3839 51.5399
      vertex 144.0000 141.5310 49.9016
    endloop
  endfacet
endsolid louver_78
solid louver_79
  facet normal 0.000000e+00 5.735764e-01 -8.191520e-01
    outer loop
      vertex 165.0000 136.6161 46.4601
      vertex 165.0000 141.5310 49.9016
      vertex 179.0000 141.5310 49.9016
    endloop
  endfacet
  facet normal 0.000000e+00 5.735764e-01 -8.191520e-01
    outer loop
      vertex 165.0000 136.6161 46.4601
      vertex 179.0000 141.5310 49.9016
      vertex 179.0000 136.6161 46.4601
    endloop
  endfacet
  facet normal 0.000000e+00 -5.735764e-01 8.191520e-01
    outer loop
      vertex 165.0000 135.4690 48.0984
      vertex 179.0000 135.4690 48.0984
      vertex 179.0000 140.3839 51.5399
    endloop
  endfacet
  facet normal 0.000000e+00 -5.735764e-01 8.191520e-01
    outer loop
      vertex 165.0000 135.4690 48.0984
      vertex 179.0000 140.3839 51.5399
      vertex 165.0000 140.3839 51.5399
    endloop
  endfacet
  facet normal 0.000000e+00 -8.191520e-01 -5.735764e-01
    outer loop
      vertex 165.0000 136.6161 46.4601
      vertex 179.0000 136.6161 46.4601
      vertex 179.0000 135.4690 48.0984
    endloop
  endfacet
  facet normal 0.000000e+00 -8.191520e-01 -5.735764e-01
    outer loop
      vertex 165.0000 136.6161 46.4601
      vertex 179.0000 135.4690 48.0984
      vertex 165.0000 135.4690 48.0984
    endloop
  endfacet
  facet normal 0.000000e+00 8.191520e-01 5.735764e-01
    outer loop
      vertex 165.0000 141.5310 49.9016
      vertex 165.0000 140.3839 51.5399
      vertex 179.0000 140.3839 51.5399
    endloop
  endfacet
  facet normal -0.000000e+00 8.191520e-01 5.735764e-01
    outer loop
      vertex 165.0000 141.5310 49.9016
      vertex 179.0000 140.3839 51.5399
      vertex 179.0000 141.5310 49.9016
    endloop
  endfacet
  facet normal 1.000000e+00 0.000000e+00 0.000000e+00
    outer loop
      vertex 179.0000 136.6161 46.4601
      vertex 179.0000 141.5310 49.9016
      vertex 179.0000 140.3839 51.5399
    endloop
  endfacet
  facet normal 1.000000e+00 0.000000e+00 -0.000000e+00
    outer loop
      vertex 179.0000 136.6161 46.4601
      vertex 179.0000 140.3839 51.5399
      vertex 179.0000 135.4690 48.0984
    endloop
  endfacet
  facet normal -1.000000e+00 0.000000e+00 0.000000e+00
    outer loop
      vertex 165.0000 136.6161 46.4601
      vertex 165.0000 135.4690 48.0984
      vertex 165.0000 140.3839 51.5399
    endloop
  endfacet
  facet normal -1.000000e+00 0.000000e+00 0.000000e+00
    outer loop
      vertex 165.0000 136.6161 46.4601
      vertex 165.0000 140.3839 51.5399
      vertex 165.0000 141.5310 49.9016
    endloop
  endfacet
endsolid louver_79
solid louver_80
  facet normal 0.000000e+00 5.735764e-01 -8.191520e-01
    outer loop
      vertex 18.0000 136.6161 54.4601
      vertex 18.0000 141.5310 57.9016
      vertex 32.0000 141.5310 57.9016
    endloop
  endfacet
  facet normal 0.000000e+00 5.735764e-01 -8.191520e-01
    outer loop
      vertex 18.0000 136.6161 54.4601
      vertex 32.0000 141.5310 57.9016
      vertex 32.0000 136.6161 54.4601
    endloop
  endfacet
  facet normal 0.000000e+00 -5.735764e-01 8.191520e-01
    outer loop
      vertex 18.0000 135.4690 56.0984
      vertex 32.0000 135.4690 56.0984
      vertex 32.0000 140.3839 59.5399
    endloop
  endfacet
  facet normal 0.000000e+00 -5.735764e-01 8.191520e-01
    outer loop
      vertex 18.0000 135.4690 56.0984
      vertex 32.0000 140.3839 59.5399
      vertex 18.0000 140.3839 59.5399
    endloop
  endfacet
  facet normal 0.000000e+00 -8.191520e-01 -5.735764e-01
    outer loop
      vertex 18.0000 136.6161 54.4601
      vertex 32.0000 136.6161 54.4601
      vertex 32.0000 135.4690 56.0984
    endloop
  endfacet
  facet normal 0.000000e+00 -8.191520e-01 -5.735764e-01
    outer loop
      vertex 18.0000 136.6161 54.4601
      vertex 32.0000 135.4690 56.0984
      vertex 18.0000 135.4690 56.0984
    endloop
  endfacet
  facet normal 0.000000e+00 8.191520e-01 5.735764e-01
    outer loop
      vertex 18.0000 141.5310 57.9016
      vertex 18.0000 140.3839 59.5399
      vertex 32.0000 140.3839 59.5399
    endloop
  endfacet
  facet normal -0.000000e+00 8.191520e-01 5.735764e-01
    outer loop
      vertex 18.0000 141.5310 57.9016
      vertex 32.0000 140.3839 59.5399
      vertex 32.0000 141.5310 57.9016
    endloop
  endfacet
  facet normal 1.000000e+00 0.000000e+00 0.000000e+00
    outer loop
      vertex 32.0000 136.6161 54.4601
      vertex 32.0000 141.5310 57.9016
      vertex 32.0000 140.3839 59.5399
    endloop
  endfacet
  facet normal 1.000000e+00 0.000000e+00 -0.000000e+00
    outer loop
      vertex 32.0000 136.6161 54.4601
      vertex 32.0000 140.3839 59.5399
      vertex 32.0000 135.4690 56.0984
    endloop
  endfacet
  facet normal -1.000000e+00 0.000000e+00 0.000000e+00
    outer loop
      vertex 18.0000 136.6161 54.4601
      vertex 18.0000 135.4690 56.0984
      vertex 18.0000 140.3839 59.5399
    endloop
  endfacet
  facet normal -1.000000e+00 0.000000e+00 0.000000e+00
    outer loop
      vertex 18.0000 136.6161 54.4601
      vertex 18.0000 140.3839 59.5399
      vertex 18.0000 141.5310 57.9016
    endloop
  endfacet
endsolid louver_80
solid louver_81
  facet normal 0.000000e+00 5.735764e-01 -8.191520e-01
    outer loop
      vertex 39.0000 136.6161 54.4601
      vertex 39.0000 141.5310 57.9016
      vertex 53.0000 141.5310 57.9016
    endloop
  endfacet
  facet normal 0.000000e+00 5.735764e-01 -8.191520e-01
    outer loop
      vertex 39.0000 136.6161 54.4601
      vertex 53.0000 141.5310 57.9016
      vertex 53.0000 136.6161 54.4601
    endloop
  endfacet
  facet normal 0.000000e+00 -5.735764e-01 8.191520e-01
    outer loop
      vertex 39.0000 135.4690 56.0984
      vertex 53.0000 135.4690 56.0984
      vertex 53.0000 140.3839 59.5399
    endloop
  endfacet
  facet normal 0.000000e+00 -5.735764e-01 8.191520e-01
    outer loop
      vertex 39.0000 135.4690 56.0984
      vertex 53.0000 140.3839 59.5399
      vertex 39.0000 140.3839 59.5399
    endloop
  endfacet
  facet normal 0.000000e+00 -8.191520e-01 -5.735764e-01
    outer loop
      vertex 39.0000 136.6161 54.4601
      vertex 53.0000 136.6161 54.4601
      vertex 53.0000 135.4690 56.0984
    endloop
  endfacet
  facet normal 0.000000e+00 -8.191520e-01 -5.735764e-01
    outer loop
      vertex 39.0000 136.6161 54.4601
      vertex 53.0000 135.4690 56.0984
      vertex 39.0000 135.4690 56.0984
    endloop
  endfacet
  facet normal 0.000000e+00 8.191520e-01 5.735764e-01
    outer loop
      vertex 39.0000 141.5310 57.9016
      vertex 39.0000 140.3839 59.5399
      vertex 53.0000 140.3839 59.5399
    endloop
  endfacet
  facet normal -0.000000e+00 8.191520e-01 5.735764e-01
    outer loop
      vertex 39.0000 141.5310 57.9016
      vertex 53.0000 140.3839 59.5399
      vertex 53.0000 141.5310 57.9016
    endloop
  endfacet
  facet normal 1.000000e+00 0.000000e+00 0.000000e+00
    outer loop
      vertex 53.0000 136.6161 54.4601
      vertex 53.0000 141.5310 57.9016
      vertex 53.0000 140.3839 59.5399
    endloop
  endfacet
  facet normal 1.000000e+00 0.000000e+00 -0.000000e+00
    outer loop
      vertex 53.0000 136.6161 54.4601
      vertex 53.0000 140.3839 59.5399
      vertex 53.0000 135.4690 56.0984
    endloop
  endfacet
  facet normal -1.000000e+00 0.000000e+00 0.000000e+00
    outer loop
      vertex 39.0000 136.6161 54.4601
      vertex 39.0000 135.4690 56.0984
      vertex 39.0000 140.3839 59.5399
    endloop
  endfacet
  facet normal -1.000000e+00 0.000000e+00 0.000000e+00
    outer loop
      vertex 39.0000 136.6161 54.4601
      vertex 39.0000 140.3839 59.5399
      vertex 39.0000 141.5310 57.9016
    endloop
  endfacet
endsolid louver_81
solid louver_82
  facet normal 0.000000e+00 5.735764e-01 -8.191520e-01
    outer loop
      vertex 60.0000 136.6161 54.4601
      vertex 60.0000 141.5310 57.9016
      vertex 74.0000 141.5310 57.9016
    endloop
  endfacet
  facet normal 0.000000e+00 5.735764e-01 -8.191520e-01
    outer loop
      vertex 60.0000 136.6161 54.4601
      vertex 74.0000 141.5310 57.9016
      vertex 74.0000 136.6161 54.4601
    endloop
  endfacet
  facet normal 0.000000e+00 -5.735764e-01 8.191520e-01
    outer loop
      vertex 60.0000 135.4690 56.0984
      vertex 74.0000 135.4690 56.0984
      vertex 74.0000 140.3839 59.5399
    endloop
  endfacet
  facet normal 0.000000e+00 -5.735764e-01 8.191520e-01
    outer loop
      vertex 60.0000 135.4690 56.0984
      vertex 74.0000 140.3839 59.5399
      vertex 60.0000 140.3839 59.5399
    endloop
  endfacet
  facet normal 0.000000e+00 -8.191520e-01 -5.735764e-01
    outer loop
      vertex 60.0000 136.6161 54.4601
      vertex 74.0000 136.6161 54.4601
      vertex 74.0000 135.4690 56.0984
    endloop
  endfacet
  facet normal 0.000000e+00 -8.191520e-01 -5.735764e-01
    outer loop
      vertex 60.0000 136.6161 54.4601
      vertex 74.0000 135.4690 56.0984
      vertex 60.0000 135.4690 56.0984
    endloop
  endfacet
  facet normal 0.000000e+00 8.191520e-01 5.735764e-01
    outer loop
      vertex 60.0000 141.5310 57.9016
      vertex 60.0000 140.3839 59.5399
      vertex 74.0000 140.3839 59.5399
    endloop
  endfacet
  facet normal -0.000000e+00 8.191520e-01 5.735764e-01
    outer loop
      vertex 60.0000 141.5310 57.9016
      vertex 74.0000 140.3839 59.5399
      vertex 74.0000 141.5310 57.9016
    endloop
  endfacet
  facet normal 1.000000e+00 0.000000e+00 0.000000e+00
    outer loop
      vertex 74.0000 136.6161 54.4601
      vertex 74.0000 141.5310 57.9016
      vertex 74.0000 140.3839 59.5399
    endloop
  endfacet
  facet normal 1.000000e+00 0.000000e+00 -0.000000e+00
    outer loop
      vertex 74.0000 136.6161 54.4601
      vertex 74.0000 140.3839 59.5399
      vertex 74.0000 135.4690 56.0984
    endloop
  endfacet
  facet normal -1.000000e+00 0.000000e+00 0.000000e+00
    outer loop
      vertex 60.0000 136.6161 54.4601
      vertex 60.0000 135.4690 56.0984
      vertex 60.0000 140.3839 59.5399
    endloop
  endfacet
  facet normal -1.000000e+00 0.000000e+00 0.000000e+00
    outer loop
      vertex 60.0000 136.6161 54.4601
      vertex 60.0000 140.3839 59.5399
      vertex 60.0000 141.5310 57.9016
    endloop
  endfacet
endsolid louver_82
solid louver_83
  facet normal 0.000000e+00 5.735764e-01 -8.191520e-01
    outer loop
      vertex 81.0000 136.6161 54.4601
      vertex 81.0000 141.5310 57.9016
      vertex 95.0000 141.5310 57.9016
    endloop
  endfacet
  facet normal 0.000000e+00 5.735764e-01 -8.191520e-01
    outer loop
      vertex 81.0000 136.6161 54.4601
      vertex 95.0000 141.5310 57.9016
      vertex 95.0000 136.6161 54.4601
    endloop
  endfacet
  facet normal 0.000000e+00 -5.735764e-01 8.191520e-01
    outer loop
      vertex 81.0000 135.4690 56.0984
      vertex 95.0000 135.4690 56.0984
      vertex 95.0000 140.3839 59.5399
    endloop
  endfacet
  facet normal 0.000000e+00 -5.735764e-01 8.191520e-01
    outer loop
      vertex 81.0000 135.4690 56.0984
      vertex 95.0000 140.3839 59.5399
      vertex 81.0000 140.3839 59.5399
    endloop
  endfacet
  facet normal 0.000000e+00 -8.191520e-01 -5.735764e-01
    outer loop
      vertex 81.0000 136.6161 54.4601
      vertex 95.0000 136.6161 54.4601
      vertex 95.0000 135.4690 56.0984
    endloop
  endfacet
  facet normal 0.000000e+00 -8.191520e-01 -5.735764e-01
    outer loop
      vertex 81.0000 136.6161 54.4601
      vertex 95.0000 135.4690 56.0984
      vertex 81.0000 135.4690 56.0984
    endloop
  endfacet
  facet normal 0.000000e+00 8.191520e-01 5.735764e-01
    outer loop
      vertex 81.0000 141.5310 57.9016
      vertex 81.0000 140.3839 59.5399
      vertex 95.0000 140.3839 59.5399
    endloop
  endfacet
  facet normal -0.000000e+00 8.191520e-01 5.735764e-01
    outer loop
      vertex 81.0000 141.5310 57.9016
      vertex 95.0000 140.3839 59.5399
      vertex 95.0000 141.5310 57.9016
    endloop
  endfacet
  facet normal 1.000000e+00 0.000000e+00 0.000000e+00
    outer loop
      vertex 95.0000 136.6161 54.4601
      vertex 95.0000 141.5310 57.9016
      vertex 95.0000 140.3839 59.5399
    endloop
  endfacet
  facet normal 1.000000e+00 0.000000e+00 -0.000000e+00
    outer loop
      vertex 95.0000 136.6161 54.4601
      vertex 95.0000 140.3839 59.5399
      vertex 95.0000 135.4690 56.0984
    endloop
  endfacet
  facet normal -1.000000e+00 0.000000e+00 0.000000e+00
    outer loop
      vertex 81.0000 136.6161 54.4601
      vertex 81.0000 135.4690 56.0984
      vertex 81.0000 140.3839 59.5399
    endloop
  endfacet
  facet normal -1.000000e+00 0.000000e+00 0.000000e+00
    outer loop
      vertex 81.0000 136.6161 54.4601
      vertex 81.0000 140.3839 59.5399
      vertex 81.0000 141.5310 57.9016
    endloop
  endfacet
endsolid louver_83
solid louver_84
  facet normal 0.000000e+00 5.735764e-01 -8.191520e-01
    outer loop
      vertex 102.0000 136.6161 54.4601
      vertex 102.0000 141.5310 57.9016
      vertex 116.0000 141.5310 57.9016
    endloop
  endfacet
  facet normal 0.000000e+00 5.735764e-01 -8.191520e-01
    outer loop
      vertex 102.0000 136.6161 54.4601
      vertex 116.0000 141.5310 57.9016
      vertex 116.0000 136.6161 54.4601
    endloop
  endfacet
  facet normal 0.000000e+00 -5.735764e-01 8.191520e-01
    outer loop
      vertex 102.0000 135.4690 56.0984
      vertex 116.0000 135.4690 56.0984
      vertex 116.0000 140.3839 59.5399
    endloop
  endfacet
  facet normal 0.000000e+00 -5.735764e-01 8.191520e-01
    outer loop
      vertex 102.0000 135.4690 56.0984
      vertex 116.0000 140.3839 59.5399
      vertex 102.0000 140.3839 59.5399
    endloop
  endfacet
  facet normal 0.000000e+00 -8.191520e-01 -5.735764e-01
    outer loop
      vertex 102.0000 136.6161 54.4601
      vertex 116.0000 136.6161 54.4601
      vertex 116.0000 135.4690 56.0984
    endloop
  endfacet
  facet normal 0.000000e+00 -8.191520e-01 -5.735764e-01
    outer loop
      vertex 102.0000 136.6161 54.4601
      vertex 116.0000 135.4690 56.0984
      vertex 102.0000 135.4690 56.0984
    endloop
  endfacet
  facet normal 0.000000e+00 8.191520e-01 5.735764e-01
    outer loop
      vertex 102.0000 141.5310 57.9016
      vertex 102.0000 140.3839 59.5399
      vertex 116.0000 140.3839 59.5399
    endloop
  endfacet
  facet normal -0.000000e+00 8.191520e-01 5.735764e-01
    outer loop
      vertex 102.0000 141.5310 57.9016
      vertex 116.0000 140.3839 59.5399
      vertex 116.0000 141.5310 57.9016
    endloop
  endfacet
  facet normal 1.000000e+00 0.000000e+00 0.000000e+00
    outer loop
      vertex 116.0000 136.6161 54.4601
      vertex 116.0000 141.5310 57.9016
      vertex 116.0000 140.3839 59.5399
    endloop
  endfacet
  facet normal 1.000000e+00 0.000000e+00 -0.000000e+00
    outer loop
      vertex 116.0000 136.6161 54.4601
      vertex 116.0000 140.3839 59.5399
      vertex 116.0000 135.4690 56.0984
    endloop
  endfacet
  facet normal -1.000000e+00 0.000000e+00 0.000000e+00
    outer loop
      vertex 102.0000 136.6161 54.4601
      vertex 102.0000 135.4690 56.0984
      vertex 102.0000 140.3839 59.5399
    endloop
  endfacet
  facet normal -1.000000e+00 0.000000e+00 0.000000e+00
    outer loop
      vertex 102.0000 136.6161 54.4601
      vertex 102.0000 140.3839 59.5399
      vertex 102.0000 141.5310 57.9016
    endloop
  endfacet
endsolid louver_84
solid louver_85
  facet normal 0.000000e+00 5.735764e-01 -8.191520e-01
    outer loop
      vertex 123.0000 136.6161 54.4601
      vertex 123.0000 141.5310 57.9016
      vertex 137.0000 141.5310 57.9016
    endloop
  endfacet
  facet normal 0.000000e+00 5.735764e-01 -8.191520e-01
    outer loop
      vertex 123.0000 136.6161 54.4601
      vertex 137.0000 141.5310 57.9016
      vertex 137.0000 136.6161 54.4601
    endloop
  endfacet
  facet normal 0.000000e+00 -5.735764e-01 8.191520e-01
    outer loop
      vertex 123.0000 135.4690 56.0984
      vertex 137.0000 135.4690 56.0984
      vertex 137.0000 140.3839 59.5399
    endloop
  endfacet
  facet normal 0.000000e+00 -5.735764e-01 8.191520e-01
    outer loop
      vertex 123.0000 135.4690 56.0984
      vertex 137.0000 140.3839 59.5399
      vertex 123.0000 140.3839 59.5399
    endloop
  endfacet
  facet normal 0.000000e+00 -8.191520e-01 -5.735764e-01
    outer loop
      vertex 123.0000 136.6161 54.4601
      vertex 137.0000 136.6161 54.4601
      vertex 137.0000 135.4690 56.0984
    endloop
  endfacet
  facet normal 0.000000e+00 -8.191520e-01 -5.735764e-01
    outer loop
      vertex 123.0000 136.6161 54.4601
      vertex 137.0000 135.4690 56.0984
      vertex 123.0000 135.4690 56.0984
    endloop
  endfacet
  facet normal 0.000000e+00 8.191520e-01 5.735764e-01
    outer loop
      vertex 123.0000 141.5310 57.9016
      vertex 123.0000 140.3839 59.5399
      vertex 137.0000 140.3839 59.5399
    endloop
  endfacet
  facet normal -0.000000e+00 8.191520e-01 5.735764e-01
    outer loop
      vertex 123.0000 141.5310 57.9016
      vertex 137.0000 140.3839 59.5399
      vertex 137.0000 141.5310 57.9016
    endloop
  endfacet
  facet normal 1.000000e+00 0.000000e+00 0.000000e+00
    outer loop
      vertex 137.0000 136.6161 54.4601
      vertex 137.0000 141.5310 57.9016
      vertex 137.0000 140.3839 59.5399
    endloop
  endfacet
  facet normal 1.000000e+00 0.000000e+00 -0.000000e+00
    outer loop
      vertex 137.0000 136.6161 54.4601
      vertex 137.0000 140.3839 59.5399
      vertex 137.0000 135.4690 56.0984
    endloop
  endfacet
  facet normal -1.000000e+00 0.000000e+00 0.000000e+00
    outer loop
      vertex 123.0000 136.6161 54.4601
      vertex 123.0000 135.4690 56.0984
      vertex 123.0000 140.3839 59.5399
    endloop
  endfacet
  facet normal -1.000000e+00 0.000000e+00 0.000000e+00
    outer loop
      vertex 123.0000 136.6161 54.4601
      vertex 123.0000 140.3839 59.5399
      vertex 123.0000 141.5310 57.9016
    endloop
  endfacet
endsolid louver_85
solid louver_86
  facet normal 0.000000e+00 5.735764e-01 -8.191520e-01
    outer loop
      vertex 144.0000 136.6161 54.4601
      vertex 144.0000 141.5310 57.9016
      vertex 158.0000 141.5310 57.9016
    endloop
  endfacet
  facet normal 0.000000e+00 5.735764e-01 -8.191520e-01
    outer loop
      vertex 144.0000 136.6161 54.4601
      vertex 158.0000 141.5310 57.9016
      vertex 158.0000 136.6161 54.4601
    endloop
  endfacet
  facet normal 0.000000e+00 -5.735764e-01 8.191520e-01
    outer loop
      vertex 144.0000 135.4690 56.0984
      vertex 158.0000 135.4690 56.0984
      vertex 158.0000 140.3839 59.5399
    endloop
  endfacet
  facet normal 0.000000e+00 -5.735764e-01 8.191520e-01
    outer loop
      vertex 144.0000 135.4690 56.0984
      vertex 158.0000 140.3839 59.5399
      vertex 144.0000 140.3839 59.5399
    endloop
  endfacet
  facet normal 0.000000e+00 -8.191520e-01 -5.735764e-01
    outer loop
      vertex 144.0000 136.6161 54.4601
      vertex 158.0000 136.6161 54.4601
      vertex 158.0000 135.4690 56.0984
    endloop
  endfacet
  facet normal 0.000000e+00 -8.191520e-01 -5.735764e-01
    outer loop
      vertex 144.0000 136.6161 54.4601
      vertex 158.0000 135.4690 56.0984
      vertex 144.0000 135.4690 56.0984
    endloop
  endfacet
  facet normal 0.000000e+00 8.191520e-01 5.735764e-01
    outer loop
      vertex 144.0000 141.5310 57.9016
      vertex 144.0000 140.3839 59.5399
      vertex 158.0000 140.3839 59.5399
    endloop
  endfacet
  facet normal -0.000000e+00 8.191520e-01 5.735764e-01
    outer loop
      vertex 144.0000 141.5310 57.9016
      vertex 158.0000 140.3839 59.5399
      vertex 158.0000 141.5310 57.9016
    endloop
  endfacet
  facet normal 1.000000e+00 0.000000e+00 0.000000e+00
    outer loop
      vertex 158.0000 136.6161 54.4601
      vertex 158.0000 141.5310 57.9016
      vertex 158.0000 140.3839 59.5399
    endloop
  endfacet
  facet normal 1.000000e+00 0.000000e+00 -0.000000e+00
    outer loop
      vertex 158.0000 136.6161 54.4601
      vertex 158.0000 140.3839 59.5399
      vertex 158.0000 135.4690 56.0984
    endloop
  endfacet
  facet normal -1.000000e+00 0.000000e+00 0.000000e+00
    outer loop
      vertex 144.0000 136.6161 54.4601
      vertex 144.0000 135.4690 56.0984
      vertex 144.0000 140.3839 59.5399
    endloop
  endfacet
  facet normal -1.000000e+00 0.000000e+00 0.000000e+00
    outer loop
      vertex 144.0000 136.6161 54.4601
      vertex 144.0000 140.3839 59.5399
      vertex 144.0000 141.5310 57.9016
    endloop
  endfacet
endsolid louver_86
solid louver_87
  facet normal 0.000000e+00 5.735764e-01 -8.191520e-01
    outer loop
      vertex 165.0000 136.6161 54.4601
      vertex 165.0000 141.5310 57.9016
      vertex 179.0000 141.5310 57.9016
    endloop
  endfacet
  facet normal 0.000000e+00 5.735764e-01 -8.191520e-01
    outer loop
      vertex 165.0000 136.6161 54.4601
      vertex 179.0000 141.5310 57.9016
      vertex 179.0000 136.6161 54.4601
    endloop
  endfacet
  facet normal 0.000000e+00 -5.735764e-01 8.191520e-01
    outer loop
      vertex 165.0000 135.4690 56.0984
      vertex 179.0000 135.4690 56.0984
      vertex 179.0000 140.3839 59.5399
    endloop
  endfacet
  facet normal 0.000000e+00 -5.735764e-01 8.191520e-01
    outer loop
      vertex 165.0000 135.4690 56.0984
      vertex 179.0000 140.3839 59.5399
      vertex 165.0000 140.3839 59.5399
    endloop
  endfacet
  facet normal 0.000000e+00 -8.191520e-01 -5.735764e-01
    outer loop
      vertex 165.0000 136.6161 54.4601
      vertex 179.0000 136.6161 54.4601
      vertex 179.0000 135.4690 56.0984
    endloop
  endfacet
  facet normal 0.000000e+00 -8.191520e-01 -5.735764e-01
    outer loop
      vertex 165.0000 136.6161 54.4601
      vertex 179.0000 135.4690 56.0984
      vertex 165.0000 135.4690 56.0984
    endloop
  endfacet
  facet normal 0.000000e+00 8.191520e-01 5.735764e-01
    outer loop
      vertex 165.0000 141.5310 57.9016
      vertex 165.0000 140.3839 59.5399
      vertex 179.0000 140.3839 59.5399
    endloop
  endfacet
  facet normal -0.000000e+00 8.191520e-01 5.735764e-01
    outer loop
      vertex 165.0000 141.5310 57.9016
      vertex 179.0000 140.3839 59.5399
      vertex 179.0000 141.5310 57.9016
    endloop
  endfacet
  facet normal 1.000000e+00 0.000000e+00 0.000000e+00
    outer loop
      vertex 179.0000 136.6161 54.4601
      vertex 179.0000 141.5310 57.9016
      vertex 179.0000 140.3839 59.5399
    endloop
  endfacet
  facet normal 1.000000e+00 0.000000e+00 -0.000000e+00
    outer loop
      vertex 179.0000 136.6161 54.4601
      vertex 179.0000 140.3839 59.5399
      vertex 179.0000 135.4690 56.0984
    endloop
  endfacet
  facet normal -1.000000e+00 0.000000e+00 0.000000e+00
    outer loop
      vertex 165.0000 136.6161 54.4601
      vertex 165.0000 135.4690 56.0984
      vertex 165.0000 140.3839 59.5399
    endloop
  endfacet
  facet normal -1.000000e+00 0.000000e+00 0.000000e+00
    outer loop
      vertex 165.0000 136.6161 54.4601
      vertex 165.0000 140.3839 59.5399
      vertex 165.0000 141.5310 57.9016
    endloop
  endfacet
endsolid louver_87
solid louver_88
  facet normal 0.000000e+00 5.735764e-01 -8.191520e-01
    outer loop
      vertex 18.0000 136.6161 62.4601
      vertex 18.0000 141.5310 65.9016
      vertex 32.0000 141.5310 65.9016
    endloop
  endfacet
  facet normal 0.000000e+00 5.735764e-01 -8.191520e-01
    outer loop
      vertex 18.0000 136.6161 62.4601
      vertex 32.0000 141.5310 65.9016
      vertex 32.0000 136.6161 62.4601
    endloop
  endfacet
  facet normal 0.000000e+00 -5.735764e-01 8.191520e-01
    outer loop
      vertex 18.0000 135.4690 64.0984
      vertex 32.0000 135.4690 64.0984
      vertex 32.0000 140.3839 67.5399
    endloop
  endfacet
  facet normal 0.000000e+00 -5.735764e-01 8.191520e-01
    outer loop
      vertex 18.0000 135.4690 64.0984
      vertex 32.0000 140.3839 67.5399
      vertex 18.0000 140.3839 67.5399
    endloop
  endfacet
  facet normal 0.000000e+00 -8.191520e-01 -5.735764e-01
    outer loop
      vertex 18.0000 136.6161 62.4601
      vertex 32.0000 136.6161 62.4601
      vertex 32.0000 135.4690 64.0984
    endloop
  endfacet
  facet normal 0.000000e+00 -8.191520e-01 -5.735764e-01
    outer loop
      vertex 18.0000 136.6161 62.4601
      vertex 32.0000 135.4690 64.0984
      vertex 18.0000 135.4690 64.0984
    endloop
  endfacet
  facet normal 0.000000e+00 8.191520e-01 5.735764e-01
    outer loop
      vertex 18.0000 141.5310 65.9016
      vertex 18.0000 140.3839 67.5399
      vertex 32.0000 140.3839 67.5399
    endloop
  endfacet
  facet normal -0.000000e+00 8.191520e-01 5.735764e-01
    outer loop
      vertex 18.0000 141.5310 65.9016
      vertex 32.0000 140.3839 67.5399
      vertex 32.0000 141.5310 65.9016
    endloop
  endfacet
  facet normal 1.000000e+00 0.000000e+00 0.000000e+00
    outer loop
      vertex 32.0000 136.6161 62.4601
      vertex 32.0000 141.5310 65.9016
      vertex 32.0000 140.3839 67.5399
    endloop
  endfacet
  facet normal 1.000000e+00 0.000000e+00 -0.000000e+00
    outer loop
      vertex 32.0000 136.6161 62.4601
      vertex 32.0000 140.3839 67.5399
      vertex 32.0000 135.4690 64.0984
    endloop
  endfacet
  facet normal -1.000000e+00 0.000000e+00 0.000000e+00
    outer loop
      vertex 18.0000 136.6161 62.4601
      vertex 18.0000 135.4690 64.0984
      vertex 18.0000 140.3839 67.5399
    endloop
  endfacet
  facet normal -1.000000e+00 0.000000e+00 0.000000e+00
    outer loop
      vertex 18.0000 136.6161 62.4601
      vertex 18.0000 140.3839 67.5399
      vertex 18.0000 141.5310 65.9016
    endloop
  endfacet
endsolid louver_88
solid louver_89
  facet normal 0.000000e+00 5.735764e-01 -8.191520e-01
    outer loop
      vertex 39.0000 136.6161 62.4601
      vertex 39.0000 141.5310 65.9016
      vertex 53.0000 141.5310 65.9016
    endloop
  endfacet
  facet normal 0.000000e+00 5.735764e-01 -8.191520e-01
    outer loop
      vertex 39.0000 136.6161 62.4601
      vertex 53.0000 141.5310 65.9016
      vertex 53.0000 136.6161 62.4601
    endloop
  endfacet
  facet normal 0.000000e+00 -5.735764e-01 8.191520e-01
    outer loop
      vertex 39.0000 135.4690 64.0984
      vertex 53.0000 135.4690 64.0984
      vertex 53.0000 140.3839 67.5399
    endloop
  endfacet
  facet normal 0.000000e+00 -5.735764e-01 8.191520e-01
    outer loop
      vertex 39.0000 135.4690 64.0984
      vertex 53.0000 140.3839 67.5399
      vertex 39.0000 140.3839 67.5399
    endloop
  endfacet
  facet normal 0.000000e+00 -8.191520e-01 -5.735764e-01
    outer loop
      vertex 39.0000 136.6161 62.4601
      vertex 53.0000 136.6161 62.4601
      vertex 53.0000 135.4690 64.0984
    endloop
  endfacet
  facet normal 0.000000e+00 -8.191520e-01 -5.735764e-01
    outer loop
      vertex 39.0000 136.6161 62.4601
      vertex 53.0000 135.4690 64.0984
      vertex 39.0000 135.4690 64.0984
    endloop
  endfacet
  facet normal 0.000000e+00 8.191520e-01 5.735764e-01
    outer loop
      vertex 39.0000 141.5310 65.9016
      vertex 39.0000 140.3839 67.5399
      vertex 53.0000 140.3839 67.5399
    endloop
  endfacet
  facet normal -0.000000e+00 8.191520e-01 5.735764e-01
    outer loop
      vertex 39.0000 141.5310 65.9016
      vertex 53.0000 140.3839 67.5399
      vertex 53.0000 141.5310 65.9016
    endloop
  endfacet
  facet normal 1.000000e+00 0.000000e+00 0.000000e+00
    outer loop
      vertex 53.0000 136.6161 62.4601
      vertex 53.0000 141.5310 65.9016
      vertex 53.0000 140.3839 67.5399
    endloop
  endfacet
  facet normal 1.000000e+00 0.000000e+00 -0.000000e+00
    outer loop
      vertex 53.0000 136.6161 62.4601
      vertex 53.0000 140.3839 67.5399
      vertex 53.0000 135.4690 64.0984
    endloop
  endfacet
  facet normal -1.000000e+00 0.000000e+00 0.000000e+00
    outer loop
      vertex 39.0000 136.6161 62.4601
      vertex 39.0000 135.4690 64.0984
      vertex 39.0000 140.3839 67.5399
    endloop
  endfacet
  facet normal -1.000000e+00 0.000000e+00 0.000000e+00
    outer loop
      vertex 39.0000 136.6161 62.4601
      vertex 39.0000 140.3839 67.5399
      vertex 39.0000 141.5310 65.9016
    endloop
  endfacet
endsolid louver_89
solid louver_90
  facet normal 0.000000e+00 5.735764e-01 -8.191520e-01
    outer loop
      vertex 60.0000 136.6161 62.4601
      vertex 60.0000 141.5310 65.9016
      vertex 74.0000 141.5310 65.9016
    endloop
  endfacet
  facet normal 0.000000e+00 5.735764e-01 -8.191520e-01
    outer loop
      vertex 60.0000 136.6161 62.4601
      vertex 74.0000 141.5310 65.9016
      vertex 74.0000 136.6161 62.4601
    endloop
  endfacet
  facet normal 0.000000e+00 -5.735764e-01 8.191520e-01
    outer loop
      vertex 60.0000 135.4690 64.0984
      vertex 74.0000 135.4690 64.0984
      vertex 74.0000 140.3839 67.5399
    endloop
  endfacet
  facet normal 0.000000e+00 -5.735764e-01 8.191520e-01
    outer loop
      vertex 60.0000 135.4690 64.0984
      vertex 74.0000 140.3839 67.5399
      vertex 60.0000 140.3839 67.5399
    endloop
  endfacet
  facet normal 0.000000e+00 -8.191520e-01 -5.735764e-01
    outer loop
      vertex 60.0000 136.6161 62.4601
      vertex 74.0000 136.6161 62.4601
      vertex 74.0000 135.4690 64.0984
    endloop
  endfacet
  facet normal 0.000000e+00 -8.191520e-01 -5.735764e-01
    outer loop
      vertex 60.0000 136.6161 62.4601
      vertex 74.0000 135.4690 64.0984
      vertex 60.0000 135.4690 64.0984
    endloop
  endfacet
  facet normal 0.000000e+00 8.191520e-01 5.735764e-01
    outer loop
      vertex 60.0000 141.5310 65.9016
      vertex 60.0000 140.3839 67.5399
      vertex 74.0000 140.3839 67.5399
    endloop
  endfacet
  facet normal -0.000000e+00 8.191520e-01 5.735764e-01
    outer loop
      vertex 60.0000 141.5310 65.9016
      vertex 74.0000 140.3839 67.5399
      vertex 74.0000 141.5310 65.9016
    endloop
  endfacet
  facet normal 1.000000e+00 0.000000e+00 0.000000e+00
    outer loop
      vertex 74.0000 136.6161 62.4601
      vertex 74.0000 141.5310 65.9016
      vertex 74.0000 140.3839 67.5399
    endloop
  endfacet
  facet normal 1.000000e+00 0.000000e+00 -0.000000e+00
    outer loop
      vertex 74.0000 136.6161 62.4601
      vertex 74.0000 140.3839 67.5399
      vertex 74.0000 135.4690 64.0984
    endloop
  endfacet
  facet normal -1.000000e+00 0.000000e+00 0.000000e+00
    outer loop
      vertex 60.0000 136.6161 62.4601
      vertex 60.0000 135.4690 64.0984
      vertex 60.0000 140.3839 67.5399
    endloop
  endfacet
  facet normal -1.000000e+00 0.000000e+00 0.000000e+00
    outer loop
      vertex 60.0000 136.6161 62.4601
      vertex 60.0000 140.3839 67.5399
      vertex 60.0000 141.5310 65.9016
    endloop
  endfacet
endsolid louver_90
solid louver_91
  facet normal 0.000000e+00 5.735764e-01 -8.191520e-01
    outer loop
      vertex 81.0000 136.6161 62.4601
      vertex 81.0000 141.5310 65.9016
      vertex 95.0000 141.5310 65.9016
    endloop
  endfacet
  facet normal 0.000000e+00 5.735764e-01 -8.191520e-01
    outer loop
      vertex 81.0000 136.6161 62.4601
      vertex 95.0000 141.5310 65.9016
      vertex 95.0000 136.6161 62.4601
    endloop
  endfacet
  facet normal 0.000000e+00 -5.735764e-01 8.191520e-01
    outer loop
      vertex 81.0000 135.4690 64.0984
      vertex 95.0000 135.4690 64.0984
      vertex 95.0000 140.3839 67.5399
    endloop
  endfacet
  facet normal 0.000000e+00 -5.735764e-01 8.191520e-01
    outer loop
      vertex 81.0000 135.4690 64.0984
      vertex 95.0000 140.3839 67.5399
      vertex 81.0000 140.3839 67.5399
    endloop
  endfacet
  facet normal 0.000000e+00 -8.191520e-01 -5.735764e-01
    outer loop
      vertex 81.0000 136.6161 62.4601
      vertex 95.0000 136.6161 62.4601
      vertex 95.0000 135.4690 64.0984
    endloop
  endfacet
  facet normal 0.000000e+00 -8.191520e-01 -5.735764e-01
    outer loop
      vertex 81.0000 136.6161 62.4601
      vertex 95.0000 135.4690 64.0984
      vertex 81.0000 135.4690 64.0984
    endloop
  endfacet
  facet normal 0.000000e+00 8.191520e-01 5.735764e-01
    outer loop
      vertex 81.0000 141.5310 65.9016
      vertex 81.0000 140.3839 67.5399
      vertex 95.0000 140.3839 67.5399
    endloop
  endfacet
  facet normal -0.000000e+00 8.191520e-01 5.735764e-01
    outer loop
      vertex 81.0000 141.5310 65.9016
      vertex 95.0000 140.3839 67.5399
      vertex 95.0000 141.5310 65.9016
    endloop
  endfacet
  facet normal 1.000000e+00 0.000000e+00 0.000000e+00
    outer loop
      vertex 95.0000 136.6161 62.4601
      vertex 95.0000 141.5310 65.9016
      vertex 95.0000 140.3839 67.5399
    endloop
  endfacet
  facet normal 1.000000e+00 0.000000e+00 -0.000000e+00
    outer loop
      vertex 95.0000 136.6161 62.4601
      vertex 95.0000 140.3839 67.5399
      vertex 95.0000 135.4690 64.0984
    endloop
  endfacet
  facet normal -1.000000e+00 0.000000e+00 0.000000e+00
    outer loop
      vertex 81.0000 136.6161 62.4601
      vertex 81.0000 135.4690 64.0984
      vertex 81.0000 140.3839 67.5399
    endloop
  endfacet
  facet normal -1.000000e+00 0.000000e+00 0.000000e+00
    outer loop
      vertex 81.0000 136.6161 62.4601
      vertex 81.0000 140.3839 67.5399
      vertex 81.0000 141.5310 65.9016
    endloop
  endfacet
endsolid louver_91
solid louver_92
  facet normal 0.000000e+00 5.735764e-01 -8.191520e-01
    outer loop
      vertex 102.0000 136.6161 62.4601
      vertex 102.0000 141.5310 65.9016
      vertex 116.0000 141.5310 65.9016
    endloop
  endfacet
  facet normal 0.000000e+00 5.735764e-01 -8.191520e-01
    outer loop
      vertex 102.0000 136.6161 62.4601
      vertex 116.0000 141.5310 65.9016
      vertex 116.0000 136.6161 62.4601
    endloop
  endfacet
  facet normal 0.000000e+00 -5.735764e-01 8.191520e-01
    outer loop
      vertex 102.0000 135.4690 64.0984
      vertex 116.0000 135.4690 64.0984
      vertex 116.0000 140.3839 67.5399
    endloop
  endfacet
  facet normal 0.000000e+00 -5.735764e-01 8.191520e-01
    outer loop
      vertex 102.0000 135.4690 64.0984
      vertex 116.0000 140.3839 67.5399
      vertex 102.0000 140.3839 67.5399
    endloop
  endfacet
  facet normal 0.000000e+00 -8.191520e-01 -5.735764e-01
    outer loop
      vertex 102.0000 136.6161 62.4601
      vertex 116.0000 136.6161 62.4601
      vertex 116.0000 135.4690 64.0984
    endloop
  endfacet
  facet normal 0.000000e+00 -8.191520e-01 -5.735764e-01
    outer loop
      vertex 102.0000 136.6161 62.4601
      vertex 116.0000 135.4690 64.0984
      vertex 102.0000 135.4690 64.0984
    endloop
  endfacet
  facet normal 0.000000e+00 8.191520e-01 5.735764e-01
    outer loop
      vertex 102.0000 141.5310 65.9016
      vertex 102.0000 140.3839 67.5399
      vertex 116.0000 140.3839 67.5399
    endloop
  endfacet
  facet normal -0.000000e+00 8.191520e-01 5.735764e-01
    outer loop
      vertex 102.0000 141.5310 65.9016
      vertex 116.0000 140.3839 67.5399
      vertex 116.0000 141.5310 65.9016
    endloop
  endfacet
  facet normal 1.000000e+00 0.000000e+00 0.000000e+00
    outer loop
      vertex 116.0000 136.6161 62.4601
      vertex 116.0000 141.5310 65.9016
      vertex 116.0000 140.3839 67.5399
    endloop
  endfacet
  facet normal 1.000000e+00 0.000000e+00 -0.000000e+00
    outer loop
      vertex 116.0000 136.6161 62.4601
      vertex 116.0000 140.3839 67.5399
      vertex 116.0000 135.4690 64.0984
    endloop
  endfacet
  facet normal -1.000000e+00 0.000000e+00 0.000000e+00
    outer loop
      vertex 102.0000 136.6161 62.4601
      vertex 102.0000 135.4690 64.0984
      vertex 102.0000 140.3839 67.5399
    endloop
  endfacet
  facet normal -1.000000e+00 0.000000e+00 0.000000e+00
    outer loop
      vertex 102.0000 136.6161 62.4601
      vertex 102.0000 140.3839 67.5399
      vertex 102.0000 141.5310 65.9016
    endloop
  endfacet
endsolid louver_92
solid louver_93
  facet normal 0.000000e+00 5.735764e-01 -8.191520e-01
    outer loop
      vertex 123.0000 136.6161 62.4601
      vertex 123.0000 141.5310 65.9016
      vertex 137.0000 141.5310 65.9016
    endloop
  endfacet
  facet normal 0.000000e+00 5.735764e-01 -8.191520e-01
    outer loop
      vertex 123.0000 136.6161 62.4601
      vertex 137.0000 141.5310 65.9016
      vertex 137.0000 136.6161 62.4601
    endloop
  endfacet
  facet normal 0.000000e+00 -5.735764e-01 8.191520e-01
    outer loop
      vertex 123.0000 135.4690 64.0984
      vertex 137.0000 135.4690 64.0984
      vertex 137.0000 140.3839 67.5399
    endloop
  endfacet
  facet normal 0.000000e+00 -5.735764e-01 8.191520e-01
    outer loop
      vertex 123.0000 135.4690 64.0984
      vertex 137.0000 140.3839 67.5399
      vertex 123.0000 140.3839 67.5399
    endloop
  endfacet
  facet normal 0.000000e+00 -8.191520e-01 -5.735764e-01
    outer loop
      vertex 123.0000 136.6161 62.4601
      vertex 137.0000 136.6161 62.4601
      vertex 137.0000 135.4690 64.0984
    endloop
  endfacet
  facet normal 0.000000e+00 -8.191520e-01 -5.735764e-01
    outer loop
      vertex 123.0000 136.6161 62.4601
      vertex 137.0000 135.4690 64.0984
      vertex 123.0000 135.4690 64.0984
    endloop
  endfacet
  facet normal 0.000000e+00 8.191520e-01 5.735764e-01
    outer loop
      vertex 123.0000 141.5310 65.9016
      vertex 123.0000 140.3839 67.5399
      vertex 137.0000 140.3839 67.5399
    endloop
  endfacet
  facet normal -0.000000e+00 8.191520e-01 5.735764e-01
    outer loop
      vertex 123.0000 141.5310 65.9016
      vertex 137.0000 140.3839 67.5399
      vertex 137.0000 141.5310 65.9016
    endloop
  endfacet
  facet normal 1.000000e+00 0.000000e+00 0.000000e+00
    outer loop
      vertex 137.0000 136.6161 62.4601
      vertex 137.0000 141.5310 65.9016
      vertex 137.0000 140.3839 67.5399
    endloop
  endfacet
  facet normal 1.000000e+00 0.000000e+00 -0.000000e+00
    outer loop
      vertex 137.0000 136.6161 62.4601
      vertex 137.0000 140.3839 67.5399
      vertex 137.0000 135.4690 64.0984
    endloop
  endfacet
  facet normal -1.000000e+00 0.000000e+00 0.000000e+00
    outer loop
      vertex 123.0000 136.6161 62.4601
      vertex 123.0000 135.4690 64.0984
      vertex 123.0000 140.3839 67.5399
    endloop
  endfacet
  facet normal -1.000000e+00 0.000000e+00 0.000000e+00
    outer loop
      vertex 123.0000 136.6161 62.4601
      vertex 123.0000 140.3839 67.5399
      vertex 123.0000 141.5310 65.9016
    endloop
  endfacet
endsolid louver_93
solid louver_94
  facet normal 0.000000e+00 5.735764e-01 -8.191520e-01
    outer loop
      vertex 144.0000 136.6161 62.4601
      vertex 144.0000 141.5310 65.9016
      vertex 158.0000 141.5310 65.9016
    endloop
  endfacet
  facet normal 0.000000e+00 5.735764e-01 -8.191520e-01
    outer loop
      vertex 144.0000 136.6161 62.4601
      vertex 158.0000 141.5310 65.9016
      vertex 158.0000 136.6161 62.4601
    endloop
  endfacet
  facet normal 0.000000e+00 -5.735764e-01 8.191520e-01
    outer loop
      vertex 144.0000 135.4690 64.0984
      vertex 158.0000 135.4690 64.0984
      vertex 158.0000 140.3839 67.5399
    endloop
  endfacet
  facet normal 0.000000e+00 -5.735764e-01 8.191520e-01
    outer loop
      vertex 144.0000 135.4690 64.0984
      vertex 158.0000 140.3839 67.5399
      vertex 144.0000 140.3839 67.5399
    endloop
  endfacet
  facet normal 0.000000e+00 -8.191520e-01 -5.735764e-01
    outer loop
      vertex 144.0000 136.6161 62.4601
      vertex 158.0000 136.6161 62.4601
      vertex 158.0000 135.4690 64.0984
    endloop
  endfacet
  facet normal 0.000000e+00 -8.191520e-01 -5.735764e-01
    outer loop
      vertex 144.0000 136.6161 62.4601
      vertex 158.0000 135.4690 64.0984
      vertex 144.0000 135.4690 64.0984
    endloop
  endfacet
  facet normal 0.000000e+00 8.191520e-01 5.735764e-01
    outer loop
      vertex 144.0000 141.5310 65.9016
      vertex 144.0000 140.3839 67.5399
      vertex 158.0000 140.3839 67.5399
    endloop
  endfacet
  facet normal -0.000000e+00 8.191520e-01 5.735764e-01
    outer loop
      vertex 144.0000 141.5310 65.9016
      vertex 158.0000 140.3839 67.5399
      vertex 158.0000 141.5310 65.9016
    endloop
  endfacet
  facet normal 1.000000e+00 0.000000e+00 0.000000e+00
    outer loop
      vertex 158.0000 136.6161 62.4601
      vertex 158.0000 141.5310 65.9016
      vertex 158.0000 140.3839 67.5399
    endloop
  endfacet
  facet normal 1.000000e+00 0.000000e+00 -0.000000e+00
    outer loop
      vertex 158.0000 136.6161 62.4601
      vertex 158.0000 140.3839 67.5399
      vertex 158.0000 135.4690 64.0984
    endloop
  endfacet
  facet normal -1.000000e+00 0.000000e+00 0.000000e+00
    outer loop
      vertex 144.0000 136.6161 62.4601
      vertex 144.0000 135.4690 64.0984
      vertex 144.0000 140.3839 67.5399
    endloop
  endfacet
  facet normal -1.000000e+00 0.000000e+00 0.000000e+00
    outer loop
      vertex 144.0000 136.6161 62.4601
      vertex 144.0000 140.3839 67.5399
      vertex 144.0000 141.5310 65.9016
    endloop
  endfacet
endsolid louver_94
solid louver_95
  facet normal 0.000000e+00 5.735764e-01 -8.191520e-01
    outer loop
      vertex 165.0000 136.6161 62.4601
      vertex 165.0000 141.5310 65.9016
      vertex 179.0000 141.5310 65.9016
    endloop
  endfacet
  facet normal 0.000000e+00 5.735764e-01 -8.191520e-01
    outer loop
      vertex 165.0000 136.6161 62.4601
      vertex 179.0000 141.5310 65.9016
      vertex 179.0000 136.6161 62.4601
    endloop
  endfacet
  facet normal 0.000000e+00 -5.735764e-01 8.191520e-01
    outer loop
      vertex 165.0000 135.4690 64.0984
      vertex 179.0000 135.4690 64.0984
      vertex 179.0000 140.3839 67.5399
    endloop
  endfacet
  facet normal 0.000000e+00 -5.735764e-01 8.191520e-01
    outer loop
      vertex 165.0000 135.4690 64.0984
      vertex 179.0000 140.3839 67.5399
      vertex 165.0000 140.3839 67.5399
    endloop
  endfacet
  facet normal 0.000000e+00 -8.191520e-01 -5.735764e-01
    outer loop
      vertex 165.0000 136.6161 62.4601
      vertex 179.0000 136.6161 62.4601
      vertex 179.0000 135.4690 64.0984
    endloop
  endfacet
  facet normal 0.000000e+00 -8.191520e-01 -5.735764e-01
    outer loop
      vertex 165.0000 136.6161 62.4601
      vertex 179.0000 135.4690 64.0984
      vertex 165.0000 135.4690 64.0984
    endloop
  endfacet
  facet normal 0.000000e+00 8.191520e-01 5.735764e-01
    outer loop
      vertex 165.0000 141.5310 65.9016
      vertex 165.0000 140.3839 67.5399
      vertex 179.0000 140.3839 67.5399
    endloop
  endfacet
  facet normal -0.000000e+00 8.191520e-01 5.735764e-01
    outer loop
      vertex 165.0000 141.5310 65.9016
      vertex 179.0000 140.3839 67.5399
      vertex 179.0000 141.5310 65.9016
    endloop
  endfacet
  facet normal 1.000000e+00 0.000000e+00 0.000000e+00
    outer loop
      vertex 179.0000 136.6161 62.4601
      vertex 179.0000 141.5310 65.9016
      vertex 179.0000 140.3839 67.5399
    endloop
  endfacet
  facet normal 1.000000e+00 0.000000e+00 -0.000000e+00
    outer loop
      vertex 179.0000 136.6161 62.4601
      vertex 179.0000 140.3839 67.5399
      vertex 179.0000 135.4690 64.0984
    endloop
  endfacet
  facet normal -1.000000e+00 0.000000e+00 0.000000e+00
    outer loop
      vertex 165.0000 136.6161 62.4601
      vertex 165.0000 135.4690 64.0984
      vertex 165.0000 140.3839 67.5399
    endloop
  endfacet
  facet normal -1.000000e+00 0.000000e+00 0.000000e+00
    outer loop
      vertex 165.0000 136.6161 62.4601
      vertex 165.0000 140.3839 67.5399
      vertex 165.0000 141.5310 65.9016
    endloop
  endfacet
endsolid louver_95
